-5,-8,RfdemEnrMOWyJ1K2CMoI50C7UsM=,OeHv502hITsmWHtUDUGlRc+dVWI=
-5,-7,RfdemEnrMOWyJ1K2CMoI50C7UsM=,OeHv502hITsmWHtUDUGlRc+dVWI=
-11,-7,RfdemEnrMOWyJ1K2CMoI50C7UsM=,pl+m3oZ7X2XvYPId7DAI9ozft7Q=
-10,-7,RfdemEnrMOWyJ1K2CMoI50C7UsM=,pl+m3oZ7X2XvYPId7DAI9ozft7Q=
-6,-8,RfdemEnrMOWyJ1K2CMoI50C7UsM=,OeHv502hITsmWHtUDUGlRc+dVWI=
-12,-7,RfdemEnrMOWyJ1K2CMoI50C7UsM=,pl+m3oZ7X2XvYPId7DAI9ozft7Q=
-11,-6,RfdemEnrMOWyJ1K2CMoI50C7UsM=,pl+m3oZ7X2XvYPId7DAI9ozft7Q=
-12,-8,RfdemEnrMOWyJ1K2CMoI50C7UsM=,pl+m3oZ7X2XvYPId7DAI9ozft7Q=
-12,-6,RfdemEnrMOWyJ1K2CMoI50C7UsM=,pl+m3oZ7X2XvYPId7DAI9ozft7Q=
-10,-6,RfdemEnrMOWyJ1K2CMoI50C7UsM=,pl+m3oZ7X2XvYPId7DAI9ozft7Q=
-7,-8,RfdemEnrMOWyJ1K2CMoI50C7UsM=,OeHv502hITsmWHtUDUGlRc+dVWI=
-9,-1,RfdemEnrMOWyJ1K2CMoI50C7UsM=,pl+m3oZ7X2XvYPId7DAI9ozft7Q=
-1,-16,RfdemEnrMOWyJ1K2CMoI50C7UsM=,cp5hpSSbON1y9Z8TOoBuGJNoEWc=
-1,-11,RfdemEnrMOWyJ1K2CMoI50C7UsM=,cp5hpSSbON1y9Z8TOoBuGJNoEWc=
-6,-7,RfdemEnrMOWyJ1K2CMoI50C7UsM=,OeHv502hITsmWHtUDUGlRc+dVWI=
-10,-1,RfdemEnrMOWyJ1K2CMoI50C7UsM=,pl+m3oZ7X2XvYPId7DAI9ozft7Q=
-4,-15,RfdemEnrMOWyJ1K2CMoI50C7UsM=,cp5hpSSbON1y9Z8TOoBuGJNoEWc=
-12,-5,RfdemEnrMOWyJ1K2CMoI50C7UsM=,pl+m3oZ7X2XvYPId7DAI9ozft7Q=
-11,-8,RfdemEnrMOWyJ1K2CMoI50C7UsM=,pl+m3oZ7X2XvYPId7DAI9ozft7Q=
-3,-14,RfdemEnrMOWyJ1K2CMoI50C7UsM=,cp5hpSSbON1y9Z8TOoBuGJNoEWc=
-3,-15,RfdemEnrMOWyJ1K2CMoI50C7UsM=,cp5hpSSbON1y9Z8TOoBuGJNoEWc=
-16,-2,RfdemEnrMOWyJ1K2CMoI50C7UsM=,pl+m3oZ7X2XvYPId7DAI9ozft7Q=
-10,-8,RfdemEnrMOWyJ1K2CMoI50C7UsM=,pl+m3oZ7X2XvYPId7DAI9ozft7Q=
-2,-16,RfdemEnrMOWyJ1K2CMoI50C7UsM=,cp5hpSSbON1y9Z8TOoBuGJNoEWc=
-5,-6,RfdemEnrMOWyJ1K2CMoI50C7UsM=,OeHv502hITsmWHtUDUGlRc+dVWI=
-2,-15,RfdemEnrMOWyJ1K2CMoI50C7UsM=,cp5hpSSbON1y9Z8TOoBuGJNoEWc=
-11,-1,RfdemEnrMOWyJ1K2CMoI50C7UsM=,pl+m3oZ7X2XvYPId7DAI9ozft7Q=
-4,-14,RfdemEnrMOWyJ1K2CMoI50C7UsM=,cp5hpSSbON1y9Z8TOoBuGJNoEWc=
-11,-5,RfdemEnrMOWyJ1K2CMoI50C7UsM=,pl+m3oZ7X2XvYPId7DAI9ozft7Q=
-16,-8,RfdemEnrMOWyJ1K2CMoI50C7UsM=,pl+m3oZ7X2XvYPId7DAI9ozft7Q=
-2,-14,RfdemEnrMOWyJ1K2CMoI50C7UsM=,cp5hpSSbON1y9Z8TOoBuGJNoEWc=
-2,-13,RfdemEnrMOWyJ1K2CMoI50C7UsM=,cp5hpSSbON1y9Z8TOoBuGJNoEWc=
-9,-8,RfdemEnrMOWyJ1K2CMoI50C7UsM=,pl+m3oZ7X2XvYPId7DAI9ozft7Q=
-3,-16,RfdemEnrMOWyJ1K2CMoI50C7UsM=,cp5hpSSbON1y9Z8TOoBuGJNoEWc=
-4,-13,z8mpUOL3WwmQUeenD1N3G4w6zPM=,cp5hpSSbON1y9Z8TOoBuGJNoEWc=
-3,-13,z8mpUOL3WwmQUeenD1N3G4w6zPM=,cp5hpSSbON1y9Z8TOoBuGJNoEWc=
-16,-3,z8mpUOL3WwmQUeenD1N3G4w6zPM=,pl+m3oZ7X2XvYPId7DAI9ozft7Q=
-1,-9,z8mpUOL3WwmQUeenD1N3G4w6zPM=,cp5hpSSbON1y9Z8TOoBuGJNoEWc=
-6,-6,z8mpUOL3WwmQUeenD1N3G4w6zPM=,OeHv502hITsmWHtUDUGlRc+dVWI=
-5,-5,z8mpUOL3WwmQUeenD1N3G4w6zPM=,OeHv502hITsmWHtUDUGlRc+dVWI=
-7,-7,z8mpUOL3WwmQUeenD1N3G4w6zPM=,OeHv502hITsmWHtUDUGlRc+dVWI=
-6,-5,z8mpUOL3WwmQUeenD1N3G4w6zPM=,OeHv502hITsmWHtUDUGlRc+dVWI=
-9,-5,z8mpUOL3WwmQUeenD1N3G4w6zPM=,pl+m3oZ7X2XvYPId7DAI9ozft7Q=
-4,-16,z8mpUOL3WwmQUeenD1N3G4w6zPM=,cp5hpSSbON1y9Z8TOoBuGJNoEWc=
-16,-5,z8mpUOL3WwmQUeenD1N3G4w6zPM=,pl+m3oZ7X2XvYPId7DAI9ozft7Q=
-8,-7,z8mpUOL3WwmQUeenD1N3G4w6zPM=,OeHv502hITsmWHtUDUGlRc+dVWI=
-16,-4,z8mpUOL3WwmQUeenD1N3G4w6zPM=,pl+m3oZ7X2XvYPId7DAI9ozft7Q=
-7,-6,z8mpUOL3WwmQUeenD1N3G4w6zPM=,OeHv502hITsmWHtUDUGlRc+dVWI=
-7,-5,z8mpUOL3WwmQUeenD1N3G4w6zPM=,OeHv502hITsmWHtUDUGlRc+dVWI=
-8,-6,z8mpUOL3WwmQUeenD1N3G4w6zPM=,OeHv502hITsmWHtUDUGlRc+dVWI=
-9,-6,z8mpUOL3WwmQUeenD1N3G4w6zPM=,pl+m3oZ7X2XvYPId7DAI9ozft7Q=
-1,-12,z8mpUOL3WwmQUeenD1N3G4w6zPM=,cp5hpSSbON1y9Z8TOoBuGJNoEWc=
-8,-5,z8mpUOL3WwmQUeenD1N3G4w6zPM=,OeHv502hITsmWHtUDUGlRc+dVWI=
-13,-1,z8mpUOL3WwmQUeenD1N3G4w6zPM=,pl+m3oZ7X2XvYPId7DAI9ozft7Q=
-14,-1,z8mpUOL3WwmQUeenD1N3G4w6zPM=,pl+m3oZ7X2XvYPId7DAI9ozft7Q=
-15,-1,z8mpUOL3WwmQUeenD1N3G4w6zPM=,pl+m3oZ7X2XvYPId7DAI9ozft7Q=
-9,-7,z8mpUOL3WwmQUeenD1N3G4w6zPM=,pl+m3oZ7X2XvYPId7DAI9ozft7Q=
-12,-1,sSlf0uLokywfAX4EOMQHMX0TlnE=,pl+m3oZ7X2XvYPId7DAI9ozft7Q=
-8,-8,sSlf0uLokywfAX4EOMQHMX0TlnE=,OeHv502hITsmWHtUDUGlRc+dVWI=
-1,-13,sSlf0uLokywfAX4EOMQHMX0TlnE=,cp5hpSSbON1y9Z8TOoBuGJNoEWc=
-9,-9,sSlf0uLokywfAX4EOMQHMX0TlnE=,kbWLaa0qHmqnW6Eu7yhpWrulwpE=
-9,-2,sSlf0uLokywfAX4EOMQHMX0TlnE=,pl+m3oZ7X2XvYPId7DAI9ozft7Q=
-13,-2,sSlf0uLokywfAX4EOMQHMX0TlnE=,pl+m3oZ7X2XvYPId7DAI9ozft7Q=
-10,-5,sSlf0uLokywfAX4EOMQHMX0TlnE=,pl+m3oZ7X2XvYPId7DAI9ozft7Q=
-16,-6,sSlf0uLokywfAX4EOMQHMX0TlnE=,pl+m3oZ7X2XvYPId7DAI9ozft7Q=
-12,-9,sSlf0uLokywfAX4EOMQHMX0TlnE=,kbWLaa0qHmqnW6Eu7yhpWrulwpE=
-9,-4,sSlf0uLokywfAX4EOMQHMX0TlnE=,pl+m3oZ7X2XvYPId7DAI9ozft7Q=
-10,-9,sSlf0uLokywfAX4EOMQHMX0TlnE=,kbWLaa0qHmqnW6Eu7yhpWrulwpE=
-8,-11,sSlf0uLokywfAX4EOMQHMX0TlnE=,cp5hpSSbON1y9Z8TOoBuGJNoEWc=
-9,-3,sSlf0uLokywfAX4EOMQHMX0TlnE=,pl+m3oZ7X2XvYPId7DAI9ozft7Q=
-11,-9,sSlf0uLokywfAX4EOMQHMX0TlnE=,kbWLaa0qHmqnW6Eu7yhpWrulwpE=
-10,-2,sSlf0uLokywfAX4EOMQHMX0TlnE=,pl+m3oZ7X2XvYPId7DAI9ozft7Q=
-1,-10,sSlf0uLokywfAX4EOMQHMX0TlnE=,cp5hpSSbON1y9Z8TOoBuGJNoEWc=
-8,-12,sSlf0uLokywfAX4EOMQHMX0TlnE=,cp5hpSSbON1y9Z8TOoBuGJNoEWc=
-10,-4,sSlf0uLokywfAX4EOMQHMX0TlnE=,pl+m3oZ7X2XvYPId7DAI9ozft7Q=
-11,-2,sSlf0uLokywfAX4EOMQHMX0TlnE=,pl+m3oZ7X2XvYPId7DAI9ozft7Q=
-12,-3,sSlf0uLokywfAX4EOMQHMX0TlnE=,pl+m3oZ7X2XvYPId7DAI9ozft7Q=
-9,-15,sSlf0uLokywfAX4EOMQHMX0TlnE=,kbWLaa0qHmqnW6Eu7yhpWrulwpE=
-10,-3,sSlf0uLokywfAX4EOMQHMX0TlnE=,pl+m3oZ7X2XvYPId7DAI9ozft7Q=
-12,-4,sSlf0uLokywfAX4EOMQHMX0TlnE=,pl+m3oZ7X2XvYPId7DAI9ozft7Q=
-11,-4,sSlf0uLokywfAX4EOMQHMX0TlnE=,pl+m3oZ7X2XvYPId7DAI9ozft7Q=
-11,-3,sSlf0uLokywfAX4EOMQHMX0TlnE=,pl+m3oZ7X2XvYPId7DAI9ozft7Q=
-16,-7,sSlf0uLokywfAX4EOMQHMX0TlnE=,pl+m3oZ7X2XvYPId7DAI9ozft7Q=
-12,-2,sSlf0uLokywfAX4EOMQHMX0TlnE=,pl+m3oZ7X2XvYPId7DAI9ozft7Q=
-2,-9,sSlf0uLokywfAX4EOMQHMX0TlnE=,cp5hpSSbON1y9Z8TOoBuGJNoEWc=
-13,-9,sSlf0uLokywfAX4EOMQHMX0TlnE=,kbWLaa0qHmqnW6Eu7yhpWrulwpE=
-5,-2,sSlf0uLokywfAX4EOMQHMX0TlnE=,OeHv502hITsmWHtUDUGlRc+dVWI=
-6,-1,sSlf0uLokywfAX4EOMQHMX0TlnE=,OeHv502hITsmWHtUDUGlRc+dVWI=
-7,-1,sSlf0uLokywfAX4EOMQHMX0TlnE=,OeHv502hITsmWHtUDUGlRc+dVWI=
-5,-3,sSlf0uLokywfAX4EOMQHMX0TlnE=,OeHv502hITsmWHtUDUGlRc+dVWI=
-5,-1,sSlf0uLokywfAX4EOMQHMX0TlnE=,OeHv502hITsmWHtUDUGlRc+dVWI=
-8,-13,sSlf0uLokywfAX4EOMQHMX0TlnE=,cp5hpSSbON1y9Z8TOoBuGJNoEWc=
-14,-2,sSlf0uLokywfAX4EOMQHMX0TlnE=,pl+m3oZ7X2XvYPId7DAI9ozft7Q=
-1,-14,sSlf0uLokywfAX4EOMQHMX0TlnE=,cp5hpSSbON1y9Z8TOoBuGJNoEWc=
-15,-2,sSlf0uLokywfAX4EOMQHMX0TlnE=,pl+m3oZ7X2XvYPId7DAI9ozft7Q=
-8,-1,sSlf0uLokywfAX4EOMQHMX0TlnE=,OeHv502hITsmWHtUDUGlRc+dVWI=
-6,-3,sSlf0uLokywfAX4EOMQHMX0TlnE=,OeHv502hITsmWHtUDUGlRc+dVWI=
-3,-9,sSlf0uLokywfAX4EOMQHMX0TlnE=,cp5hpSSbON1y9Z8TOoBuGJNoEWc=
-15,-8,sSlf0uLokywfAX4EOMQHMX0TlnE=,pl+m3oZ7X2XvYPId7DAI9ozft7Q=
-16,-1,sSlf0uLokywfAX4EOMQHMX0TlnE=,pl+m3oZ7X2XvYPId7DAI9ozft7Q=
-1,-15,sSlf0uLokywfAX4EOMQHMX0TlnE=,cp5hpSSbON1y9Z8TOoBuGJNoEWc=
-15,-3,sSlf0uLokywfAX4EOMQHMX0TlnE=,pl+m3oZ7X2XvYPId7DAI9ozft7Q=
-14,-3,sSlf0uLokywfAX4EOMQHMX0TlnE=,pl+m3oZ7X2XvYPId7DAI9ozft7Q=
-13,-3,sSlf0uLokywfAX4EOMQHMX0TlnE=,pl+m3oZ7X2XvYPId7DAI9ozft7Q=
-8,-9,sSlf0uLokywfAX4EOMQHMX0TlnE=,cp5hpSSbON1y9Z8TOoBuGJNoEWc=
-7,-4,sSlf0uLokywfAX4EOMQHMX0TlnE=,OeHv502hITsmWHtUDUGlRc+dVWI=
-14,-4,sSlf0uLokywfAX4EOMQHMX0TlnE=,pl+m3oZ7X2XvYPId7DAI9ozft7Q=
-1,-3,sSlf0uLokywfAX4EOMQHMX0TlnE=,OeHv502hITsmWHtUDUGlRc+dVWI=
-16,-16,sKzKr3yv7L6o2gpH2t+LDiJSFEg=,kbWLaa0qHmqnW6Eu7yhpWrulwpE=
-5,-10,sKzKr3yv7L6o2gpH2t+LDiJSFEg=,cp5hpSSbON1y9Z8TOoBuGJNoEWc=
-13,-4,sKzKr3yv7L6o2gpH2t+LDiJSFEg=,pl+m3oZ7X2XvYPId7DAI9ozft7Q=
-7,-15,sKzKr3yv7L6o2gpH2t+LDiJSFEg=,cp5hpSSbON1y9Z8TOoBuGJNoEWc=
-4,-3,sKzKr3yv7L6o2gpH2t+LDiJSFEg=,OeHv502hITsmWHtUDUGlRc+dVWI=
-15,-4,sKzKr3yv7L6o2gpH2t+LDiJSFEg=,pl+m3oZ7X2XvYPId7DAI9ozft7Q=
-7,-3,sKzKr3yv7L6o2gpH2t+LDiJSFEg=,OeHv502hITsmWHtUDUGlRc+dVWI=
-6,-10,sKzKr3yv7L6o2gpH2t+LDiJSFEg=,cp5hpSSbON1y9Z8TOoBuGJNoEWc=
-10,-15,sKzKr3yv7L6o2gpH2t+LDiJSFEg=,kbWLaa0qHmqnW6Eu7yhpWrulwpE=
-8,-14,sKzKr3yv7L6o2gpH2t+LDiJSFEg=,cp5hpSSbON1y9Z8TOoBuGJNoEWc=
-1,-5,sKzKr3yv7L6o2gpH2t+LDiJSFEg=,OeHv502hITsmWHtUDUGlRc+dVWI=
-7,-10,sKzKr3yv7L6o2gpH2t+LDiJSFEg=,cp5hpSSbON1y9Z8TOoBuGJNoEWc=
-1,-7,sKzKr3yv7L6o2gpH2t+LDiJSFEg=,OeHv502hITsmWHtUDUGlRc+dVWI=
-14,-8,sKzKr3yv7L6o2gpH2t+LDiJSFEg=,pl+m3oZ7X2XvYPId7DAI9ozft7Q=
-4,-9,sKzKr3yv7L6o2gpH2t+LDiJSFEg=,cp5hpSSbON1y9Z8TOoBuGJNoEWc=
-1,-2,sKzKr3yv7L6o2gpH2t+LDiJSFEg=,OeHv502hITsmWHtUDUGlRc+dVWI=
-8,-3,sKzKr3yv7L6o2gpH2t+LDiJSFEg=,OeHv502hITsmWHtUDUGlRc+dVWI=
-2,-1,sKzKr3yv7L6o2gpH2t+LDiJSFEg=,OeHv502hITsmWHtUDUGlRc+dVWI=
-1,-4,sKzKr3yv7L6o2gpH2t+LDiJSFEg=,OeHv502hITsmWHtUDUGlRc+dVWI=
-1,-1,sKzKr3yv7L6o2gpH2t+LDiJSFEg=,OeHv502hITsmWHtUDUGlRc+dVWI=
-3,-1,sKzKr3yv7L6o2gpH2t+LDiJSFEg=,OeHv502hITsmWHtUDUGlRc+dVWI=
-8,-15,sKzKr3yv7L6o2gpH2t+LDiJSFEg=,cp5hpSSbON1y9Z8TOoBuGJNoEWc=
-4,-1,sKzKr3yv7L6o2gpH2t+LDiJSFEg=,OeHv502hITsmWHtUDUGlRc+dVWI=
-1,-6,sKzKr3yv7L6o2gpH2t+LDiJSFEg=,OeHv502hITsmWHtUDUGlRc+dVWI=
-8,-4,sKzKr3yv7L6o2gpH2t+LDiJSFEg=,OeHv502hITsmWHtUDUGlRc+dVWI=
-1,-8,sKzKr3yv7L6o2gpH2t+LDiJSFEg=,OeHv502hITsmWHtUDUGlRc+dVWI=
-11,-15,sKzKr3yv7L6o2gpH2t+LDiJSFEg=,kbWLaa0qHmqnW6Eu7yhpWrulwpE=
-2,-4,sKzKr3yv7L6o2gpH2t+LDiJSFEg=,OeHv502hITsmWHtUDUGlRc+dVWI=
-3,-8,sKzKr3yv7L6o2gpH2t+LDiJSFEg=,OeHv502hITsmWHtUDUGlRc+dVWI=
-5,-4,sKzKr3yv7L6o2gpH2t+LDiJSFEg=,OeHv502hITsmWHtUDUGlRc+dVWI=
-4,-4,sKzKr3yv7L6o2gpH2t+LDiJSFEg=,OeHv502hITsmWHtUDUGlRc+dVWI=
-3,-4,sKzKr3yv7L6o2gpH2t+LDiJSFEg=,OeHv502hITsmWHtUDUGlRc+dVWI=
-5,-16,sKzKr3yv7L6o2gpH2t+LDiJSFEg=,cp5hpSSbON1y9Z8TOoBuGJNoEWc=
-13,-8,sKzKr3yv7L6o2gpH2t+LDiJSFEg=,pl+m3oZ7X2XvYPId7DAI9ozft7Q=
-2,-8,sKzKr3yv7L6o2gpH2t+LDiJSFEg=,OeHv502hITsmWHtUDUGlRc+dVWI=
-2,-7,sKzKr3yv7L6o2gpH2t+LDiJSFEg=,OeHv502hITsmWHtUDUGlRc+dVWI=
-4,-7,sKzKr3yv7L6o2gpH2t+LDiJSFEg=,OeHv502hITsmWHtUDUGlRc+dVWI=
-3,-7,sKzKr3yv7L6o2gpH2t+LDiJSFEg=,OeHv502hITsmWHtUDUGlRc+dVWI=
-2,-3,sKzKr3yv7L6o2gpH2t+LDiJSFEg=,OeHv502hITsmWHtUDUGlRc+dVWI=
-3,-3,sKzKr3yv7L6o2gpH2t+LDiJSFEg=,OeHv502hITsmWHtUDUGlRc+dVWI=
-6,-2,sKzKr3yv7L6o2gpH2t+LDiJSFEg=,OeHv502hITsmWHtUDUGlRc+dVWI=
-2,-11,sKzKr3yv7L6o2gpH2t+LDiJSFEg=,cp5hpSSbON1y9Z8TOoBuGJNoEWc=
-14,-9,sKzKr3yv7L6o2gpH2t+LDiJSFEg=,kbWLaa0qHmqnW6Eu7yhpWrulwpE=
-4,-8,sKzKr3yv7L6o2gpH2t+LDiJSFEg=,OeHv502hITsmWHtUDUGlRc+dVWI=
-6,-16,sKzKr3yv7L6o2gpH2t+LDiJSFEg=,cp5hpSSbON1y9Z8TOoBuGJNoEWc=
-2,-6,sKzKr3yv7L6o2gpH2t+LDiJSFEg=,OeHv502hITsmWHtUDUGlRc+dVWI=
-7,-2,sKzKr3yv7L6o2gpH2t+LDiJSFEg=,OeHv502hITsmWHtUDUGlRc+dVWI=
-13,-5,sKzKr3yv7L6o2gpH2t+LDiJSFEg=,pl+m3oZ7X2XvYPId7DAI9ozft7Q=
-2,-5,sKzKr3yv7L6o2gpH2t+LDiJSFEg=,OeHv502hITsmWHtUDUGlRc+dVWI=
-3,-6,sKzKr3yv7L6o2gpH2t+LDiJSFEg=,OeHv502hITsmWHtUDUGlRc+dVWI=
-4,-6,sKzKr3yv7L6o2gpH2t+LDiJSFEg=,OeHv502hITsmWHtUDUGlRc+dVWI=
-2,-2,sKzKr3yv7L6o2gpH2t+LDiJSFEg=,OeHv502hITsmWHtUDUGlRc+dVWI=
-8,-2,sKzKr3yv7L6o2gpH2t+LDiJSFEg=,OeHv502hITsmWHtUDUGlRc+dVWI=
-7,-16,sKzKr3yv7L6o2gpH2t+LDiJSFEg=,cp5hpSSbON1y9Z8TOoBuGJNoEWc=
-3,-5,sKzKr3yv7L6o2gpH2t+LDiJSFEg=,OeHv502hITsmWHtUDUGlRc+dVWI=
-14,-5,sKzKr3yv7L6o2gpH2t+LDiJSFEg=,pl+m3oZ7X2XvYPId7DAI9ozft7Q=
-4,-5,sKzKr3yv7L6o2gpH2t+LDiJSFEg=,OeHv502hITsmWHtUDUGlRc+dVWI=
-12,-15,sKzKr3yv7L6o2gpH2t+LDiJSFEg=,kbWLaa0qHmqnW6Eu7yhpWrulwpE=
-15,-15,sKzKr3yv7L6o2gpH2t+LDiJSFEg=,kbWLaa0qHmqnW6Eu7yhpWrulwpE=
-13,-13,sKzKr3yv7L6o2gpH2t+LDiJSFEg=,kbWLaa0qHmqnW6Eu7yhpWrulwpE=
-15,-14,sKzKr3yv7L6o2gpH2t+LDiJSFEg=,kbWLaa0qHmqnW6Eu7yhpWrulwpE=
-6,-4,mH9HuXwyZbmJILXkaqfVMRkxMmI=,OeHv502hITsmWHtUDUGlRc+dVWI=
-14,-15,mH9HuXwyZbmJILXkaqfVMRkxMmI=,kbWLaa0qHmqnW6Eu7yhpWrulwpE=
-3,-2,mH9HuXwyZbmJILXkaqfVMRkxMmI=,OeHv502hITsmWHtUDUGlRc+dVWI=
-15,-5,mH9HuXwyZbmJILXkaqfVMRkxMmI=,pl+m3oZ7X2XvYPId7DAI9ozft7Q=
-13,-15,mH9HuXwyZbmJILXkaqfVMRkxMmI=,kbWLaa0qHmqnW6Eu7yhpWrulwpE=
-14,-14,mH9HuXwyZbmJILXkaqfVMRkxMmI=,kbWLaa0qHmqnW6Eu7yhpWrulwpE=
-15,-13,mH9HuXwyZbmJILXkaqfVMRkxMmI=,kbWLaa0qHmqnW6Eu7yhpWrulwpE=
-16,-14,mH9HuXwyZbmJILXkaqfVMRkxMmI=,kbWLaa0qHmqnW6Eu7yhpWrulwpE=
-3,-11,mH9HuXwyZbmJILXkaqfVMRkxMmI=,cp5hpSSbON1y9Z8TOoBuGJNoEWc=
-14,-13,mH9HuXwyZbmJILXkaqfVMRkxMmI=,kbWLaa0qHmqnW6Eu7yhpWrulwpE=
-16,-15,mH9HuXwyZbmJILXkaqfVMRkxMmI=,kbWLaa0qHmqnW6Eu7yhpWrulwpE=
-15,-16,mH9HuXwyZbmJILXkaqfVMRkxMmI=,kbWLaa0qHmqnW6Eu7yhpWrulwpE=
-13,-16,mH9HuXwyZbmJILXkaqfVMRkxMmI=,kbWLaa0qHmqnW6Eu7yhpWrulwpE=
-8,-16,mH9HuXwyZbmJILXkaqfVMRkxMmI=,cp5hpSSbON1y9Z8TOoBuGJNoEWc=
-15,-9,mH9HuXwyZbmJILXkaqfVMRkxMmI=,kbWLaa0qHmqnW6Eu7yhpWrulwpE=
-13,-6,mH9HuXwyZbmJILXkaqfVMRkxMmI=,pl+m3oZ7X2XvYPId7DAI9ozft7Q=
-16,-13,mH9HuXwyZbmJILXkaqfVMRkxMmI=,kbWLaa0qHmqnW6Eu7yhpWrulwpE=
-14,-16,mH9HuXwyZbmJILXkaqfVMRkxMmI=,kbWLaa0qHmqnW6Eu7yhpWrulwpE=
-13,-14,mH9HuXwyZbmJILXkaqfVMRkxMmI=,kbWLaa0qHmqnW6Eu7yhpWrulwpE=
-4,-2,mH9HuXwyZbmJILXkaqfVMRkxMmI=,OeHv502hITsmWHtUDUGlRc+dVWI=
-9,-10,mH9HuXwyZbmJILXkaqfVMRkxMmI=,kbWLaa0qHmqnW6Eu7yhpWrulwpE=
-14,-6,mH9HuXwyZbmJILXkaqfVMRkxMmI=,pl+m3oZ7X2XvYPId7DAI9ozft7Q=
-3,-12,mH9HuXwyZbmJILXkaqfVMRkxMmI=,cp5hpSSbON1y9Z8TOoBuGJNoEWc=
-4,-11,jLjkZzPW3/qc8w+xJmaJXoBtG18=,cp5hpSSbON1y9Z8TOoBuGJNoEWc=
-2,-10,jLjkZzPW3/qc8w+xJmaJXoBtG18=,cp5hpSSbON1y9Z8TOoBuGJNoEWc=
-12,-14,jLjkZzPW3/qc8w+xJmaJXoBtG18=,kbWLaa0qHmqnW6Eu7yhpWrulwpE=
-4,-12,jLjkZzPW3/qc8w+xJmaJXoBtG18=,cp5hpSSbON1y9Z8TOoBuGJNoEWc=
-9,-14,jLjkZzPW3/qc8w+xJmaJXoBtG18=,kbWLaa0qHmqnW6Eu7yhpWrulwpE=
-10,-14,jLjkZzPW3/qc8w+xJmaJXoBtG18=,kbWLaa0qHmqnW6Eu7yhpWrulwpE=
-6,-15,jLjkZzPW3/qc8w+xJmaJXoBtG18=,cp5hpSSbON1y9Z8TOoBuGJNoEWc=
-8,-10,jLjkZzPW3/qc8w+xJmaJXoBtG18=,cp5hpSSbON1y9Z8TOoBuGJNoEWc=
-11,-14,jLjkZzPW3/qc8w+xJmaJXoBtG18=,kbWLaa0qHmqnW6Eu7yhpWrulwpE=
-3,-10,jLjkZzPW3/qc8w+xJmaJXoBtG18=,cp5hpSSbON1y9Z8TOoBuGJNoEWc=
-12,-10,jLjkZzPW3/qc8w+xJmaJXoBtG18=,kbWLaa0qHmqnW6Eu7yhpWrulwpE=
-13,-10,jLjkZzPW3/qc8w+xJmaJXoBtG18=,kbWLaa0qHmqnW6Eu7yhpWrulwpE=
-2,-12,jLjkZzPW3/qc8w+xJmaJXoBtG18=,cp5hpSSbON1y9Z8TOoBuGJNoEWc=
-14,-10,jLjkZzPW3/qc8w+xJmaJXoBtG18=,kbWLaa0qHmqnW6Eu7yhpWrulwpE=
-4,-10,jLjkZzPW3/qc8w+xJmaJXoBtG18=,cp5hpSSbON1y9Z8TOoBuGJNoEWc=
-11,-10,jLjkZzPW3/qc8w+xJmaJXoBtG18=,kbWLaa0qHmqnW6Eu7yhpWrulwpE=
-10,-10,jLjkZzPW3/qc8w+xJmaJXoBtG18=,kbWLaa0qHmqnW6Eu7yhpWrulwpE=
-13,-11,jLjkZzPW3/qc8w+xJmaJXoBtG18=,kbWLaa0qHmqnW6Eu7yhpWrulwpE=
-15,-10,jLjkZzPW3/qc8w+xJmaJXoBtG18=,kbWLaa0qHmqnW6Eu7yhpWrulwpE=
-11,-11,jLjkZzPW3/qc8w+xJmaJXoBtG18=,kbWLaa0qHmqnW6Eu7yhpWrulwpE=
-5,-9,jLjkZzPW3/qc8w+xJmaJXoBtG18=,cp5hpSSbON1y9Z8TOoBuGJNoEWc=
-15,-11,jLjkZzPW3/qc8w+xJmaJXoBtG18=,kbWLaa0qHmqnW6Eu7yhpWrulwpE=
-12,-11,jLjkZzPW3/qc8w+xJmaJXoBtG18=,kbWLaa0qHmqnW6Eu7yhpWrulwpE=
-14,-11,jLjkZzPW3/qc8w+xJmaJXoBtG18=,kbWLaa0qHmqnW6Eu7yhpWrulwpE=
-9,-11,jLjkZzPW3/qc8w+xJmaJXoBtG18=,kbWLaa0qHmqnW6Eu7yhpWrulwpE=
-10,-11,jLjkZzPW3/qc8w+xJmaJXoBtG18=,kbWLaa0qHmqnW6Eu7yhpWrulwpE=
-12,-12,jLjkZzPW3/qc8w+xJmaJXoBtG18=,kbWLaa0qHmqnW6Eu7yhpWrulwpE=
-9,-12,jLjkZzPW3/qc8w+xJmaJXoBtG18=,kbWLaa0qHmqnW6Eu7yhpWrulwpE=
-11,-12,jLjkZzPW3/qc8w+xJmaJXoBtG18=,kbWLaa0qHmqnW6Eu7yhpWrulwpE=
-14,-12,jLjkZzPW3/qc8w+xJmaJXoBtG18=,kbWLaa0qHmqnW6Eu7yhpWrulwpE=
-13,-12,jLjkZzPW3/qc8w+xJmaJXoBtG18=,kbWLaa0qHmqnW6Eu7yhpWrulwpE=
-6,-9,jLjkZzPW3/qc8w+xJmaJXoBtG18=,cp5hpSSbON1y9Z8TOoBuGJNoEWc=
-10,-12,jLjkZzPW3/qc8w+xJmaJXoBtG18=,kbWLaa0qHmqnW6Eu7yhpWrulwpE=
-15,-12,jLjkZzPW3/qc8w+xJmaJXoBtG18=,kbWLaa0qHmqnW6Eu7yhpWrulwpE=
-12,-13,jLjkZzPW3/qc8w+xJmaJXoBtG18=,kbWLaa0qHmqnW6Eu7yhpWrulwpE=
-11,-13,jLjkZzPW3/qc8w+xJmaJXoBtG18=,kbWLaa0qHmqnW6Eu7yhpWrulwpE=
-10,-13,jLjkZzPW3/qc8w+xJmaJXoBtG18=,kbWLaa0qHmqnW6Eu7yhpWrulwpE=
-16,-9,jLjkZzPW3/qc8w+xJmaJXoBtG18=,kbWLaa0qHmqnW6Eu7yhpWrulwpE=
-7,-9,jLjkZzPW3/qc8w+xJmaJXoBtG18=,cp5hpSSbON1y9Z8TOoBuGJNoEWc=
-16,-10,jLjkZzPW3/qc8w+xJmaJXoBtG18=,kbWLaa0qHmqnW6Eu7yhpWrulwpE=
-16,-11,jLjkZzPW3/qc8w+xJmaJXoBtG18=,kbWLaa0qHmqnW6Eu7yhpWrulwpE=
-12,-16,jLjkZzPW3/qc8w+xJmaJXoBtG18=,kbWLaa0qHmqnW6Eu7yhpWrulwpE=
-16,-12,jLjkZzPW3/qc8w+xJmaJXoBtG18=,kbWLaa0qHmqnW6Eu7yhpWrulwpE=
-11,-16,jLjkZzPW3/qc8w+xJmaJXoBtG18=,kbWLaa0qHmqnW6Eu7yhpWrulwpE=
-9,-13,jLjkZzPW3/qc8w+xJmaJXoBtG18=,kbWLaa0qHmqnW6Eu7yhpWrulwpE=
-10,-16,jLjkZzPW3/qc8w+xJmaJXoBtG18=,kbWLaa0qHmqnW6Eu7yhpWrulwpE=
-9,-16,jLjkZzPW3/qc8w+xJmaJXoBtG18=,kbWLaa0qHmqnW6Eu7yhpWrulwpE=
-15,-6,jLjkZzPW3/qc8w+xJmaJXoBtG18=,pl+m3oZ7X2XvYPId7DAI9ozft7Q=
-14,-7,jLjkZzPW3/qc8w+xJmaJXoBtG18=,pl+m3oZ7X2XvYPId7DAI9ozft7Q=
-5,-11,jLjkZzPW3/qc8w+xJmaJXoBtG18=,cp5hpSSbON1y9Z8TOoBuGJNoEWc=
-5,-14,jLjkZzPW3/qc8w+xJmaJXoBtG18=,cp5hpSSbON1y9Z8TOoBuGJNoEWc=
-7,-12,jLjkZzPW3/qc8w+xJmaJXoBtG18=,cp5hpSSbON1y9Z8TOoBuGJNoEWc=
-5,-12,jLjkZzPW3/qc8w+xJmaJXoBtG18=,cp5hpSSbON1y9Z8TOoBuGJNoEWc=
-15,-7,jLjkZzPW3/qc8w+xJmaJXoBtG18=,pl+m3oZ7X2XvYPId7DAI9ozft7Q=
-13,-7,jLjkZzPW3/qc8w+xJmaJXoBtG18=,pl+m3oZ7X2XvYPId7DAI9ozft7Q=
-5,-13,jLjkZzPW3/qc8w+xJmaJXoBtG18=,cp5hpSSbON1y9Z8TOoBuGJNoEWc=
-7,-11,jLjkZzPW3/qc8w+xJmaJXoBtG18=,cp5hpSSbON1y9Z8TOoBuGJNoEWc=
-6,-14,jLjkZzPW3/qc8w+xJmaJXoBtG18=,cp5hpSSbON1y9Z8TOoBuGJNoEWc=
-7,-13,jLjkZzPW3/qc8w+xJmaJXoBtG18=,cp5hpSSbON1y9Z8TOoBuGJNoEWc=
-5,-15,jLjkZzPW3/qc8w+xJmaJXoBtG18=,cp5hpSSbON1y9Z8TOoBuGJNoEWc=
-7,-14,jLjkZzPW3/qc8w+xJmaJXoBtG18=,cp5hpSSbON1y9Z8TOoBuGJNoEWc=
-6,-12,jLjkZzPW3/qc8w+xJmaJXoBtG18=,cp5hpSSbON1y9Z8TOoBuGJNoEWc=
-6,-11,W4D+WWCUHRICPmpgM6T50okfjpE=,cp5hpSSbON1y9Z8TOoBuGJNoEWc=
-6,-13,W4D+WWCUHRICPmpgM6T50okfjpE=,cp5hpSSbON1y9Z8TOoBuGJNoEWc=
-5,-24,W4D+WWCUHRICPmpgM6T50okfjpE=,/rxCwJWRdKrVSxLbk7G/+vX/w+Q=
-12,-24,KGCtXI7+y+bZE87qIZzwJDL0Suk=,7occrjCr9dxMHVZ+H8XbCRNY3Dg=
-15,-23,KGCtXI7+y+bZE87qIZzwJDL0Suk=,7occrjCr9dxMHVZ+H8XbCRNY3Dg=
-16,-24,KGCtXI7+y+bZE87qIZzwJDL0Suk=,7occrjCr9dxMHVZ+H8XbCRNY3Dg=
-12,-23,KGCtXI7+y+bZE87qIZzwJDL0Suk=,7occrjCr9dxMHVZ+H8XbCRNY3Dg=
-11,-23,KGCtXI7+y+bZE87qIZzwJDL0Suk=,7occrjCr9dxMHVZ+H8XbCRNY3Dg=
-11,-24,KGCtXI7+y+bZE87qIZzwJDL0Suk=,7occrjCr9dxMHVZ+H8XbCRNY3Dg=
-12,-22,KGCtXI7+y+bZE87qIZzwJDL0Suk=,7occrjCr9dxMHVZ+H8XbCRNY3Dg=
-13,-24,KGCtXI7+y+bZE87qIZzwJDL0Suk=,7occrjCr9dxMHVZ+H8XbCRNY3Dg=
-6,-24,KGCtXI7+y+bZE87qIZzwJDL0Suk=,/rxCwJWRdKrVSxLbk7G/+vX/w+Q=
-16,-21,KGCtXI7+y+bZE87qIZzwJDL0Suk=,7occrjCr9dxMHVZ+H8XbCRNY3Dg=
-16,-17,KGCtXI7+y+bZE87qIZzwJDL0Suk=,7occrjCr9dxMHVZ+H8XbCRNY3Dg=
-9,-23,KGCtXI7+y+bZE87qIZzwJDL0Suk=,7occrjCr9dxMHVZ+H8XbCRNY3Dg=
-10,-23,KGCtXI7+y+bZE87qIZzwJDL0Suk=,7occrjCr9dxMHVZ+H8XbCRNY3Dg=
-16,-18,KGCtXI7+y+bZE87qIZzwJDL0Suk=,7occrjCr9dxMHVZ+H8XbCRNY3Dg=
-16,-22,KGCtXI7+y+bZE87qIZzwJDL0Suk=,7occrjCr9dxMHVZ+H8XbCRNY3Dg=
-16,-19,KGCtXI7+y+bZE87qIZzwJDL0Suk=,7occrjCr9dxMHVZ+H8XbCRNY3Dg=
-16,-23,KGCtXI7+y+bZE87qIZzwJDL0Suk=,7occrjCr9dxMHVZ+H8XbCRNY3Dg=
-14,-23,KGCtXI7+y+bZE87qIZzwJDL0Suk=,7occrjCr9dxMHVZ+H8XbCRNY3Dg=
-13,-23,KGCtXI7+y+bZE87qIZzwJDL0Suk=,7occrjCr9dxMHVZ+H8XbCRNY3Dg=
-15,-22,KGCtXI7+y+bZE87qIZzwJDL0Suk=,7occrjCr9dxMHVZ+H8XbCRNY3Dg=
-10,-24,KGCtXI7+y+bZE87qIZzwJDL0Suk=,7occrjCr9dxMHVZ+H8XbCRNY3Dg=
-14,-22,KGCtXI7+y+bZE87qIZzwJDL0Suk=,7occrjCr9dxMHVZ+H8XbCRNY3Dg=
-15,-24,KGCtXI7+y+bZE87qIZzwJDL0Suk=,7occrjCr9dxMHVZ+H8XbCRNY3Dg=
-4,-30,KGCtXI7+y+bZE87qIZzwJDL0Suk=,V+aiu5K3Op3KcMBiSLNPh5D7oaw=
-14,-24,KGCtXI7+y+bZE87qIZzwJDL0Suk=,7occrjCr9dxMHVZ+H8XbCRNY3Dg=
-2,-32,KGCtXI7+y+bZE87qIZzwJDL0Suk=,V+aiu5K3Op3KcMBiSLNPh5D7oaw=
-13,-22,KGCtXI7+y+bZE87qIZzwJDL0Suk=,7occrjCr9dxMHVZ+H8XbCRNY3Dg=
-9,-17,KGCtXI7+y+bZE87qIZzwJDL0Suk=,7occrjCr9dxMHVZ+H8XbCRNY3Dg=
-1,-26,KGCtXI7+y+bZE87qIZzwJDL0Suk=,V+aiu5K3Op3KcMBiSLNPh5D7oaw=
-7,-24,KGCtXI7+y+bZE87qIZzwJDL0Suk=,/rxCwJWRdKrVSxLbk7G/+vX/w+Q=
-16,-20,KGCtXI7+y+bZE87qIZzwJDL0Suk=,7occrjCr9dxMHVZ+H8XbCRNY3Dg=
-15,-21,KGCtXI7+y+bZE87qIZzwJDL0Suk=,7occrjCr9dxMHVZ+H8XbCRNY3Dg=
-14,-21,KGCtXI7+y+bZE87qIZzwJDL0Suk=,7occrjCr9dxMHVZ+H8XbCRNY3Dg=
-3,-32,KGCtXI7+y+bZE87qIZzwJDL0Suk=,V+aiu5K3Op3KcMBiSLNPh5D7oaw=
-1,-27,5rFxCMIDy3RshXSRyrjvDLXOuac=,V+aiu5K3Op3KcMBiSLNPh5D7oaw=
-13,-21,5rFxCMIDy3RshXSRyrjvDLXOuac=,7occrjCr9dxMHVZ+H8XbCRNY3Dg=
-1,-32,5rFxCMIDy3RshXSRyrjvDLXOuac=,V+aiu5K3Op3KcMBiSLNPh5D7oaw=
-13,-17,5rFxCMIDy3RshXSRyrjvDLXOuac=,7occrjCr9dxMHVZ+H8XbCRNY3Dg=
-1,-28,5rFxCMIDy3RshXSRyrjvDLXOuac=,V+aiu5K3Op3KcMBiSLNPh5D7oaw=
-4,-32,5rFxCMIDy3RshXSRyrjvDLXOuac=,V+aiu5K3Op3KcMBiSLNPh5D7oaw=
-14,-18,5rFxCMIDy3RshXSRyrjvDLXOuac=,7occrjCr9dxMHVZ+H8XbCRNY3Dg=
-15,-18,5rFxCMIDy3RshXSRyrjvDLXOuac=,7occrjCr9dxMHVZ+H8XbCRNY3Dg=
-15,-19,5rFxCMIDy3RshXSRyrjvDLXOuac=,7occrjCr9dxMHVZ+H8XbCRNY3Dg=
-14,-19,5rFxCMIDy3RshXSRyrjvDLXOuac=,7occrjCr9dxMHVZ+H8XbCRNY3Dg=
-15,-20,5rFxCMIDy3RshXSRyrjvDLXOuac=,7occrjCr9dxMHVZ+H8XbCRNY3Dg=
-10,-17,5rFxCMIDy3RshXSRyrjvDLXOuac=,7occrjCr9dxMHVZ+H8XbCRNY3Dg=
-13,-19,5rFxCMIDy3RshXSRyrjvDLXOuac=,7occrjCr9dxMHVZ+H8XbCRNY3Dg=
-14,-20,5rFxCMIDy3RshXSRyrjvDLXOuac=,7occrjCr9dxMHVZ+H8XbCRNY3Dg=
-11,-21,5rFxCMIDy3RshXSRyrjvDLXOuac=,7occrjCr9dxMHVZ+H8XbCRNY3Dg=
-15,-17,5rFxCMIDy3RshXSRyrjvDLXOuac=,7occrjCr9dxMHVZ+H8XbCRNY3Dg=
-12,-21,5rFxCMIDy3RshXSRyrjvDLXOuac=,7occrjCr9dxMHVZ+H8XbCRNY3Dg=
-13,-20,5rFxCMIDy3RshXSRyrjvDLXOuac=,7occrjCr9dxMHVZ+H8XbCRNY3Dg=
-14,-17,5rFxCMIDy3RshXSRyrjvDLXOuac=,7occrjCr9dxMHVZ+H8XbCRNY3Dg=
-1,-31,5rFxCMIDy3RshXSRyrjvDLXOuac=,V+aiu5K3Op3KcMBiSLNPh5D7oaw=
-3,-30,5rFxCMIDy3RshXSRyrjvDLXOuac=,V+aiu5K3Op3KcMBiSLNPh5D7oaw=
-8,-21,5rFxCMIDy3RshXSRyrjvDLXOuac=,/rxCwJWRdKrVSxLbk7G/+vX/w+Q=
-2,-25,5rFxCMIDy3RshXSRyrjvDLXOuac=,V+aiu5K3Op3KcMBiSLNPh5D7oaw=
-11,-22,5rFxCMIDy3RshXSRyrjvDLXOuac=,7occrjCr9dxMHVZ+H8XbCRNY3Dg=
-4,-29,5rFxCMIDy3RshXSRyrjvDLXOuac=,V+aiu5K3Op3KcMBiSLNPh5D7oaw=
-3,-29,5rFxCMIDy3RshXSRyrjvDLXOuac=,V+aiu5K3Op3KcMBiSLNPh5D7oaw=
-13,-18,5rFxCMIDy3RshXSRyrjvDLXOuac=,7occrjCr9dxMHVZ+H8XbCRNY3Dg=
-2,-29,5rFxCMIDy3RshXSRyrjvDLXOuac=,V+aiu5K3Op3KcMBiSLNPh5D7oaw=
-1,-29,5rFxCMIDy3RshXSRyrjvDLXOuac=,V+aiu5K3Op3KcMBiSLNPh5D7oaw=
-10,-21,5rFxCMIDy3RshXSRyrjvDLXOuac=,7occrjCr9dxMHVZ+H8XbCRNY3Dg=
-2,-30,5rFxCMIDy3RshXSRyrjvDLXOuac=,V+aiu5K3Op3KcMBiSLNPh5D7oaw=
-9,-21,5rFxCMIDy3RshXSRyrjvDLXOuac=,7occrjCr9dxMHVZ+H8XbCRNY3Dg=
-11,-17,5rFxCMIDy3RshXSRyrjvDLXOuac=,7occrjCr9dxMHVZ+H8XbCRNY3Dg=
-3,-25,5rFxCMIDy3RshXSRyrjvDLXOuac=,V+aiu5K3Op3KcMBiSLNPh5D7oaw=
-10,-22,5rFxCMIDy3RshXSRyrjvDLXOuac=,7occrjCr9dxMHVZ+H8XbCRNY3Dg=
-9,-22,5rFxCMIDy3RshXSRyrjvDLXOuac=,7occrjCr9dxMHVZ+H8XbCRNY3Dg=
-3,-31,5rFxCMIDy3RshXSRyrjvDLXOuac=,V+aiu5K3Op3KcMBiSLNPh5D7oaw=
-4,-25,5rFxCMIDy3RshXSRyrjvDLXOuac=,V+aiu5K3Op3KcMBiSLNPh5D7oaw=
-9,-24,5rFxCMIDy3RshXSRyrjvDLXOuac=,7occrjCr9dxMHVZ+H8XbCRNY3Dg=
-4,-31,5rFxCMIDy3RshXSRyrjvDLXOuac=,V+aiu5K3Op3KcMBiSLNPh5D7oaw=
-1,-25,5rFxCMIDy3RshXSRyrjvDLXOuac=,V+aiu5K3Op3KcMBiSLNPh5D7oaw=
-12,-17,5rFxCMIDy3RshXSRyrjvDLXOuac=,7occrjCr9dxMHVZ+H8XbCRNY3Dg=
-2,-31,5rFxCMIDy3RshXSRyrjvDLXOuac=,V+aiu5K3Op3KcMBiSLNPh5D7oaw=
-2,-26,5rFxCMIDy3RshXSRyrjvDLXOuac=,V+aiu5K3Op3KcMBiSLNPh5D7oaw=
-1,-30,5rFxCMIDy3RshXSRyrjvDLXOuac=,V+aiu5K3Op3KcMBiSLNPh5D7oaw=
-3,-28,5rFxCMIDy3RshXSRyrjvDLXOuac=,V+aiu5K3Op3KcMBiSLNPh5D7oaw=
-4,-28,5rFxCMIDy3RshXSRyrjvDLXOuac=,V+aiu5K3Op3KcMBiSLNPh5D7oaw=
-3,-26,5rFxCMIDy3RshXSRyrjvDLXOuac=,V+aiu5K3Op3KcMBiSLNPh5D7oaw=
-2,-28,5rFxCMIDy3RshXSRyrjvDLXOuac=,V+aiu5K3Op3KcMBiSLNPh5D7oaw=
-7,-31,MwkqsSCDmsKH/JZX7IDx0u/voM4=,V+aiu5K3Op3KcMBiSLNPh5D7oaw=
-7,-30,MwkqsSCDmsKH/JZX7IDx0u/voM4=,V+aiu5K3Op3KcMBiSLNPh5D7oaw=
-8,-23,MwkqsSCDmsKH/JZX7IDx0u/voM4=,/rxCwJWRdKrVSxLbk7G/+vX/w+Q=
-6,-31,MwkqsSCDmsKH/JZX7IDx0u/voM4=,V+aiu5K3Op3KcMBiSLNPh5D7oaw=
-6,-30,MwkqsSCDmsKH/JZX7IDx0u/voM4=,V+aiu5K3Op3KcMBiSLNPh5D7oaw=
-4,-26,MwkqsSCDmsKH/JZX7IDx0u/voM4=,V+aiu5K3Op3KcMBiSLNPh5D7oaw=
-6,-29,MwkqsSCDmsKH/JZX7IDx0u/voM4=,V+aiu5K3Op3KcMBiSLNPh5D7oaw=
-5,-30,MwkqsSCDmsKH/JZX7IDx0u/voM4=,V+aiu5K3Op3KcMBiSLNPh5D7oaw=
-11,-26,MwkqsSCDmsKH/JZX7IDx0u/voM4=,9+h7aGM1FbDDKb7IWTQA7YqMyb8=
-2,-27,MwkqsSCDmsKH/JZX7IDx0u/voM4=,V+aiu5K3Op3KcMBiSLNPh5D7oaw=
-5,-29,MwkqsSCDmsKH/JZX7IDx0u/voM4=,V+aiu5K3Op3KcMBiSLNPh5D7oaw=
-4,-27,MwkqsSCDmsKH/JZX7IDx0u/voM4=,V+aiu5K3Op3KcMBiSLNPh5D7oaw=
-9,-18,MwkqsSCDmsKH/JZX7IDx0u/voM4=,7occrjCr9dxMHVZ+H8XbCRNY3Dg=
-3,-27,MwkqsSCDmsKH/JZX7IDx0u/voM4=,V+aiu5K3Op3KcMBiSLNPh5D7oaw=
-1,-24,MwkqsSCDmsKH/JZX7IDx0u/voM4=,/rxCwJWRdKrVSxLbk7G/+vX/w+Q=
-7,-29,MwkqsSCDmsKH/JZX7IDx0u/voM4=,V+aiu5K3Op3KcMBiSLNPh5D7oaw=
-8,-25,MwkqsSCDmsKH/JZX7IDx0u/voM4=,V+aiu5K3Op3KcMBiSLNPh5D7oaw=
-8,-24,MwkqsSCDmsKH/JZX7IDx0u/voM4=,/rxCwJWRdKrVSxLbk7G/+vX/w+Q=
-8,-26,MwkqsSCDmsKH/JZX7IDx0u/voM4=,V+aiu5K3Op3KcMBiSLNPh5D7oaw=
-12,-26,MwkqsSCDmsKH/JZX7IDx0u/voM4=,9+h7aGM1FbDDKb7IWTQA7YqMyb8=
-10,-18,MwkqsSCDmsKH/JZX7IDx0u/voM4=,7occrjCr9dxMHVZ+H8XbCRNY3Dg=
-8,-22,MwkqsSCDmsKH/JZX7IDx0u/voM4=,/rxCwJWRdKrVSxLbk7G/+vX/w+Q=
-15,-25,MwkqsSCDmsKH/JZX7IDx0u/voM4=,9+h7aGM1FbDDKb7IWTQA7YqMyb8=
-1,-22,MwkqsSCDmsKH/JZX7IDx0u/voM4=,/rxCwJWRdKrVSxLbk7G/+vX/w+Q=
-10,-26,MwkqsSCDmsKH/JZX7IDx0u/voM4=,9+h7aGM1FbDDKb7IWTQA7YqMyb8=
-11,-18,MwkqsSCDmsKH/JZX7IDx0u/voM4=,7occrjCr9dxMHVZ+H8XbCRNY3Dg=
-9,-26,MwkqsSCDmsKH/JZX7IDx0u/voM4=,9+h7aGM1FbDDKb7IWTQA7YqMyb8=
-12,-25,MwkqsSCDmsKH/JZX7IDx0u/voM4=,9+h7aGM1FbDDKb7IWTQA7YqMyb8=
-11,-25,MwkqsSCDmsKH/JZX7IDx0u/voM4=,9+h7aGM1FbDDKb7IWTQA7YqMyb8=
-12,-18,MwkqsSCDmsKH/JZX7IDx0u/voM4=,7occrjCr9dxMHVZ+H8XbCRNY3Dg=
-14,-25,MwkqsSCDmsKH/JZX7IDx0u/voM4=,9+h7aGM1FbDDKb7IWTQA7YqMyb8=
-10,-32,MwkqsSCDmsKH/JZX7IDx0u/voM4=,9+h7aGM1FbDDKb7IWTQA7YqMyb8=
-15,-31,KYj7OG0L03Cql9p/1c84/SAe9Qk=,9+h7aGM1FbDDKb7IWTQA7YqMyb8=
-9,-19,KYj7OG0L03Cql9p/1c84/SAe9Qk=,7occrjCr9dxMHVZ+H8XbCRNY3Dg=
-9,-32,KYj7OG0L03Cql9p/1c84/SAe9Qk=,9+h7aGM1FbDDKb7IWTQA7YqMyb8=
-5,-21,KYj7OG0L03Cql9p/1c84/SAe9Qk=,/rxCwJWRdKrVSxLbk7G/+vX/w+Q=
-8,-32,KYj7OG0L03Cql9p/1c84/SAe9Qk=,V+aiu5K3Op3KcMBiSLNPh5D7oaw=
-11,-32,KYj7OG0L03Cql9p/1c84/SAe9Qk=,9+h7aGM1FbDDKb7IWTQA7YqMyb8=
-9,-25,KYj7OG0L03Cql9p/1c84/SAe9Qk=,9+h7aGM1FbDDKb7IWTQA7YqMyb8=
-12,-32,KYj7OG0L03Cql9p/1c84/SAe9Qk=,9+h7aGM1FbDDKb7IWTQA7YqMyb8=
-14,-31,KYj7OG0L03Cql9p/1c84/SAe9Qk=,9+h7aGM1FbDDKb7IWTQA7YqMyb8=
-14,-32,KYj7OG0L03Cql9p/1c84/SAe9Qk=,9+h7aGM1FbDDKb7IWTQA7YqMyb8=
-16,-32,KYj7OG0L03Cql9p/1c84/SAe9Qk=,9+h7aGM1FbDDKb7IWTQA7YqMyb8=
-10,-25,KYj7OG0L03Cql9p/1c84/SAe9Qk=,9+h7aGM1FbDDKb7IWTQA7YqMyb8=
-15,-32,KYj7OG0L03Cql9p/1c84/SAe9Qk=,9+h7aGM1FbDDKb7IWTQA7YqMyb8=
-13,-25,KYj7OG0L03Cql9p/1c84/SAe9Qk=,9+h7aGM1FbDDKb7IWTQA7YqMyb8=
-16,-25,KYj7OG0L03Cql9p/1c84/SAe9Qk=,9+h7aGM1FbDDKb7IWTQA7YqMyb8=
-16,-27,KYj7OG0L03Cql9p/1c84/SAe9Qk=,9+h7aGM1FbDDKb7IWTQA7YqMyb8=
-13,-32,KYj7OG0L03Cql9p/1c84/SAe9Qk=,9+h7aGM1FbDDKb7IWTQA7YqMyb8=
-16,-28,KYj7OG0L03Cql9p/1c84/SAe9Qk=,9+h7aGM1FbDDKb7IWTQA7YqMyb8=
-6,-32,KYj7OG0L03Cql9p/1c84/SAe9Qk=,V+aiu5K3Op3KcMBiSLNPh5D7oaw=
-1,-23,KYj7OG0L03Cql9p/1c84/SAe9Qk=,/rxCwJWRdKrVSxLbk7G/+vX/w+Q=
-16,-26,KYj7OG0L03Cql9p/1c84/SAe9Qk=,9+h7aGM1FbDDKb7IWTQA7YqMyb8=
-10,-19,KYj7OG0L03Cql9p/1c84/SAe9Qk=,7occrjCr9dxMHVZ+H8XbCRNY3Dg=
-7,-32,KYj7OG0L03Cql9p/1c84/SAe9Qk=,V+aiu5K3Op3KcMBiSLNPh5D7oaw=
-16,-29,KYj7OG0L03Cql9p/1c84/SAe9Qk=,9+h7aGM1FbDDKb7IWTQA7YqMyb8=
-5,-32,KYj7OG0L03Cql9p/1c84/SAe9Qk=,V+aiu5K3Op3KcMBiSLNPh5D7oaw=
-5,-23,KYj7OG0L03Cql9p/1c84/SAe9Qk=,/rxCwJWRdKrVSxLbk7G/+vX/w+Q=
-16,-30,wBuNndSoskS9AwETxLklqUjNrFY=,9+h7aGM1FbDDKb7IWTQA7YqMyb8=
-15,-30,wBuNndSoskS9AwETxLklqUjNrFY=,9+h7aGM1FbDDKb7IWTQA7YqMyb8=
-8,-31,wBuNndSoskS9AwETxLklqUjNrFY=,V+aiu5K3Op3KcMBiSLNPh5D7oaw=
-10,-31,wBuNndSoskS9AwETxLklqUjNrFY=,9+h7aGM1FbDDKb7IWTQA7YqMyb8=
-16,-31,wBuNndSoskS9AwETxLklqUjNrFY=,9+h7aGM1FbDDKb7IWTQA7YqMyb8=
-8,-30,wBuNndSoskS9AwETxLklqUjNrFY=,V+aiu5K3Op3KcMBiSLNPh5D7oaw=
-13,-31,wBuNndSoskS9AwETxLklqUjNrFY=,9+h7aGM1FbDDKb7IWTQA7YqMyb8=
-14,-30,wBuNndSoskS9AwETxLklqUjNrFY=,9+h7aGM1FbDDKb7IWTQA7YqMyb8=
-5,-25,wBuNndSoskS9AwETxLklqUjNrFY=,V+aiu5K3Op3KcMBiSLNPh5D7oaw=
-11,-31,wBuNndSoskS9AwETxLklqUjNrFY=,9+h7aGM1FbDDKb7IWTQA7YqMyb8=
-12,-31,wBuNndSoskS9AwETxLklqUjNrFY=,9+h7aGM1FbDDKb7IWTQA7YqMyb8=
-9,-31,wBuNndSoskS9AwETxLklqUjNrFY=,9+h7aGM1FbDDKb7IWTQA7YqMyb8=
-11,-19,wBuNndSoskS9AwETxLklqUjNrFY=,7occrjCr9dxMHVZ+H8XbCRNY3Dg=
-5,-31,wBuNndSoskS9AwETxLklqUjNrFY=,V+aiu5K3Op3KcMBiSLNPh5D7oaw=
-13,-30,wBuNndSoskS9AwETxLklqUjNrFY=,9+h7aGM1FbDDKb7IWTQA7YqMyb8=
-1,-21,wBuNndSoskS9AwETxLklqUjNrFY=,/rxCwJWRdKrVSxLbk7G/+vX/w+Q=
-5,-27,wBuNndSoskS9AwETxLklqUjNrFY=,V+aiu5K3Op3KcMBiSLNPh5D7oaw=
-5,-28,wBuNndSoskS9AwETxLklqUjNrFY=,V+aiu5K3Op3KcMBiSLNPh5D7oaw=
-5,-26,wBuNndSoskS9AwETxLklqUjNrFY=,V+aiu5K3Op3KcMBiSLNPh5D7oaw=
-12,-19,wBuNndSoskS9AwETxLklqUjNrFY=,7occrjCr9dxMHVZ+H8XbCRNY3Dg=
-6,-26,wBuNndSoskS9AwETxLklqUjNrFY=,V+aiu5K3Op3KcMBiSLNPh5D7oaw=
-6,-25,wBuNndSoskS9AwETxLklqUjNrFY=,V+aiu5K3Op3KcMBiSLNPh5D7oaw=
-6,-27,wBuNndSoskS9AwETxLklqUjNrFY=,V+aiu5K3Op3KcMBiSLNPh5D7oaw=
-7,-25,wBuNndSoskS9AwETxLklqUjNrFY=,V+aiu5K3Op3KcMBiSLNPh5D7oaw=
-7,-27,wBuNndSoskS9AwETxLklqUjNrFY=,V+aiu5K3Op3KcMBiSLNPh5D7oaw=
-6,-28,wBuNndSoskS9AwETxLklqUjNrFY=,V+aiu5K3Op3KcMBiSLNPh5D7oaw=
-7,-26,wBuNndSoskS9AwETxLklqUjNrFY=,V+aiu5K3Op3KcMBiSLNPh5D7oaw=
-9,-20,wBuNndSoskS9AwETxLklqUjNrFY=,7occrjCr9dxMHVZ+H8XbCRNY3Dg=
-2,-24,wBuNndSoskS9AwETxLklqUjNrFY=,/rxCwJWRdKrVSxLbk7G/+vX/w+Q=
-10,-20,wBuNndSoskS9AwETxLklqUjNrFY=,7occrjCr9dxMHVZ+H8XbCRNY3Dg=
-5,-22,wBuNndSoskS9AwETxLklqUjNrFY=,/rxCwJWRdKrVSxLbk7G/+vX/w+Q=
-7,-28,wBuNndSoskS9AwETxLklqUjNrFY=,V+aiu5K3Op3KcMBiSLNPh5D7oaw=
-7,-22,wBuNndSoskS9AwETxLklqUjNrFY=,/rxCwJWRdKrVSxLbk7G/+vX/w+Q=
-11,-20,wBuNndSoskS9AwETxLklqUjNrFY=,7occrjCr9dxMHVZ+H8XbCRNY3Dg=
-3,-24,wBuNndSoskS9AwETxLklqUjNrFY=,/rxCwJWRdKrVSxLbk7G/+vX/w+Q=
-6,-21,wBuNndSoskS9AwETxLklqUjNrFY=,/rxCwJWRdKrVSxLbk7G/+vX/w+Q=
-6,-23,wBuNndSoskS9AwETxLklqUjNrFY=,/rxCwJWRdKrVSxLbk7G/+vX/w+Q=
-7,-21,wBuNndSoskS9AwETxLklqUjNrFY=,/rxCwJWRdKrVSxLbk7G/+vX/w+Q=
-7,-23,wBuNndSoskS9AwETxLklqUjNrFY=,/rxCwJWRdKrVSxLbk7G/+vX/w+Q=
-12,-20,wBuNndSoskS9AwETxLklqUjNrFY=,7occrjCr9dxMHVZ+H8XbCRNY3Dg=
-6,-22,wBuNndSoskS9AwETxLklqUjNrFY=,/rxCwJWRdKrVSxLbk7G/+vX/w+Q=
-8,-29,wBuNndSoskS9AwETxLklqUjNrFY=,V+aiu5K3Op3KcMBiSLNPh5D7oaw=
-4,-24,wBuNndSoskS9AwETxLklqUjNrFY=,/rxCwJWRdKrVSxLbk7G/+vX/w+Q=
-12,-30,wBuNndSoskS9AwETxLklqUjNrFY=,9+h7aGM1FbDDKb7IWTQA7YqMyb8=
-11,-30,wBuNndSoskS9AwETxLklqUjNrFY=,9+h7aGM1FbDDKb7IWTQA7YqMyb8=
-1,-17,wBuNndSoskS9AwETxLklqUjNrFY=,/rxCwJWRdKrVSxLbk7G/+vX/w+Q=
-1,-19,wBuNndSoskS9AwETxLklqUjNrFY=,/rxCwJWRdKrVSxLbk7G/+vX/w+Q=
-15,-29,wBuNndSoskS9AwETxLklqUjNrFY=,9+h7aGM1FbDDKb7IWTQA7YqMyb8=
-1,-18,wBuNndSoskS9AwETxLklqUjNrFY=,/rxCwJWRdKrVSxLbk7G/+vX/w+Q=
-10,-30,wBuNndSoskS9AwETxLklqUjNrFY=,9+h7aGM1FbDDKb7IWTQA7YqMyb8=
-15,-28,wBuNndSoskS9AwETxLklqUjNrFY=,9+h7aGM1FbDDKb7IWTQA7YqMyb8=
-10,-29,wBuNndSoskS9AwETxLklqUjNrFY=,9+h7aGM1FbDDKb7IWTQA7YqMyb8=
-1,-20,wBuNndSoskS9AwETxLklqUjNrFY=,/rxCwJWRdKrVSxLbk7G/+vX/w+Q=
-9,-30,wBuNndSoskS9AwETxLklqUjNrFY=,9+h7aGM1FbDDKb7IWTQA7YqMyb8=
-3,-23,wBuNndSoskS9AwETxLklqUjNrFY=,/rxCwJWRdKrVSxLbk7G/+vX/w+Q=
-12,-29,wBuNndSoskS9AwETxLklqUjNrFY=,9+h7aGM1FbDDKb7IWTQA7YqMyb8=
-13,-28,wBuNndSoskS9AwETxLklqUjNrFY=,9+h7aGM1FbDDKb7IWTQA7YqMyb8=
-11,-29,wBuNndSoskS9AwETxLklqUjNrFY=,9+h7aGM1FbDDKb7IWTQA7YqMyb8=
-13,-29,wBuNndSoskS9AwETxLklqUjNrFY=,9+h7aGM1FbDDKb7IWTQA7YqMyb8=
-15,-27,wBuNndSoskS9AwETxLklqUjNrFY=,9+h7aGM1FbDDKb7IWTQA7YqMyb8=
-8,-28,wBuNndSoskS9AwETxLklqUjNrFY=,V+aiu5K3Op3KcMBiSLNPh5D7oaw=
-14,-27,wBuNndSoskS9AwETxLklqUjNrFY=,9+h7aGM1FbDDKb7IWTQA7YqMyb8=
-14,-29,wBuNndSoskS9AwETxLklqUjNrFY=,9+h7aGM1FbDDKb7IWTQA7YqMyb8=
-12,-27,wBuNndSoskS9AwETxLklqUjNrFY=,9+h7aGM1FbDDKb7IWTQA7YqMyb8=
-9,-29,wBuNndSoskS9AwETxLklqUjNrFY=,9+h7aGM1FbDDKb7IWTQA7YqMyb8=
-11,-28,wBuNndSoskS9AwETxLklqUjNrFY=,9+h7aGM1FbDDKb7IWTQA7YqMyb8=
-9,-27,wBuNndSoskS9AwETxLklqUjNrFY=,9+h7aGM1FbDDKb7IWTQA7YqMyb8=
-10,-28,wBuNndSoskS9AwETxLklqUjNrFY=,9+h7aGM1FbDDKb7IWTQA7YqMyb8=
-12,-28,wBuNndSoskS9AwETxLklqUjNrFY=,9+h7aGM1FbDDKb7IWTQA7YqMyb8=
-9,-28,wBuNndSoskS9AwETxLklqUjNrFY=,9+h7aGM1FbDDKb7IWTQA7YqMyb8=
-2,-17,wBuNndSoskS9AwETxLklqUjNrFY=,/rxCwJWRdKrVSxLbk7G/+vX/w+Q=
-8,-19,wBuNndSoskS9AwETxLklqUjNrFY=,/rxCwJWRdKrVSxLbk7G/+vX/w+Q=
-10,-27,wBuNndSoskS9AwETxLklqUjNrFY=,9+h7aGM1FbDDKb7IWTQA7YqMyb8=
-14,-28,wBuNndSoskS9AwETxLklqUjNrFY=,9+h7aGM1FbDDKb7IWTQA7YqMyb8=
-4,-23,wBuNndSoskS9AwETxLklqUjNrFY=,/rxCwJWRdKrVSxLbk7G/+vX/w+Q=
-3,-17,wBuNndSoskS9AwETxLklqUjNrFY=,/rxCwJWRdKrVSxLbk7G/+vX/w+Q=
-11,-27,wBuNndSoskS9AwETxLklqUjNrFY=,9+h7aGM1FbDDKb7IWTQA7YqMyb8=
-14,-26,wBuNndSoskS9AwETxLklqUjNrFY=,9+h7aGM1FbDDKb7IWTQA7YqMyb8=
-13,-27,wBuNndSoskS9AwETxLklqUjNrFY=,9+h7aGM1FbDDKb7IWTQA7YqMyb8=
-8,-18,wBuNndSoskS9AwETxLklqUjNrFY=,/rxCwJWRdKrVSxLbk7G/+vX/w+Q=
-8,-27,wBuNndSoskS9AwETxLklqUjNrFY=,V+aiu5K3Op3KcMBiSLNPh5D7oaw=
-4,-17,wBuNndSoskS9AwETxLklqUjNrFY=,/rxCwJWRdKrVSxLbk7G/+vX/w+Q=
-5,-17,wBuNndSoskS9AwETxLklqUjNrFY=,/rxCwJWRdKrVSxLbk7G/+vX/w+Q=
-15,-26,wBuNndSoskS9AwETxLklqUjNrFY=,9+h7aGM1FbDDKb7IWTQA7YqMyb8=
-2,-19,wBuNndSoskS9AwETxLklqUjNrFY=,/rxCwJWRdKrVSxLbk7G/+vX/w+Q=
-8,-20,wBuNndSoskS9AwETxLklqUjNrFY=,/rxCwJWRdKrVSxLbk7G/+vX/w+Q=
-7,-17,wBuNndSoskS9AwETxLklqUjNrFY=,/rxCwJWRdKrVSxLbk7G/+vX/w+Q=
-2,-22,wBuNndSoskS9AwETxLklqUjNrFY=,/rxCwJWRdKrVSxLbk7G/+vX/w+Q=
-2,-18,wBuNndSoskS9AwETxLklqUjNrFY=,/rxCwJWRdKrVSxLbk7G/+vX/w+Q=
-6,-17,wBuNndSoskS9AwETxLklqUjNrFY=,/rxCwJWRdKrVSxLbk7G/+vX/w+Q=
-2,-20,wBuNndSoskS9AwETxLklqUjNrFY=,/rxCwJWRdKrVSxLbk7G/+vX/w+Q=
-3,-19,wBuNndSoskS9AwETxLklqUjNrFY=,/rxCwJWRdKrVSxLbk7G/+vX/w+Q=
-4,-22,wBuNndSoskS9AwETxLklqUjNrFY=,/rxCwJWRdKrVSxLbk7G/+vX/w+Q=
-8,-17,wBuNndSoskS9AwETxLklqUjNrFY=,/rxCwJWRdKrVSxLbk7G/+vX/w+Q=
-6,-18,wBuNndSoskS9AwETxLklqUjNrFY=,/rxCwJWRdKrVSxLbk7G/+vX/w+Q=
-13,-26,wBuNndSoskS9AwETxLklqUjNrFY=,9+h7aGM1FbDDKb7IWTQA7YqMyb8=
-5,-19,wBuNndSoskS9AwETxLklqUjNrFY=,/rxCwJWRdKrVSxLbk7G/+vX/w+Q=
-4,-18,wBuNndSoskS9AwETxLklqUjNrFY=,/rxCwJWRdKrVSxLbk7G/+vX/w+Q=
-3,-18,wBuNndSoskS9AwETxLklqUjNrFY=,/rxCwJWRdKrVSxLbk7G/+vX/w+Q=
-5,-18,Nfhc90syv1mr7YYkaJTeOY4zXU8=,/rxCwJWRdKrVSxLbk7G/+vX/w+Q=
-2,-21,Nfhc90syv1mr7YYkaJTeOY4zXU8=,/rxCwJWRdKrVSxLbk7G/+vX/w+Q=
-6,-19,Nfhc90syv1mr7YYkaJTeOY4zXU8=,/rxCwJWRdKrVSxLbk7G/+vX/w+Q=
-3,-20,Nfhc90syv1mr7YYkaJTeOY4zXU8=,/rxCwJWRdKrVSxLbk7G/+vX/w+Q=
-5,-20,Nfhc90syv1mr7YYkaJTeOY4zXU8=,/rxCwJWRdKrVSxLbk7G/+vX/w+Q=
-7,-20,Nfhc90syv1mr7YYkaJTeOY4zXU8=,/rxCwJWRdKrVSxLbk7G/+vX/w+Q=
-4,-19,Nfhc90syv1mr7YYkaJTeOY4zXU8=,/rxCwJWRdKrVSxLbk7G/+vX/w+Q=
-7,-19,Nfhc90syv1mr7YYkaJTeOY4zXU8=,/rxCwJWRdKrVSxLbk7G/+vX/w+Q=
-6,-20,Nfhc90syv1mr7YYkaJTeOY4zXU8=,/rxCwJWRdKrVSxLbk7G/+vX/w+Q=
-7,-18,Nfhc90syv1mr7YYkaJTeOY4zXU8=,/rxCwJWRdKrVSxLbk7G/+vX/w+Q=
-4,-20,Nfhc90syv1mr7YYkaJTeOY4zXU8=,/rxCwJWRdKrVSxLbk7G/+vX/w+Q=
-2,-23,Nfhc90syv1mr7YYkaJTeOY4zXU8=,/rxCwJWRdKrVSxLbk7G/+vX/w+Q=
-3,-22,Nfhc90syv1mr7YYkaJTeOY4zXU8=,/rxCwJWRdKrVSxLbk7G/+vX/w+Q=
-3,-21,Nfhc90syv1mr7YYkaJTeOY4zXU8=,/rxCwJWRdKrVSxLbk7G/+vX/w+Q=
-4,-21,Nfhc90syv1mr7YYkaJTeOY4zXU8=,/rxCwJWRdKrVSxLbk7G/+vX/w+Q=
-25,-24,TnqZ+PHx32escGV4AmhnvoXNsYc=,NF6vNsPH4OpVSg+bDslMoBUlSPw=
-26,-24,TnqZ+PHx32escGV4AmhnvoXNsYc=,NF6vNsPH4OpVSg+bDslMoBUlSPw=
-25,-27,TnqZ+PHx32escGV4AmhnvoXNsYc=,WRP1ZGg5v6aXChhFH9pydnLfVIE=
-25,-26,TnqZ+PHx32escGV4AmhnvoXNsYc=,WRP1ZGg5v6aXChhFH9pydnLfVIE=
-27,-24,TnqZ+PHx32escGV4AmhnvoXNsYc=,NF6vNsPH4OpVSg+bDslMoBUlSPw=
-32,-18,TnqZ+PHx32escGV4AmhnvoXNsYc=,NF6vNsPH4OpVSg+bDslMoBUlSPw=
-28,-24,TnqZ+PHx32escGV4AmhnvoXNsYc=,NF6vNsPH4OpVSg+bDslMoBUlSPw=
-25,-25,TnqZ+PHx32escGV4AmhnvoXNsYc=,WRP1ZGg5v6aXChhFH9pydnLfVIE=
-32,-19,TnqZ+PHx32escGV4AmhnvoXNsYc=,NF6vNsPH4OpVSg+bDslMoBUlSPw=
-27,-27,TnqZ+PHx32escGV4AmhnvoXNsYc=,WRP1ZGg5v6aXChhFH9pydnLfVIE=
-32,-20,TnqZ+PHx32escGV4AmhnvoXNsYc=,NF6vNsPH4OpVSg+bDslMoBUlSPw=
-27,-28,TnqZ+PHx32escGV4AmhnvoXNsYc=,WRP1ZGg5v6aXChhFH9pydnLfVIE=
-28,-28,IYRizT0NLSm0j5F9E93YyHQUr/A=,WRP1ZGg5v6aXChhFH9pydnLfVIE=
-26,-28,IYRizT0NLSm0j5F9E93YyHQUr/A=,WRP1ZGg5v6aXChhFH9pydnLfVIE=
-25,-21,IYRizT0NLSm0j5F9E93YyHQUr/A=,NF6vNsPH4OpVSg+bDslMoBUlSPw=
-30,-29,IYRizT0NLSm0j5F9E93YyHQUr/A=,WRP1ZGg5v6aXChhFH9pydnLfVIE=
-28,-27,IYRizT0NLSm0j5F9E93YyHQUr/A=,WRP1ZGg5v6aXChhFH9pydnLfVIE=
-32,-32,IYRizT0NLSm0j5F9E93YyHQUr/A=,WRP1ZGg5v6aXChhFH9pydnLfVIE=
-28,-26,IYRizT0NLSm0j5F9E93YyHQUr/A=,WRP1ZGg5v6aXChhFH9pydnLfVIE=
-27,-30,IYRizT0NLSm0j5F9E93YyHQUr/A=,WRP1ZGg5v6aXChhFH9pydnLfVIE=
-26,-25,IYRizT0NLSm0j5F9E93YyHQUr/A=,WRP1ZGg5v6aXChhFH9pydnLfVIE=
-26,-27,IYRizT0NLSm0j5F9E93YyHQUr/A=,WRP1ZGg5v6aXChhFH9pydnLfVIE=
-27,-21,IYRizT0NLSm0j5F9E93YyHQUr/A=,NF6vNsPH4OpVSg+bDslMoBUlSPw=
-29,-17,IYRizT0NLSm0j5F9E93YyHQUr/A=,NF6vNsPH4OpVSg+bDslMoBUlSPw=
-31,-29,IYRizT0NLSm0j5F9E93YyHQUr/A=,WRP1ZGg5v6aXChhFH9pydnLfVIE=
-32,-25,IYRizT0NLSm0j5F9E93YyHQUr/A=,WRP1ZGg5v6aXChhFH9pydnLfVIE=
-25,-32,IYRizT0NLSm0j5F9E93YyHQUr/A=,WRP1ZGg5v6aXChhFH9pydnLfVIE=
-28,-21,IYRizT0NLSm0j5F9E93YyHQUr/A=,NF6vNsPH4OpVSg+bDslMoBUlSPw=
-28,-30,IYRizT0NLSm0j5F9E93YyHQUr/A=,WRP1ZGg5v6aXChhFH9pydnLfVIE=
-26,-22,IYRizT0NLSm0j5F9E93YyHQUr/A=,NF6vNsPH4OpVSg+bDslMoBUlSPw=
-27,-26,IYRizT0NLSm0j5F9E93YyHQUr/A=,WRP1ZGg5v6aXChhFH9pydnLfVIE=
-25,-22,IYRizT0NLSm0j5F9E93YyHQUr/A=,NF6vNsPH4OpVSg+bDslMoBUlSPw=
-27,-22,IYRizT0NLSm0j5F9E93YyHQUr/A=,NF6vNsPH4OpVSg+bDslMoBUlSPw=
-26,-23,IYRizT0NLSm0j5F9E93YyHQUr/A=,NF6vNsPH4OpVSg+bDslMoBUlSPw=
-25,-23,IYRizT0NLSm0j5F9E93YyHQUr/A=,NF6vNsPH4OpVSg+bDslMoBUlSPw=
-26,-21,IYRizT0NLSm0j5F9E93YyHQUr/A=,NF6vNsPH4OpVSg+bDslMoBUlSPw=
-27,-25,IYRizT0NLSm0j5F9E93YyHQUr/A=,WRP1ZGg5v6aXChhFH9pydnLfVIE=
-26,-30,IYRizT0NLSm0j5F9E93YyHQUr/A=,WRP1ZGg5v6aXChhFH9pydnLfVIE=
-28,-22,IYRizT0NLSm0j5F9E93YyHQUr/A=,NF6vNsPH4OpVSg+bDslMoBUlSPw=
-28,-23,IYRizT0NLSm0j5F9E93YyHQUr/A=,NF6vNsPH4OpVSg+bDslMoBUlSPw=
-32,-31,IYRizT0NLSm0j5F9E93YyHQUr/A=,WRP1ZGg5v6aXChhFH9pydnLfVIE=
-18,-28,IYRizT0NLSm0j5F9E93YyHQUr/A=,jvHApbJ1K3JUV0OxsUrShtstmzA=
-22,-24,IYRizT0NLSm0j5F9E93YyHQUr/A=,Ld63FwHxcyCgDc5jP6lhmH2mNBY=
-30,-17,IYRizT0NLSm0j5F9E93YyHQUr/A=,NF6vNsPH4OpVSg+bDslMoBUlSPw=
-27,-23,IYRizT0NLSm0j5F9E93YyHQUr/A=,NF6vNsPH4OpVSg+bDslMoBUlSPw=
-22,-27,BpkmSYDAzPIWfYCNwpeCiNeN4JU=,jvHApbJ1K3JUV0OxsUrShtstmzA=
-24,-27,BpkmSYDAzPIWfYCNwpeCiNeN4JU=,jvHApbJ1K3JUV0OxsUrShtstmzA=
-19,-28,BpkmSYDAzPIWfYCNwpeCiNeN4JU=,jvHApbJ1K3JUV0OxsUrShtstmzA=
-25,-29,BpkmSYDAzPIWfYCNwpeCiNeN4JU=,WRP1ZGg5v6aXChhFH9pydnLfVIE=
-31,-17,BpkmSYDAzPIWfYCNwpeCiNeN4JU=,NF6vNsPH4OpVSg+bDslMoBUlSPw=
-18,-27,BpkmSYDAzPIWfYCNwpeCiNeN4JU=,jvHApbJ1K3JUV0OxsUrShtstmzA=
-18,-24,BpkmSYDAzPIWfYCNwpeCiNeN4JU=,Ld63FwHxcyCgDc5jP6lhmH2mNBY=
-19,-27,BpkmSYDAzPIWfYCNwpeCiNeN4JU=,jvHApbJ1K3JUV0OxsUrShtstmzA=
-28,-25,BpkmSYDAzPIWfYCNwpeCiNeN4JU=,WRP1ZGg5v6aXChhFH9pydnLfVIE=
-22,-26,BpkmSYDAzPIWfYCNwpeCiNeN4JU=,jvHApbJ1K3JUV0OxsUrShtstmzA=
-20,-28,BpkmSYDAzPIWfYCNwpeCiNeN4JU=,jvHApbJ1K3JUV0OxsUrShtstmzA=
-20,-27,BpkmSYDAzPIWfYCNwpeCiNeN4JU=,jvHApbJ1K3JUV0OxsUrShtstmzA=
-23,-26,BpkmSYDAzPIWfYCNwpeCiNeN4JU=,jvHApbJ1K3JUV0OxsUrShtstmzA=
-21,-27,BpkmSYDAzPIWfYCNwpeCiNeN4JU=,jvHApbJ1K3JUV0OxsUrShtstmzA=
-21,-28,BpkmSYDAzPIWfYCNwpeCiNeN4JU=,jvHApbJ1K3JUV0OxsUrShtstmzA=
-22,-28,BpkmSYDAzPIWfYCNwpeCiNeN4JU=,jvHApbJ1K3JUV0OxsUrShtstmzA=
-32,-29,BpkmSYDAzPIWfYCNwpeCiNeN4JU=,WRP1ZGg5v6aXChhFH9pydnLfVIE=
-23,-28,BpkmSYDAzPIWfYCNwpeCiNeN4JU=,jvHApbJ1K3JUV0OxsUrShtstmzA=
-21,-24,BpkmSYDAzPIWfYCNwpeCiNeN4JU=,Ld63FwHxcyCgDc5jP6lhmH2mNBY=
-32,-26,BpkmSYDAzPIWfYCNwpeCiNeN4JU=,WRP1ZGg5v6aXChhFH9pydnLfVIE=
-23,-27,BpkmSYDAzPIWfYCNwpeCiNeN4JU=,jvHApbJ1K3JUV0OxsUrShtstmzA=
-25,-28,BpkmSYDAzPIWfYCNwpeCiNeN4JU=,WRP1ZGg5v6aXChhFH9pydnLfVIE=
-29,-18,BpkmSYDAzPIWfYCNwpeCiNeN4JU=,NF6vNsPH4OpVSg+bDslMoBUlSPw=
-26,-32,BpkmSYDAzPIWfYCNwpeCiNeN4JU=,WRP1ZGg5v6aXChhFH9pydnLfVIE=
-24,-26,BpkmSYDAzPIWfYCNwpeCiNeN4JU=,jvHApbJ1K3JUV0OxsUrShtstmzA=
-26,-26,BpkmSYDAzPIWfYCNwpeCiNeN4JU=,WRP1ZGg5v6aXChhFH9pydnLfVIE=
-23,-21,BpkmSYDAzPIWfYCNwpeCiNeN4JU=,Ld63FwHxcyCgDc5jP6lhmH2mNBY=
-25,-17,BpkmSYDAzPIWfYCNwpeCiNeN4JU=,NF6vNsPH4OpVSg+bDslMoBUlSPw=
-29,-23,BpkmSYDAzPIWfYCNwpeCiNeN4JU=,NF6vNsPH4OpVSg+bDslMoBUlSPw=
-32,-30,BpkmSYDAzPIWfYCNwpeCiNeN4JU=,WRP1ZGg5v6aXChhFH9pydnLfVIE=
-21,-26,BpkmSYDAzPIWfYCNwpeCiNeN4JU=,jvHApbJ1K3JUV0OxsUrShtstmzA=
-31,-31,BpkmSYDAzPIWfYCNwpeCiNeN4JU=,WRP1ZGg5v6aXChhFH9pydnLfVIE=
-29,-32,BpkmSYDAzPIWfYCNwpeCiNeN4JU=,WRP1ZGg5v6aXChhFH9pydnLfVIE=
-30,-23,gT4w2x9019sxWb5+ipd9PPzeNag=,NF6vNsPH4OpVSg+bDslMoBUlSPw=
-30,-31,gT4w2x9019sxWb5+ipd9PPzeNag=,WRP1ZGg5v6aXChhFH9pydnLfVIE=
-29,-31,gT4w2x9019sxWb5+ipd9PPzeNag=,WRP1ZGg5v6aXChhFH9pydnLfVIE=
-27,-29,gT4w2x9019sxWb5+ipd9PPzeNag=,WRP1ZGg5v6aXChhFH9pydnLfVIE=
-30,-18,gT4w2x9019sxWb5+ipd9PPzeNag=,NF6vNsPH4OpVSg+bDslMoBUlSPw=
-29,-29,gT4w2x9019sxWb5+ipd9PPzeNag=,WRP1ZGg5v6aXChhFH9pydnLfVIE=
-31,-23,gT4w2x9019sxWb5+ipd9PPzeNag=,NF6vNsPH4OpVSg+bDslMoBUlSPw=
-24,-28,gT4w2x9019sxWb5+ipd9PPzeNag=,jvHApbJ1K3JUV0OxsUrShtstmzA=
-24,-31,gT4w2x9019sxWb5+ipd9PPzeNag=,jvHApbJ1K3JUV0OxsUrShtstmzA=
-31,-18,gT4w2x9019sxWb5+ipd9PPzeNag=,NF6vNsPH4OpVSg+bDslMoBUlSPw=
-26,-29,gT4w2x9019sxWb5+ipd9PPzeNag=,WRP1ZGg5v6aXChhFH9pydnLfVIE=
-18,-29,gT4w2x9019sxWb5+ipd9PPzeNag=,jvHApbJ1K3JUV0OxsUrShtstmzA=
-32,-27,gT4w2x9019sxWb5+ipd9PPzeNag=,WRP1ZGg5v6aXChhFH9pydnLfVIE=
-29,-19,gT4w2x9019sxWb5+ipd9PPzeNag=,NF6vNsPH4OpVSg+bDslMoBUlSPw=
-28,-29,gT4w2x9019sxWb5+ipd9PPzeNag=,WRP1ZGg5v6aXChhFH9pydnLfVIE=
-26,-17,gT4w2x9019sxWb5+ipd9PPzeNag=,NF6vNsPH4OpVSg+bDslMoBUlSPw=
-27,-32,gT4w2x9019sxWb5+ipd9PPzeNag=,WRP1ZGg5v6aXChhFH9pydnLfVIE=
-27,-17,gT4w2x9019sxWb5+ipd9PPzeNag=,NF6vNsPH4OpVSg+bDslMoBUlSPw=
-32,-24,gT4w2x9019sxWb5+ipd9PPzeNag=,NF6vNsPH4OpVSg+bDslMoBUlSPw=
-19,-29,gT4w2x9019sxWb5+ipd9PPzeNag=,jvHApbJ1K3JUV0OxsUrShtstmzA=
-30,-19,gT4w2x9019sxWb5+ipd9PPzeNag=,NF6vNsPH4OpVSg+bDslMoBUlSPw=
-28,-31,gT4w2x9019sxWb5+ipd9PPzeNag=,WRP1ZGg5v6aXChhFH9pydnLfVIE=
-31,-19,gT4w2x9019sxWb5+ipd9PPzeNag=,NF6vNsPH4OpVSg+bDslMoBUlSPw=
-25,-19,gT4w2x9019sxWb5+ipd9PPzeNag=,NF6vNsPH4OpVSg+bDslMoBUlSPw=
-29,-20,gT4w2x9019sxWb5+ipd9PPzeNag=,NF6vNsPH4OpVSg+bDslMoBUlSPw=
-28,-18,gT4w2x9019sxWb5+ipd9PPzeNag=,NF6vNsPH4OpVSg+bDslMoBUlSPw=
-27,-18,gT4w2x9019sxWb5+ipd9PPzeNag=,NF6vNsPH4OpVSg+bDslMoBUlSPw=
-26,-19,gT4w2x9019sxWb5+ipd9PPzeNag=,NF6vNsPH4OpVSg+bDslMoBUlSPw=
-30,-20,gT4w2x9019sxWb5+ipd9PPzeNag=,NF6vNsPH4OpVSg+bDslMoBUlSPw=
-28,-17,gT4w2x9019sxWb5+ipd9PPzeNag=,NF6vNsPH4OpVSg+bDslMoBUlSPw=
-25,-18,gT4w2x9019sxWb5+ipd9PPzeNag=,NF6vNsPH4OpVSg+bDslMoBUlSPw=
-31,-20,gT4w2x9019sxWb5+ipd9PPzeNag=,NF6vNsPH4OpVSg+bDslMoBUlSPw=
-32,-17,gT4w2x9019sxWb5+ipd9PPzeNag=,NF6vNsPH4OpVSg+bDslMoBUlSPw=
-20,-29,gT4w2x9019sxWb5+ipd9PPzeNag=,jvHApbJ1K3JUV0OxsUrShtstmzA=
-25,-20,gT4w2x9019sxWb5+ipd9PPzeNag=,NF6vNsPH4OpVSg+bDslMoBUlSPw=
-26,-18,gT4w2x9019sxWb5+ipd9PPzeNag=,NF6vNsPH4OpVSg+bDslMoBUlSPw=
-28,-20,gT4w2x9019sxWb5+ipd9PPzeNag=,NF6vNsPH4OpVSg+bDslMoBUlSPw=
-22,-17,gT4w2x9019sxWb5+ipd9PPzeNag=,Ld63FwHxcyCgDc5jP6lhmH2mNBY=
-26,-20,gT4w2x9019sxWb5+ipd9PPzeNag=,NF6vNsPH4OpVSg+bDslMoBUlSPw=
-21,-17,gT4w2x9019sxWb5+ipd9PPzeNag=,Ld63FwHxcyCgDc5jP6lhmH2mNBY=
-32,-28,gT4w2x9019sxWb5+ipd9PPzeNag=,WRP1ZGg5v6aXChhFH9pydnLfVIE=
-28,-32,gT4w2x9019sxWb5+ipd9PPzeNag=,WRP1ZGg5v6aXChhFH9pydnLfVIE=
-27,-20,gT4w2x9019sxWb5+ipd9PPzeNag=,NF6vNsPH4OpVSg+bDslMoBUlSPw=
-31,-32,gT4w2x9019sxWb5+ipd9PPzeNag=,WRP1ZGg5v6aXChhFH9pydnLfVIE=
-28,-19,gT4w2x9019sxWb5+ipd9PPzeNag=,NF6vNsPH4OpVSg+bDslMoBUlSPw=
-29,-30,gT4w2x9019sxWb5+ipd9PPzeNag=,WRP1ZGg5v6aXChhFH9pydnLfVIE=
-20,-17,gT4w2x9019sxWb5+ipd9PPzeNag=,Ld63FwHxcyCgDc5jP6lhmH2mNBY=
-31,-30,gT4w2x9019sxWb5+ipd9PPzeNag=,WRP1ZGg5v6aXChhFH9pydnLfVIE=
-27,-19,gT4w2x9019sxWb5+ipd9PPzeNag=,NF6vNsPH4OpVSg+bDslMoBUlSPw=
-18,-18,gT4w2x9019sxWb5+ipd9PPzeNag=,Ld63FwHxcyCgDc5jP6lhmH2mNBY=
-23,-22,gT4w2x9019sxWb5+ipd9PPzeNag=,Ld63FwHxcyCgDc5jP6lhmH2mNBY=
-22,-20,gT4w2x9019sxWb5+ipd9PPzeNag=,Ld63FwHxcyCgDc5jP6lhmH2mNBY=
-19,-19,gT4w2x9019sxWb5+ipd9PPzeNag=,Ld63FwHxcyCgDc5jP6lhmH2mNBY=
-20,-19,gT4w2x9019sxWb5+ipd9PPzeNag=,Ld63FwHxcyCgDc5jP6lhmH2mNBY=
-32,-21,gT4w2x9019sxWb5+ipd9PPzeNag=,NF6vNsPH4OpVSg+bDslMoBUlSPw=
-19,-17,gT4w2x9019sxWb5+ipd9PPzeNag=,Ld63FwHxcyCgDc5jP6lhmH2mNBY=
-19,-20,gT4w2x9019sxWb5+ipd9PPzeNag=,Ld63FwHxcyCgDc5jP6lhmH2mNBY=
-30,-32,gT4w2x9019sxWb5+ipd9PPzeNag=,WRP1ZGg5v6aXChhFH9pydnLfVIE=
-22,-21,gT4w2x9019sxWb5+ipd9PPzeNag=,Ld63FwHxcyCgDc5jP6lhmH2mNBY=
-23,-18,gT4w2x9019sxWb5+ipd9PPzeNag=,Ld63FwHxcyCgDc5jP6lhmH2mNBY=
-22,-18,gT4w2x9019sxWb5+ipd9PPzeNag=,Ld63FwHxcyCgDc5jP6lhmH2mNBY=
-22,-22,gT4w2x9019sxWb5+ipd9PPzeNag=,Ld63FwHxcyCgDc5jP6lhmH2mNBY=
-21,-20,gT4w2x9019sxWb5+ipd9PPzeNag=,Ld63FwHxcyCgDc5jP6lhmH2mNBY=
-23,-20,gT4w2x9019sxWb5+ipd9PPzeNag=,Ld63FwHxcyCgDc5jP6lhmH2mNBY=
-22,-19,gT4w2x9019sxWb5+ipd9PPzeNag=,Ld63FwHxcyCgDc5jP6lhmH2mNBY=
-20,-18,gT4w2x9019sxWb5+ipd9PPzeNag=,Ld63FwHxcyCgDc5jP6lhmH2mNBY=
-18,-19,gT4w2x9019sxWb5+ipd9PPzeNag=,Ld63FwHxcyCgDc5jP6lhmH2mNBY=
-20,-20,gT4w2x9019sxWb5+ipd9PPzeNag=,Ld63FwHxcyCgDc5jP6lhmH2mNBY=
-23,-19,gT4w2x9019sxWb5+ipd9PPzeNag=,Ld63FwHxcyCgDc5jP6lhmH2mNBY=
-30,-30,gT4w2x9019sxWb5+ipd9PPzeNag=,WRP1ZGg5v6aXChhFH9pydnLfVIE=
-21,-22,gT4w2x9019sxWb5+ipd9PPzeNag=,Ld63FwHxcyCgDc5jP6lhmH2mNBY=
-20,-22,gT4w2x9019sxWb5+ipd9PPzeNag=,Ld63FwHxcyCgDc5jP6lhmH2mNBY=
-21,-18,gT4w2x9019sxWb5+ipd9PPzeNag=,Ld63FwHxcyCgDc5jP6lhmH2mNBY=
-21,-19,gT4w2x9019sxWb5+ipd9PPzeNag=,Ld63FwHxcyCgDc5jP6lhmH2mNBY=
-30,-21,gT4w2x9019sxWb5+ipd9PPzeNag=,NF6vNsPH4OpVSg+bDslMoBUlSPw=
-18,-20,gT4w2x9019sxWb5+ipd9PPzeNag=,Ld63FwHxcyCgDc5jP6lhmH2mNBY=
-31,-21,gT4w2x9019sxWb5+ipd9PPzeNag=,NF6vNsPH4OpVSg+bDslMoBUlSPw=
-29,-22,gT4w2x9019sxWb5+ipd9PPzeNag=,NF6vNsPH4OpVSg+bDslMoBUlSPw=
-30,-22,gT4w2x9019sxWb5+ipd9PPzeNag=,NF6vNsPH4OpVSg+bDslMoBUlSPw=
-19,-18,gT4w2x9019sxWb5+ipd9PPzeNag=,Ld63FwHxcyCgDc5jP6lhmH2mNBY=
-17,-17,gT4w2x9019sxWb5+ipd9PPzeNag=,Ld63FwHxcyCgDc5jP6lhmH2mNBY=
-32,-22,gT4w2x9019sxWb5+ipd9PPzeNag=,NF6vNsPH4OpVSg+bDslMoBUlSPw=
-31,-22,Ej1R51jga9jB9fY85jT+lHDNZ38=,NF6vNsPH4OpVSg+bDslMoBUlSPw=
-19,-22,Ej1R51jga9jB9fY85jT+lHDNZ38=,Ld63FwHxcyCgDc5jP6lhmH2mNBY=
-29,-21,Ej1R51jga9jB9fY85jT+lHDNZ38=,NF6vNsPH4OpVSg+bDslMoBUlSPw=
-18,-17,Ej1R51jga9jB9fY85jT+lHDNZ38=,Ld63FwHxcyCgDc5jP6lhmH2mNBY=
-24,-19,Ej1R51jga9jB9fY85jT+lHDNZ38=,Ld63FwHxcyCgDc5jP6lhmH2mNBY=
-27,-31,Ej1R51jga9jB9fY85jT+lHDNZ38=,WRP1ZGg5v6aXChhFH9pydnLfVIE=
-21,-21,Ej1R51jga9jB9fY85jT+lHDNZ38=,Ld63FwHxcyCgDc5jP6lhmH2mNBY=
-23,-17,Ej1R51jga9jB9fY85jT+lHDNZ38=,Ld63FwHxcyCgDc5jP6lhmH2mNBY=
-24,-20,Ej1R51jga9jB9fY85jT+lHDNZ38=,Ld63FwHxcyCgDc5jP6lhmH2mNBY=
-24,-18,Ej1R51jga9jB9fY85jT+lHDNZ38=,Ld63FwHxcyCgDc5jP6lhmH2mNBY=
-17,-19,Ej1R51jga9jB9fY85jT+lHDNZ38=,Ld63FwHxcyCgDc5jP6lhmH2mNBY=
-20,-21,Ej1R51jga9jB9fY85jT+lHDNZ38=,Ld63FwHxcyCgDc5jP6lhmH2mNBY=
-21,-29,Ej1R51jga9jB9fY85jT+lHDNZ38=,jvHApbJ1K3JUV0OxsUrShtstmzA=
-17,-20,Ej1R51jga9jB9fY85jT+lHDNZ38=,Ld63FwHxcyCgDc5jP6lhmH2mNBY=
-30,-28,Ej1R51jga9jB9fY85jT+lHDNZ38=,WRP1ZGg5v6aXChhFH9pydnLfVIE=
-18,-22,Ej1R51jga9jB9fY85jT+lHDNZ38=,Ld63FwHxcyCgDc5jP6lhmH2mNBY=
-32,-23,Ej1R51jga9jB9fY85jT+lHDNZ38=,NF6vNsPH4OpVSg+bDslMoBUlSPw=
-25,-31,Ej1R51jga9jB9fY85jT+lHDNZ38=,WRP1ZGg5v6aXChhFH9pydnLfVIE=
-24,-17,Ej1R51jga9jB9fY85jT+lHDNZ38=,Ld63FwHxcyCgDc5jP6lhmH2mNBY=
-17,-18,Ej1R51jga9jB9fY85jT+lHDNZ38=,Ld63FwHxcyCgDc5jP6lhmH2mNBY=
-29,-25,Ej1R51jga9jB9fY85jT+lHDNZ38=,WRP1ZGg5v6aXChhFH9pydnLfVIE=
-31,-28,Ej1R51jga9jB9fY85jT+lHDNZ38=,WRP1ZGg5v6aXChhFH9pydnLfVIE=
-30,-27,Ej1R51jga9jB9fY85jT+lHDNZ38=,WRP1ZGg5v6aXChhFH9pydnLfVIE=
-30,-24,Ej1R51jga9jB9fY85jT+lHDNZ38=,NF6vNsPH4OpVSg+bDslMoBUlSPw=
-31,-26,Ej1R51jga9jB9fY85jT+lHDNZ38=,WRP1ZGg5v6aXChhFH9pydnLfVIE=
-29,-28,Ej1R51jga9jB9fY85jT+lHDNZ38=,WRP1ZGg5v6aXChhFH9pydnLfVIE=
-29,-27,Ej1R51jga9jB9fY85jT+lHDNZ38=,WRP1ZGg5v6aXChhFH9pydnLfVIE=
-19,-21,Ej1R51jga9jB9fY85jT+lHDNZ38=,Ld63FwHxcyCgDc5jP6lhmH2mNBY=
-30,-25,Ej1R51jga9jB9fY85jT+lHDNZ38=,WRP1ZGg5v6aXChhFH9pydnLfVIE=
-31,-27,UnJF9OuHX5YGKoU5j42X8CPfB9g=,WRP1ZGg5v6aXChhFH9pydnLfVIE=
-31,-25,UnJF9OuHX5YGKoU5j42X8CPfB9g=,WRP1ZGg5v6aXChhFH9pydnLfVIE=
-18,-21,UnJF9OuHX5YGKoU5j42X8CPfB9g=,Ld63FwHxcyCgDc5jP6lhmH2mNBY=
-30,-26,UnJF9OuHX5YGKoU5j42X8CPfB9g=,WRP1ZGg5v6aXChhFH9pydnLfVIE=
-21,-23,UnJF9OuHX5YGKoU5j42X8CPfB9g=,Ld63FwHxcyCgDc5jP6lhmH2mNBY=
-22,-23,UnJF9OuHX5YGKoU5j42X8CPfB9g=,Ld63FwHxcyCgDc5jP6lhmH2mNBY=
-29,-24,UnJF9OuHX5YGKoU5j42X8CPfB9g=,NF6vNsPH4OpVSg+bDslMoBUlSPw=
-19,-23,UnJF9OuHX5YGKoU5j42X8CPfB9g=,Ld63FwHxcyCgDc5jP6lhmH2mNBY=
-20,-23,UnJF9OuHX5YGKoU5j42X8CPfB9g=,Ld63FwHxcyCgDc5jP6lhmH2mNBY=
-23,-23,UnJF9OuHX5YGKoU5j42X8CPfB9g=,Ld63FwHxcyCgDc5jP6lhmH2mNBY=
-25,-30,UnJF9OuHX5YGKoU5j42X8CPfB9g=,WRP1ZGg5v6aXChhFH9pydnLfVIE=
-26,-31,UnJF9OuHX5YGKoU5j42X8CPfB9g=,WRP1ZGg5v6aXChhFH9pydnLfVIE=
-24,-21,UnJF9OuHX5YGKoU5j42X8CPfB9g=,Ld63FwHxcyCgDc5jP6lhmH2mNBY=
-24,-22,UnJF9OuHX5YGKoU5j42X8CPfB9g=,Ld63FwHxcyCgDc5jP6lhmH2mNBY=
-31,-24,UnJF9OuHX5YGKoU5j42X8CPfB9g=,NF6vNsPH4OpVSg+bDslMoBUlSPw=
-24,-23,UnJF9OuHX5YGKoU5j42X8CPfB9g=,Ld63FwHxcyCgDc5jP6lhmH2mNBY=
-24,-24,UnJF9OuHX5YGKoU5j42X8CPfB9g=,Ld63FwHxcyCgDc5jP6lhmH2mNBY=
-29,-26,UnJF9OuHX5YGKoU5j42X8CPfB9g=,WRP1ZGg5v6aXChhFH9pydnLfVIE=
-18,-23,UnJF9OuHX5YGKoU5j42X8CPfB9g=,Ld63FwHxcyCgDc5jP6lhmH2mNBY=
-20,-31,UnJF9OuHX5YGKoU5j42X8CPfB9g=,jvHApbJ1K3JUV0OxsUrShtstmzA=
-22,-29,UnJF9OuHX5YGKoU5j42X8CPfB9g=,jvHApbJ1K3JUV0OxsUrShtstmzA=
-19,-24,UnJF9OuHX5YGKoU5j42X8CPfB9g=,Ld63FwHxcyCgDc5jP6lhmH2mNBY=
-23,-24,UnJF9OuHX5YGKoU5j42X8CPfB9g=,Ld63FwHxcyCgDc5jP6lhmH2mNBY=
-20,-30,UnJF9OuHX5YGKoU5j42X8CPfB9g=,jvHApbJ1K3JUV0OxsUrShtstmzA=
-19,-30,UnJF9OuHX5YGKoU5j42X8CPfB9g=,jvHApbJ1K3JUV0OxsUrShtstmzA=
-18,-30,UnJF9OuHX5YGKoU5j42X8CPfB9g=,jvHApbJ1K3JUV0OxsUrShtstmzA=
-22,-30,UnJF9OuHX5YGKoU5j42X8CPfB9g=,jvHApbJ1K3JUV0OxsUrShtstmzA=
-18,-31,UnJF9OuHX5YGKoU5j42X8CPfB9g=,jvHApbJ1K3JUV0OxsUrShtstmzA=
-24,-30,UnJF9OuHX5YGKoU5j42X8CPfB9g=,jvHApbJ1K3JUV0OxsUrShtstmzA=
-24,-29,UnJF9OuHX5YGKoU5j42X8CPfB9g=,jvHApbJ1K3JUV0OxsUrShtstmzA=
-19,-31,UnJF9OuHX5YGKoU5j42X8CPfB9g=,jvHApbJ1K3JUV0OxsUrShtstmzA=
-21,-31,UnJF9OuHX5YGKoU5j42X8CPfB9g=,jvHApbJ1K3JUV0OxsUrShtstmzA=
-23,-29,UnJF9OuHX5YGKoU5j42X8CPfB9g=,jvHApbJ1K3JUV0OxsUrShtstmzA=
-21,-30,UnJF9OuHX5YGKoU5j42X8CPfB9g=,jvHApbJ1K3JUV0OxsUrShtstmzA=
-17,-32,UnJF9OuHX5YGKoU5j42X8CPfB9g=,jvHApbJ1K3JUV0OxsUrShtstmzA=
-18,-26,UnJF9OuHX5YGKoU5j42X8CPfB9g=,jvHApbJ1K3JUV0OxsUrShtstmzA=
-17,-28,Gpsx30m5ORs/FJUii9xQu9QhoTw=,jvHApbJ1K3JUV0OxsUrShtstmzA=
-20,-26,Gpsx30m5ORs/FJUii9xQu9QhoTw=,jvHApbJ1K3JUV0OxsUrShtstmzA=
-17,-31,Gpsx30m5ORs/FJUii9xQu9QhoTw=,jvHApbJ1K3JUV0OxsUrShtstmzA=
-19,-26,Gpsx30m5ORs/FJUii9xQu9QhoTw=,jvHApbJ1K3JUV0OxsUrShtstmzA=
-17,-27,Gpsx30m5ORs/FJUii9xQu9QhoTw=,jvHApbJ1K3JUV0OxsUrShtstmzA=
-17,-26,Gpsx30m5ORs/FJUii9xQu9QhoTw=,jvHApbJ1K3JUV0OxsUrShtstmzA=
-23,-31,Gpsx30m5ORs/FJUii9xQu9QhoTw=,jvHApbJ1K3JUV0OxsUrShtstmzA=
-17,-25,Gpsx30m5ORs/FJUii9xQu9QhoTw=,jvHApbJ1K3JUV0OxsUrShtstmzA=
-17,-29,Gpsx30m5ORs/FJUii9xQu9QhoTw=,jvHApbJ1K3JUV0OxsUrShtstmzA=
-18,-32,Gpsx30m5ORs/FJUii9xQu9QhoTw=,jvHApbJ1K3JUV0OxsUrShtstmzA=
-17,-24,Gpsx30m5ORs/FJUii9xQu9QhoTw=,Ld63FwHxcyCgDc5jP6lhmH2mNBY=
-17,-23,Gpsx30m5ORs/FJUii9xQu9QhoTw=,Ld63FwHxcyCgDc5jP6lhmH2mNBY=
-19,-32,Gpsx30m5ORs/FJUii9xQu9QhoTw=,jvHApbJ1K3JUV0OxsUrShtstmzA=
-19,-25,Gpsx30m5ORs/FJUii9xQu9QhoTw=,jvHApbJ1K3JUV0OxsUrShtstmzA=
-20,-25,Gpsx30m5ORs/FJUii9xQu9QhoTw=,jvHApbJ1K3JUV0OxsUrShtstmzA=
-24,-25,Gpsx30m5ORs/FJUii9xQu9QhoTw=,jvHApbJ1K3JUV0OxsUrShtstmzA=
-23,-30,Gpsx30m5ORs/FJUii9xQu9QhoTw=,jvHApbJ1K3JUV0OxsUrShtstmzA=
-24,-32,Gpsx30m5ORs/FJUii9xQu9QhoTw=,jvHApbJ1K3JUV0OxsUrShtstmzA=
-22,-31,Gpsx30m5ORs/FJUii9xQu9QhoTw=,jvHApbJ1K3JUV0OxsUrShtstmzA=
-17,-22,Gpsx30m5ORs/FJUii9xQu9QhoTw=,Ld63FwHxcyCgDc5jP6lhmH2mNBY=
-18,-25,Gpsx30m5ORs/FJUii9xQu9QhoTw=,jvHApbJ1K3JUV0OxsUrShtstmzA=
-17,-30,Gpsx30m5ORs/FJUii9xQu9QhoTw=,jvHApbJ1K3JUV0OxsUrShtstmzA=
-20,-24,Gpsx30m5ORs/FJUii9xQu9QhoTw=,Ld63FwHxcyCgDc5jP6lhmH2mNBY=
-17,-21,Gpsx30m5ORs/FJUii9xQu9QhoTw=,Ld63FwHxcyCgDc5jP6lhmH2mNBY=
-21,-25,Gpsx30m5ORs/FJUii9xQu9QhoTw=,jvHApbJ1K3JUV0OxsUrShtstmzA=
-23,-25,Gpsx30m5ORs/FJUii9xQu9QhoTw=,jvHApbJ1K3JUV0OxsUrShtstmzA=
-20,-32,Gpsx30m5ORs/FJUii9xQu9QhoTw=,jvHApbJ1K3JUV0OxsUrShtstmzA=
-22,-25,Gpsx30m5ORs/FJUii9xQu9QhoTw=,jvHApbJ1K3JUV0OxsUrShtstmzA=
-23,-32,Gpsx30m5ORs/FJUii9xQu9QhoTw=,jvHApbJ1K3JUV0OxsUrShtstmzA=
-21,-32,Gpsx30m5ORs/FJUii9xQu9QhoTw=,jvHApbJ1K3JUV0OxsUrShtstmzA=
-22,-32,Gpsx30m5ORs/FJUii9xQu9QhoTw=,jvHApbJ1K3JUV0OxsUrShtstmzA=
-31,-12,FpqE+UDM43pG9HbYVcc344djqnc=,uQu2Y9QuZNFNeIHFZgljhbDuQfM=
-31,-11,fKmjZ2CciwSYzeNPA4Ms0lk54pE=,uQu2Y9QuZNFNeIHFZgljhbDuQfM=
-32,-10,fKmjZ2CciwSYzeNPA4Ms0lk54pE=,uQu2Y9QuZNFNeIHFZgljhbDuQfM=
-30,-12,fKmjZ2CciwSYzeNPA4Ms0lk54pE=,uQu2Y9QuZNFNeIHFZgljhbDuQfM=
-17,-10,fKmjZ2CciwSYzeNPA4Ms0lk54pE=,c4yiholuJHZp6vZEK9xyFlf6tbw=
-29,-12,fKmjZ2CciwSYzeNPA4Ms0lk54pE=,uQu2Y9QuZNFNeIHFZgljhbDuQfM=
-29,-9,fKmjZ2CciwSYzeNPA4Ms0lk54pE=,uQu2Y9QuZNFNeIHFZgljhbDuQfM=
-30,-9,fKmjZ2CciwSYzeNPA4Ms0lk54pE=,uQu2Y9QuZNFNeIHFZgljhbDuQfM=
-32,-11,fKmjZ2CciwSYzeNPA4Ms0lk54pE=,uQu2Y9QuZNFNeIHFZgljhbDuQfM=
-26,-12,fKmjZ2CciwSYzeNPA4Ms0lk54pE=,uQu2Y9QuZNFNeIHFZgljhbDuQfM=
-32,-12,fKmjZ2CciwSYzeNPA4Ms0lk54pE=,uQu2Y9QuZNFNeIHFZgljhbDuQfM=
-27,-12,fKmjZ2CciwSYzeNPA4Ms0lk54pE=,uQu2Y9QuZNFNeIHFZgljhbDuQfM=
-17,-11,fKmjZ2CciwSYzeNPA4Ms0lk54pE=,c4yiholuJHZp6vZEK9xyFlf6tbw=
-25,-9,fKmjZ2CciwSYzeNPA4Ms0lk54pE=,uQu2Y9QuZNFNeIHFZgljhbDuQfM=
-25,-12,fKmjZ2CciwSYzeNPA4Ms0lk54pE=,uQu2Y9QuZNFNeIHFZgljhbDuQfM=
-28,-12,fKmjZ2CciwSYzeNPA4Ms0lk54pE=,uQu2Y9QuZNFNeIHFZgljhbDuQfM=
-27,-9,fKmjZ2CciwSYzeNPA4Ms0lk54pE=,uQu2Y9QuZNFNeIHFZgljhbDuQfM=
-24,-10,fKmjZ2CciwSYzeNPA4Ms0lk54pE=,c4yiholuJHZp6vZEK9xyFlf6tbw=
-26,-9,fKmjZ2CciwSYzeNPA4Ms0lk54pE=,uQu2Y9QuZNFNeIHFZgljhbDuQfM=
-28,-9,fKmjZ2CciwSYzeNPA4Ms0lk54pE=,uQu2Y9QuZNFNeIHFZgljhbDuQfM=
-17,-12,fKmjZ2CciwSYzeNPA4Ms0lk54pE=,c4yiholuJHZp6vZEK9xyFlf6tbw=
-25,-10,fKmjZ2CciwSYzeNPA4Ms0lk54pE=,uQu2Y9QuZNFNeIHFZgljhbDuQfM=
-28,-10,fKmjZ2CciwSYzeNPA4Ms0lk54pE=,uQu2Y9QuZNFNeIHFZgljhbDuQfM=
-27,-10,fKmjZ2CciwSYzeNPA4Ms0lk54pE=,uQu2Y9QuZNFNeIHFZgljhbDuQfM=
-26,-10,fKmjZ2CciwSYzeNPA4Ms0lk54pE=,uQu2Y9QuZNFNeIHFZgljhbDuQfM=
-30,-11,fKmjZ2CciwSYzeNPA4Ms0lk54pE=,uQu2Y9QuZNFNeIHFZgljhbDuQfM=
-18,-9,fKmjZ2CciwSYzeNPA4Ms0lk54pE=,c4yiholuJHZp6vZEK9xyFlf6tbw=
-32,-9,fKmjZ2CciwSYzeNPA4Ms0lk54pE=,uQu2Y9QuZNFNeIHFZgljhbDuQfM=
-19,-9,fKmjZ2CciwSYzeNPA4Ms0lk54pE=,c4yiholuJHZp6vZEK9xyFlf6tbw=
-31,-10,fKmjZ2CciwSYzeNPA4Ms0lk54pE=,uQu2Y9QuZNFNeIHFZgljhbDuQfM=
-20,-9,fKmjZ2CciwSYzeNPA4Ms0lk54pE=,c4yiholuJHZp6vZEK9xyFlf6tbw=
-29,-11,fKmjZ2CciwSYzeNPA4Ms0lk54pE=,uQu2Y9QuZNFNeIHFZgljhbDuQfM=
-32,-16,fKmjZ2CciwSYzeNPA4Ms0lk54pE=,uQu2Y9QuZNFNeIHFZgljhbDuQfM=
-29,-10,+Hpmfj75psocBN8+ejvjRd+0UjM=,uQu2Y9QuZNFNeIHFZgljhbDuQfM=
-31,-9,+Hpmfj75psocBN8+ejvjRd+0UjM=,uQu2Y9QuZNFNeIHFZgljhbDuQfM=
-30,-10,+Hpmfj75psocBN8+ejvjRd+0UjM=,uQu2Y9QuZNFNeIHFZgljhbDuQfM=
-20,-12,+Hpmfj75psocBN8+ejvjRd+0UjM=,c4yiholuJHZp6vZEK9xyFlf6tbw=
-23,-16,+Hpmfj75psocBN8+ejvjRd+0UjM=,c4yiholuJHZp6vZEK9xyFlf6tbw=
-18,-10,+Hpmfj75psocBN8+ejvjRd+0UjM=,c4yiholuJHZp6vZEK9xyFlf6tbw=
-22,-16,+Hpmfj75psocBN8+ejvjRd+0UjM=,c4yiholuJHZp6vZEK9xyFlf6tbw=
-26,-11,+Hpmfj75psocBN8+ejvjRd+0UjM=,uQu2Y9QuZNFNeIHFZgljhbDuQfM=
-21,-16,+Hpmfj75psocBN8+ejvjRd+0UjM=,c4yiholuJHZp6vZEK9xyFlf6tbw=
-19,-10,+Hpmfj75psocBN8+ejvjRd+0UjM=,c4yiholuJHZp6vZEK9xyFlf6tbw=
-28,-14,+Hpmfj75psocBN8+ejvjRd+0UjM=,uQu2Y9QuZNFNeIHFZgljhbDuQfM=
-25,-16,+Hpmfj75psocBN8+ejvjRd+0UjM=,uQu2Y9QuZNFNeIHFZgljhbDuQfM=
-27,-11,+Hpmfj75psocBN8+ejvjRd+0UjM=,uQu2Y9QuZNFNeIHFZgljhbDuQfM=
-25,-11,+Hpmfj75psocBN8+ejvjRd+0UjM=,uQu2Y9QuZNFNeIHFZgljhbDuQfM=
-17,-16,+Hpmfj75psocBN8+ejvjRd+0UjM=,c4yiholuJHZp6vZEK9xyFlf6tbw=
-17,-9,+Hpmfj75psocBN8+ejvjRd+0UjM=,c4yiholuJHZp6vZEK9xyFlf6tbw=
-17,-8,+Hpmfj75psocBN8+ejvjRd+0UjM=,2TdKpG5NrZGA/SpunGZxCX7UTJo=
-18,-11,+Hpmfj75psocBN8+ejvjRd+0UjM=,c4yiholuJHZp6vZEK9xyFlf6tbw=
-19,-11,+Hpmfj75psocBN8+ejvjRd+0UjM=,c4yiholuJHZp6vZEK9xyFlf6tbw=
-20,-16,+Hpmfj75psocBN8+ejvjRd+0UjM=,c4yiholuJHZp6vZEK9xyFlf6tbw=
-31,-16,+Hpmfj75psocBN8+ejvjRd+0UjM=,uQu2Y9QuZNFNeIHFZgljhbDuQfM=
-20,-11,+Hpmfj75psocBN8+ejvjRd+0UjM=,c4yiholuJHZp6vZEK9xyFlf6tbw=
-28,-11,+Hpmfj75psocBN8+ejvjRd+0UjM=,uQu2Y9QuZNFNeIHFZgljhbDuQfM=
-24,-11,+Hpmfj75psocBN8+ejvjRd+0UjM=,c4yiholuJHZp6vZEK9xyFlf6tbw=
-19,-16,+Hpmfj75psocBN8+ejvjRd+0UjM=,c4yiholuJHZp6vZEK9xyFlf6tbw=
-32,-15,+Hpmfj75psocBN8+ejvjRd+0UjM=,uQu2Y9QuZNFNeIHFZgljhbDuQfM=
-30,-16,+Hpmfj75psocBN8+ejvjRd+0UjM=,uQu2Y9QuZNFNeIHFZgljhbDuQfM=
-20,-10,+Hpmfj75psocBN8+ejvjRd+0UjM=,c4yiholuJHZp6vZEK9xyFlf6tbw=
-18,-12,+Hpmfj75psocBN8+ejvjRd+0UjM=,c4yiholuJHZp6vZEK9xyFlf6tbw=
-32,-14,+Hpmfj75psocBN8+ejvjRd+0UjM=,uQu2Y9QuZNFNeIHFZgljhbDuQfM=
-26,-16,+Hpmfj75psocBN8+ejvjRd+0UjM=,uQu2Y9QuZNFNeIHFZgljhbDuQfM=
-19,-12,+Hpmfj75psocBN8+ejvjRd+0UjM=,c4yiholuJHZp6vZEK9xyFlf6tbw=
-23,-15,+Hpmfj75psocBN8+ejvjRd+0UjM=,c4yiholuJHZp6vZEK9xyFlf6tbw=
-32,-13,+Hpmfj75psocBN8+ejvjRd+0UjM=,uQu2Y9QuZNFNeIHFZgljhbDuQfM=
-18,-16,+Hpmfj75psocBN8+ejvjRd+0UjM=,c4yiholuJHZp6vZEK9xyFlf6tbw=
-29,-16,+Hpmfj75psocBN8+ejvjRd+0UjM=,uQu2Y9QuZNFNeIHFZgljhbDuQfM=
-31,-15,+Hpmfj75psocBN8+ejvjRd+0UjM=,uQu2Y9QuZNFNeIHFZgljhbDuQfM=
-29,-14,+Hpmfj75psocBN8+ejvjRd+0UjM=,uQu2Y9QuZNFNeIHFZgljhbDuQfM=
-30,-15,+Hpmfj75psocBN8+ejvjRd+0UjM=,uQu2Y9QuZNFNeIHFZgljhbDuQfM=
-30,-14,+Hpmfj75psocBN8+ejvjRd+0UjM=,uQu2Y9QuZNFNeIHFZgljhbDuQfM=
-30,-13,+Hpmfj75psocBN8+ejvjRd+0UjM=,uQu2Y9QuZNFNeIHFZgljhbDuQfM=
-31,-13,+Hpmfj75psocBN8+ejvjRd+0UjM=,uQu2Y9QuZNFNeIHFZgljhbDuQfM=
-17,-4,+Hpmfj75psocBN8+ejvjRd+0UjM=,2TdKpG5NrZGA/SpunGZxCX7UTJo=
-31,-14,+Hpmfj75psocBN8+ejvjRd+0UjM=,uQu2Y9QuZNFNeIHFZgljhbDuQfM=
-18,-3,znylUpkW2Z8Pk7mvTlTS3P/fEAw=,2TdKpG5NrZGA/SpunGZxCX7UTJo=
-24,-16,znylUpkW2Z8Pk7mvTlTS3P/fEAw=,c4yiholuJHZp6vZEK9xyFlf6tbw=
-20,-4,znylUpkW2Z8Pk7mvTlTS3P/fEAw=,2TdKpG5NrZGA/SpunGZxCX7UTJo=
-29,-15,znylUpkW2Z8Pk7mvTlTS3P/fEAw=,uQu2Y9QuZNFNeIHFZgljhbDuQfM=
-22,-15,znylUpkW2Z8Pk7mvTlTS3P/fEAw=,c4yiholuJHZp6vZEK9xyFlf6tbw=
-20,-6,znylUpkW2Z8Pk7mvTlTS3P/fEAw=,2TdKpG5NrZGA/SpunGZxCX7UTJo=
-17,-5,znylUpkW2Z8Pk7mvTlTS3P/fEAw=,2TdKpG5NrZGA/SpunGZxCX7UTJo=
-24,-12,znylUpkW2Z8Pk7mvTlTS3P/fEAw=,c4yiholuJHZp6vZEK9xyFlf6tbw=
-29,-13,znylUpkW2Z8Pk7mvTlTS3P/fEAw=,uQu2Y9QuZNFNeIHFZgljhbDuQfM=
-20,-14,znylUpkW2Z8Pk7mvTlTS3P/fEAw=,c4yiholuJHZp6vZEK9xyFlf6tbw=
-26,-14,znylUpkW2Z8Pk7mvTlTS3P/fEAw=,uQu2Y9QuZNFNeIHFZgljhbDuQfM=
-21,-9,znylUpkW2Z8Pk7mvTlTS3P/fEAw=,c4yiholuJHZp6vZEK9xyFlf6tbw=
-27,-16,znylUpkW2Z8Pk7mvTlTS3P/fEAw=,uQu2Y9QuZNFNeIHFZgljhbDuQfM=
-20,-5,znylUpkW2Z8Pk7mvTlTS3P/fEAw=,2TdKpG5NrZGA/SpunGZxCX7UTJo=
-17,-15,znylUpkW2Z8Pk7mvTlTS3P/fEAw=,c4yiholuJHZp6vZEK9xyFlf6tbw=
-22,-9,znylUpkW2Z8Pk7mvTlTS3P/fEAw=,c4yiholuJHZp6vZEK9xyFlf6tbw=
-17,-6,znylUpkW2Z8Pk7mvTlTS3P/fEAw=,2TdKpG5NrZGA/SpunGZxCX7UTJo=
-23,-14,znylUpkW2Z8Pk7mvTlTS3P/fEAw=,c4yiholuJHZp6vZEK9xyFlf6tbw=
-17,-13,znylUpkW2Z8Pk7mvTlTS3P/fEAw=,c4yiholuJHZp6vZEK9xyFlf6tbw=
-22,-14,znylUpkW2Z8Pk7mvTlTS3P/fEAw=,c4yiholuJHZp6vZEK9xyFlf6tbw=
-17,-14,znylUpkW2Z8Pk7mvTlTS3P/fEAw=,c4yiholuJHZp6vZEK9xyFlf6tbw=
-24,-13,znylUpkW2Z8Pk7mvTlTS3P/fEAw=,c4yiholuJHZp6vZEK9xyFlf6tbw=
-24,-15,znylUpkW2Z8Pk7mvTlTS3P/fEAw=,c4yiholuJHZp6vZEK9xyFlf6tbw=
-27,-14,znylUpkW2Z8Pk7mvTlTS3P/fEAw=,uQu2Y9QuZNFNeIHFZgljhbDuQfM=
-21,-14,znylUpkW2Z8Pk7mvTlTS3P/fEAw=,c4yiholuJHZp6vZEK9xyFlf6tbw=
-18,-15,znylUpkW2Z8Pk7mvTlTS3P/fEAw=,c4yiholuJHZp6vZEK9xyFlf6tbw=
-19,-13,znylUpkW2Z8Pk7mvTlTS3P/fEAw=,c4yiholuJHZp6vZEK9xyFlf6tbw=
-23,-9,znylUpkW2Z8Pk7mvTlTS3P/fEAw=,c4yiholuJHZp6vZEK9xyFlf6tbw=
-18,-13,znylUpkW2Z8Pk7mvTlTS3P/fEAw=,c4yiholuJHZp6vZEK9xyFlf6tbw=
-20,-15,znylUpkW2Z8Pk7mvTlTS3P/fEAw=,c4yiholuJHZp6vZEK9xyFlf6tbw=
-20,-13,znylUpkW2Z8Pk7mvTlTS3P/fEAw=,c4yiholuJHZp6vZEK9xyFlf6tbw=
-18,-14,znylUpkW2Z8Pk7mvTlTS3P/fEAw=,c4yiholuJHZp6vZEK9xyFlf6tbw=
-21,-10,znylUpkW2Z8Pk7mvTlTS3P/fEAw=,c4yiholuJHZp6vZEK9xyFlf6tbw=
-19,-14,vRgVUXHr924YCAy+6AU/+tLbTw0=,c4yiholuJHZp6vZEK9xyFlf6tbw=
-17,-2,vRgVUXHr924YCAy+6AU/+tLbTw0=,2TdKpG5NrZGA/SpunGZxCX7UTJo=
-21,-15,vRgVUXHr924YCAy+6AU/+tLbTw0=,c4yiholuJHZp6vZEK9xyFlf6tbw=
-19,-15,vRgVUXHr924YCAy+6AU/+tLbTw0=,c4yiholuJHZp6vZEK9xyFlf6tbw=
-20,-7,vRgVUXHr924YCAy+6AU/+tLbTw0=,2TdKpG5NrZGA/SpunGZxCX7UTJo=
-19,-5,vRgVUXHr924YCAy+6AU/+tLbTw0=,2TdKpG5NrZGA/SpunGZxCX7UTJo=
-21,-13,vRgVUXHr924YCAy+6AU/+tLbTw0=,c4yiholuJHZp6vZEK9xyFlf6tbw=
-23,-13,vRgVUXHr924YCAy+6AU/+tLbTw0=,c4yiholuJHZp6vZEK9xyFlf6tbw=
-17,-1,vRgVUXHr924YCAy+6AU/+tLbTw0=,2TdKpG5NrZGA/SpunGZxCX7UTJo=
-24,-14,viq3fwIvRGfao8hrpXOQIjKFRSQ=,c4yiholuJHZp6vZEK9xyFlf6tbw=
-19,-4,viq3fwIvRGfao8hrpXOQIjKFRSQ=,2TdKpG5NrZGA/SpunGZxCX7UTJo=
-28,-13,viq3fwIvRGfao8hrpXOQIjKFRSQ=,uQu2Y9QuZNFNeIHFZgljhbDuQfM=
-28,-16,viq3fwIvRGfao8hrpXOQIjKFRSQ=,uQu2Y9QuZNFNeIHFZgljhbDuQfM=
-26,-13,viq3fwIvRGfao8hrpXOQIjKFRSQ=,uQu2Y9QuZNFNeIHFZgljhbDuQfM=
-22,-13,viq3fwIvRGfao8hrpXOQIjKFRSQ=,c4yiholuJHZp6vZEK9xyFlf6tbw=
-22,-10,viq3fwIvRGfao8hrpXOQIjKFRSQ=,c4yiholuJHZp6vZEK9xyFlf6tbw=
-18,-4,viq3fwIvRGfao8hrpXOQIjKFRSQ=,2TdKpG5NrZGA/SpunGZxCX7UTJo=
-27,-15,viq3fwIvRGfao8hrpXOQIjKFRSQ=,uQu2Y9QuZNFNeIHFZgljhbDuQfM=
-17,-7,viq3fwIvRGfao8hrpXOQIjKFRSQ=,2TdKpG5NrZGA/SpunGZxCX7UTJo=
-18,-1,viq3fwIvRGfao8hrpXOQIjKFRSQ=,2TdKpG5NrZGA/SpunGZxCX7UTJo=
-25,-14,viq3fwIvRGfao8hrpXOQIjKFRSQ=,uQu2Y9QuZNFNeIHFZgljhbDuQfM=
-27,-13,viq3fwIvRGfao8hrpXOQIjKFRSQ=,uQu2Y9QuZNFNeIHFZgljhbDuQfM=
-19,-6,viq3fwIvRGfao8hrpXOQIjKFRSQ=,2TdKpG5NrZGA/SpunGZxCX7UTJo=
-17,-3,viq3fwIvRGfao8hrpXOQIjKFRSQ=,2TdKpG5NrZGA/SpunGZxCX7UTJo=
-19,-8,viq3fwIvRGfao8hrpXOQIjKFRSQ=,2TdKpG5NrZGA/SpunGZxCX7UTJo=
-18,-8,viq3fwIvRGfao8hrpXOQIjKFRSQ=,2TdKpG5NrZGA/SpunGZxCX7UTJo=
-18,-5,viq3fwIvRGfao8hrpXOQIjKFRSQ=,2TdKpG5NrZGA/SpunGZxCX7UTJo=
-20,-1,viq3fwIvRGfao8hrpXOQIjKFRSQ=,2TdKpG5NrZGA/SpunGZxCX7UTJo=
-19,-7,viq3fwIvRGfao8hrpXOQIjKFRSQ=,2TdKpG5NrZGA/SpunGZxCX7UTJo=
-20,-8,viq3fwIvRGfao8hrpXOQIjKFRSQ=,2TdKpG5NrZGA/SpunGZxCX7UTJo=
-25,-13,viq3fwIvRGfao8hrpXOQIjKFRSQ=,uQu2Y9QuZNFNeIHFZgljhbDuQfM=
-28,-15,viq3fwIvRGfao8hrpXOQIjKFRSQ=,uQu2Y9QuZNFNeIHFZgljhbDuQfM=
-18,-6,viq3fwIvRGfao8hrpXOQIjKFRSQ=,2TdKpG5NrZGA/SpunGZxCX7UTJo=
-26,-15,viq3fwIvRGfao8hrpXOQIjKFRSQ=,uQu2Y9QuZNFNeIHFZgljhbDuQfM=
-20,-3,viq3fwIvRGfao8hrpXOQIjKFRSQ=,2TdKpG5NrZGA/SpunGZxCX7UTJo=
-18,-7,viq3fwIvRGfao8hrpXOQIjKFRSQ=,2TdKpG5NrZGA/SpunGZxCX7UTJo=
-23,-6,viq3fwIvRGfao8hrpXOQIjKFRSQ=,2TdKpG5NrZGA/SpunGZxCX7UTJo=
-18,-2,viq3fwIvRGfao8hrpXOQIjKFRSQ=,2TdKpG5NrZGA/SpunGZxCX7UTJo=
-19,-3,viq3fwIvRGfao8hrpXOQIjKFRSQ=,2TdKpG5NrZGA/SpunGZxCX7UTJo=
-23,-10,viq3fwIvRGfao8hrpXOQIjKFRSQ=,c4yiholuJHZp6vZEK9xyFlf6tbw=
-25,-15,viq3fwIvRGfao8hrpXOQIjKFRSQ=,uQu2Y9QuZNFNeIHFZgljhbDuQfM=
-21,-5,viq3fwIvRGfao8hrpXOQIjKFRSQ=,2TdKpG5NrZGA/SpunGZxCX7UTJo=
-19,-1,viq3fwIvRGfao8hrpXOQIjKFRSQ=,2TdKpG5NrZGA/SpunGZxCX7UTJo=
-22,-6,viq3fwIvRGfao8hrpXOQIjKFRSQ=,2TdKpG5NrZGA/SpunGZxCX7UTJo=
-20,-2,viq3fwIvRGfao8hrpXOQIjKFRSQ=,2TdKpG5NrZGA/SpunGZxCX7UTJo=
-23,-12,viq3fwIvRGfao8hrpXOQIjKFRSQ=,c4yiholuJHZp6vZEK9xyFlf6tbw=
-26,-7,viq3fwIvRGfao8hrpXOQIjKFRSQ=,MuO+IiWGumTCt9Au1RFrNdccGcM=
-22,-5,viq3fwIvRGfao8hrpXOQIjKFRSQ=,2TdKpG5NrZGA/SpunGZxCX7UTJo=
-22,-11,viq3fwIvRGfao8hrpXOQIjKFRSQ=,c4yiholuJHZp6vZEK9xyFlf6tbw=
-24,-9,Ev4Eqi6gUAzLZgF4JLAxRz0Yq6k=,c4yiholuJHZp6vZEK9xyFlf6tbw=
-19,-2,Ev4Eqi6gUAzLZgF4JLAxRz0Yq6k=,2TdKpG5NrZGA/SpunGZxCX7UTJo=
-22,-4,Ev4Eqi6gUAzLZgF4JLAxRz0Yq6k=,2TdKpG5NrZGA/SpunGZxCX7UTJo=
-21,-6,Ev4Eqi6gUAzLZgF4JLAxRz0Yq6k=,2TdKpG5NrZGA/SpunGZxCX7UTJo=
-22,-7,Ev4Eqi6gUAzLZgF4JLAxRz0Yq6k=,2TdKpG5NrZGA/SpunGZxCX7UTJo=
-21,-7,Ev4Eqi6gUAzLZgF4JLAxRz0Yq6k=,2TdKpG5NrZGA/SpunGZxCX7UTJo=
-22,-8,Ev4Eqi6gUAzLZgF4JLAxRz0Yq6k=,2TdKpG5NrZGA/SpunGZxCX7UTJo=
-21,-8,Ev4Eqi6gUAzLZgF4JLAxRz0Yq6k=,2TdKpG5NrZGA/SpunGZxCX7UTJo=
-23,-3,Ev4Eqi6gUAzLZgF4JLAxRz0Yq6k=,2TdKpG5NrZGA/SpunGZxCX7UTJo=
-23,-11,Ev4Eqi6gUAzLZgF4JLAxRz0Yq6k=,c4yiholuJHZp6vZEK9xyFlf6tbw=
-25,-7,Ev4Eqi6gUAzLZgF4JLAxRz0Yq6k=,MuO+IiWGumTCt9Au1RFrNdccGcM=
-21,-2,Ev4Eqi6gUAzLZgF4JLAxRz0Yq6k=,2TdKpG5NrZGA/SpunGZxCX7UTJo=
-23,-2,Ev4Eqi6gUAzLZgF4JLAxRz0Yq6k=,2TdKpG5NrZGA/SpunGZxCX7UTJo=
-23,-4,Ev4Eqi6gUAzLZgF4JLAxRz0Yq6k=,2TdKpG5NrZGA/SpunGZxCX7UTJo=
-21,-11,Ev4Eqi6gUAzLZgF4JLAxRz0Yq6k=,c4yiholuJHZp6vZEK9xyFlf6tbw=
-23,-8,Ev4Eqi6gUAzLZgF4JLAxRz0Yq6k=,2TdKpG5NrZGA/SpunGZxCX7UTJo=
-23,-7,Ev4Eqi6gUAzLZgF4JLAxRz0Yq6k=,2TdKpG5NrZGA/SpunGZxCX7UTJo=
-21,-12,Ev4Eqi6gUAzLZgF4JLAxRz0Yq6k=,c4yiholuJHZp6vZEK9xyFlf6tbw=
-21,-4,Ev4Eqi6gUAzLZgF4JLAxRz0Yq6k=,2TdKpG5NrZGA/SpunGZxCX7UTJo=
-22,-2,Ev4Eqi6gUAzLZgF4JLAxRz0Yq6k=,2TdKpG5NrZGA/SpunGZxCX7UTJo=
-22,-12,Ev4Eqi6gUAzLZgF4JLAxRz0Yq6k=,c4yiholuJHZp6vZEK9xyFlf6tbw=
-23,-5,Ev4Eqi6gUAzLZgF4JLAxRz0Yq6k=,2TdKpG5NrZGA/SpunGZxCX7UTJo=
-21,-3,Ev4Eqi6gUAzLZgF4JLAxRz0Yq6k=,2TdKpG5NrZGA/SpunGZxCX7UTJo=
-22,-3,Ev4Eqi6gUAzLZgF4JLAxRz0Yq6k=,2TdKpG5NrZGA/SpunGZxCX7UTJo=
-23,-1,Ev4Eqi6gUAzLZgF4JLAxRz0Yq6k=,2TdKpG5NrZGA/SpunGZxCX7UTJo=
-32,-6,Ev4Eqi6gUAzLZgF4JLAxRz0Yq6k=,MuO+IiWGumTCt9Au1RFrNdccGcM=
-30,-6,Ev4Eqi6gUAzLZgF4JLAxRz0Yq6k=,MuO+IiWGumTCt9Au1RFrNdccGcM=
-26,-6,Ev4Eqi6gUAzLZgF4JLAxRz0Yq6k=,MuO+IiWGumTCt9Au1RFrNdccGcM=
-29,-5,Ev4Eqi6gUAzLZgF4JLAxRz0Yq6k=,MuO+IiWGumTCt9Au1RFrNdccGcM=
-27,-6,Ev4Eqi6gUAzLZgF4JLAxRz0Yq6k=,MuO+IiWGumTCt9Au1RFrNdccGcM=
-22,-1,D9ARNkVhvweE/jsKu8WXhCsv3OI=,2TdKpG5NrZGA/SpunGZxCX7UTJo=
-25,-5,D9ARNkVhvweE/jsKu8WXhCsv3OI=,MuO+IiWGumTCt9Au1RFrNdccGcM=
-29,-4,D9ARNkVhvweE/jsKu8WXhCsv3OI=,MuO+IiWGumTCt9Au1RFrNdccGcM=
-25,-6,D9ARNkVhvweE/jsKu8WXhCsv3OI=,MuO+IiWGumTCt9Au1RFrNdccGcM=
-31,-6,D9ARNkVhvweE/jsKu8WXhCsv3OI=,MuO+IiWGumTCt9Au1RFrNdccGcM=
-28,-5,D9ARNkVhvweE/jsKu8WXhCsv3OI=,MuO+IiWGumTCt9Au1RFrNdccGcM=
-29,-6,D9ARNkVhvweE/jsKu8WXhCsv3OI=,MuO+IiWGumTCt9Au1RFrNdccGcM=
-24,-8,D9ARNkVhvweE/jsKu8WXhCsv3OI=,2TdKpG5NrZGA/SpunGZxCX7UTJo=
-32,-5,D9ARNkVhvweE/jsKu8WXhCsv3OI=,MuO+IiWGumTCt9Au1RFrNdccGcM=
-30,-4,D9ARNkVhvweE/jsKu8WXhCsv3OI=,MuO+IiWGumTCt9Au1RFrNdccGcM=
-31,-4,D9ARNkVhvweE/jsKu8WXhCsv3OI=,MuO+IiWGumTCt9Au1RFrNdccGcM=
-32,-4,D9ARNkVhvweE/jsKu8WXhCsv3OI=,MuO+IiWGumTCt9Au1RFrNdccGcM=
-25,-4,D9ARNkVhvweE/jsKu8WXhCsv3OI=,MuO+IiWGumTCt9Au1RFrNdccGcM=
-24,-7,D9ARNkVhvweE/jsKu8WXhCsv3OI=,2TdKpG5NrZGA/SpunGZxCX7UTJo=
-24,-2,D9ARNkVhvweE/jsKu8WXhCsv3OI=,2TdKpG5NrZGA/SpunGZxCX7UTJo=
-29,-3,D9ARNkVhvweE/jsKu8WXhCsv3OI=,MuO+IiWGumTCt9Au1RFrNdccGcM=
-31,-3,D9ARNkVhvweE/jsKu8WXhCsv3OI=,MuO+IiWGumTCt9Au1RFrNdccGcM=
-32,-2,D9ARNkVhvweE/jsKu8WXhCsv3OI=,MuO+IiWGumTCt9Au1RFrNdccGcM=
-32,-3,D9ARNkVhvweE/jsKu8WXhCsv3OI=,MuO+IiWGumTCt9Au1RFrNdccGcM=
-26,-5,D9ARNkVhvweE/jsKu8WXhCsv3OI=,MuO+IiWGumTCt9Au1RFrNdccGcM=
-28,-4,D9ARNkVhvweE/jsKu8WXhCsv3OI=,MuO+IiWGumTCt9Au1RFrNdccGcM=
-30,-5,D9ARNkVhvweE/jsKu8WXhCsv3OI=,MuO+IiWGumTCt9Au1RFrNdccGcM=
-28,-6,D9ARNkVhvweE/jsKu8WXhCsv3OI=,MuO+IiWGumTCt9Au1RFrNdccGcM=
-31,-5,D9ARNkVhvweE/jsKu8WXhCsv3OI=,MuO+IiWGumTCt9Au1RFrNdccGcM=
-24,-3,D9ARNkVhvweE/jsKu8WXhCsv3OI=,2TdKpG5NrZGA/SpunGZxCX7UTJo=
-30,-3,D9ARNkVhvweE/jsKu8WXhCsv3OI=,MuO+IiWGumTCt9Au1RFrNdccGcM=
-32,-8,D9ARNkVhvweE/jsKu8WXhCsv3OI=,MuO+IiWGumTCt9Au1RFrNdccGcM=
-25,-3,wEAg88qZZ19v8PmrGIi1GEYfbpU=,MuO+IiWGumTCt9Au1RFrNdccGcM=
-32,-1,wEAg88qZZ19v8PmrGIi1GEYfbpU=,MuO+IiWGumTCt9Au1RFrNdccGcM=
-24,-5,wEAg88qZZ19v8PmrGIi1GEYfbpU=,2TdKpG5NrZGA/SpunGZxCX7UTJo=
-27,-3,wEAg88qZZ19v8PmrGIi1GEYfbpU=,MuO+IiWGumTCt9Au1RFrNdccGcM=
-31,-8,wEAg88qZZ19v8PmrGIi1GEYfbpU=,MuO+IiWGumTCt9Au1RFrNdccGcM=
-28,-3,wEAg88qZZ19v8PmrGIi1GEYfbpU=,MuO+IiWGumTCt9Au1RFrNdccGcM=
-30,-2,wEAg88qZZ19v8PmrGIi1GEYfbpU=,MuO+IiWGumTCt9Au1RFrNdccGcM=
-24,-4,wEAg88qZZ19v8PmrGIi1GEYfbpU=,2TdKpG5NrZGA/SpunGZxCX7UTJo=
-28,-2,wEAg88qZZ19v8PmrGIi1GEYfbpU=,MuO+IiWGumTCt9Au1RFrNdccGcM=
-27,-5,wEAg88qZZ19v8PmrGIi1GEYfbpU=,MuO+IiWGumTCt9Au1RFrNdccGcM=
-27,-4,wEAg88qZZ19v8PmrGIi1GEYfbpU=,MuO+IiWGumTCt9Au1RFrNdccGcM=
-31,-2,wEAg88qZZ19v8PmrGIi1GEYfbpU=,MuO+IiWGumTCt9Au1RFrNdccGcM=
-30,-1,wEAg88qZZ19v8PmrGIi1GEYfbpU=,MuO+IiWGumTCt9Au1RFrNdccGcM=
-29,-1,wEAg88qZZ19v8PmrGIi1GEYfbpU=,MuO+IiWGumTCt9Au1RFrNdccGcM=
-29,-2,wEAg88qZZ19v8PmrGIi1GEYfbpU=,MuO+IiWGumTCt9Au1RFrNdccGcM=
-26,-3,wEAg88qZZ19v8PmrGIi1GEYfbpU=,MuO+IiWGumTCt9Au1RFrNdccGcM=
-26,-2,wEAg88qZZ19v8PmrGIi1GEYfbpU=,MuO+IiWGumTCt9Au1RFrNdccGcM=
-27,-2,wEAg88qZZ19v8PmrGIi1GEYfbpU=,MuO+IiWGumTCt9Au1RFrNdccGcM=
-26,-4,wEAg88qZZ19v8PmrGIi1GEYfbpU=,MuO+IiWGumTCt9Au1RFrNdccGcM=
-25,-8,wEAg88qZZ19v8PmrGIi1GEYfbpU=,MuO+IiWGumTCt9Au1RFrNdccGcM=
-31,-1,wEAg88qZZ19v8PmrGIi1GEYfbpU=,MuO+IiWGumTCt9Au1RFrNdccGcM=
-29,-8,wEAg88qZZ19v8PmrGIi1GEYfbpU=,MuO+IiWGumTCt9Au1RFrNdccGcM=
-26,-8,wEAg88qZZ19v8PmrGIi1GEYfbpU=,MuO+IiWGumTCt9Au1RFrNdccGcM=
-25,-2,wEAg88qZZ19v8PmrGIi1GEYfbpU=,MuO+IiWGumTCt9Au1RFrNdccGcM=
-26,-1,wEAg88qZZ19v8PmrGIi1GEYfbpU=,MuO+IiWGumTCt9Au1RFrNdccGcM=
-29,-7,wEAg88qZZ19v8PmrGIi1GEYfbpU=,MuO+IiWGumTCt9Au1RFrNdccGcM=
-27,-1,wEAg88qZZ19v8PmrGIi1GEYfbpU=,MuO+IiWGumTCt9Au1RFrNdccGcM=
-31,-7,wEAg88qZZ19v8PmrGIi1GEYfbpU=,MuO+IiWGumTCt9Au1RFrNdccGcM=
-30,-8,wEAg88qZZ19v8PmrGIi1GEYfbpU=,MuO+IiWGumTCt9Au1RFrNdccGcM=
-24,-1,wEAg88qZZ19v8PmrGIi1GEYfbpU=,2TdKpG5NrZGA/SpunGZxCX7UTJo=
-32,-7,wEAg88qZZ19v8PmrGIi1GEYfbpU=,MuO+IiWGumTCt9Au1RFrNdccGcM=
-24,-6,wEAg88qZZ19v8PmrGIi1GEYfbpU=,2TdKpG5NrZGA/SpunGZxCX7UTJo=
-28,-8,wEAg88qZZ19v8PmrGIi1GEYfbpU=,MuO+IiWGumTCt9Au1RFrNdccGcM=
-27,-8,wEAg88qZZ19v8PmrGIi1GEYfbpU=,MuO+IiWGumTCt9Au1RFrNdccGcM=
-25,-1,i4MA3iiifesHzYlQs0N6K5aD9Rw=,MuO+IiWGumTCt9Au1RFrNdccGcM=
-21,-1,i4MA3iiifesHzYlQs0N6K5aD9Rw=,2TdKpG5NrZGA/SpunGZxCX7UTJo=
-30,-7,i4MA3iiifesHzYlQs0N6K5aD9Rw=,MuO+IiWGumTCt9Au1RFrNdccGcM=
-27,-7,i4MA3iiifesHzYlQs0N6K5aD9Rw=,MuO+IiWGumTCt9Au1RFrNdccGcM=
-28,-7,i4MA3iiifesHzYlQs0N6K5aD9Rw=,MuO+IiWGumTCt9Au1RFrNdccGcM=
-28,-1,i4MA3iiifesHzYlQs0N6K5aD9Rw=,MuO+IiWGumTCt9Au1RFrNdccGcM=
