-57,40,4vKKz92dfuln/PbhDAyf/atlGn4=,SzB7dxHVGhCw/86kUPPymtdh7U4=
-57,39,4vKKz92dfuln/PbhDAyf/atlGn4=,SzB7dxHVGhCw/86kUPPymtdh7U4=
-58,40,4vKKz92dfuln/PbhDAyf/atlGn4=,SzB7dxHVGhCw/86kUPPymtdh7U4=
-58,39,4vKKz92dfuln/PbhDAyf/atlGn4=,SzB7dxHVGhCw/86kUPPymtdh7U4=
-59,38,4vKKz92dfuln/PbhDAyf/atlGn4=,SzB7dxHVGhCw/86kUPPymtdh7U4=
-60,38,4vKKz92dfuln/PbhDAyf/atlGn4=,SzB7dxHVGhCw/86kUPPymtdh7U4=
-59,39,4vKKz92dfuln/PbhDAyf/atlGn4=,SzB7dxHVGhCw/86kUPPymtdh7U4=
-60,39,4vKKz92dfuln/PbhDAyf/atlGn4=,SzB7dxHVGhCw/86kUPPymtdh7U4=
-59,40,4vKKz92dfuln/PbhDAyf/atlGn4=,SzB7dxHVGhCw/86kUPPymtdh7U4=
-56,36,4vKKz92dfuln/PbhDAyf/atlGn4=,+1dTdVyYQbDdXj1j72YhzYzlpSc=
-57,37,4vKKz92dfuln/PbhDAyf/atlGn4=,SzB7dxHVGhCw/86kUPPymtdh7U4=
-58,38,4vKKz92dfuln/PbhDAyf/atlGn4=,SzB7dxHVGhCw/86kUPPymtdh7U4=
-58,37,4vKKz92dfuln/PbhDAyf/atlGn4=,SzB7dxHVGhCw/86kUPPymtdh7U4=
-59,37,4vKKz92dfuln/PbhDAyf/atlGn4=,SzB7dxHVGhCw/86kUPPymtdh7U4=
-60,37,4vKKz92dfuln/PbhDAyf/atlGn4=,SzB7dxHVGhCw/86kUPPymtdh7U4=
-53,39,hRFMqIWredLt2JuViqb2RdEjkdA=,+1dTdVyYQbDdXj1j72YhzYzlpSc=
-57,41,hRFMqIWredLt2JuViqb2RdEjkdA=,SzB7dxHVGhCw/86kUPPymtdh7U4=
-56,39,hRFMqIWredLt2JuViqb2RdEjkdA=,+1dTdVyYQbDdXj1j72YhzYzlpSc=
-56,38,hRFMqIWredLt2JuViqb2RdEjkdA=,+1dTdVyYQbDdXj1j72YhzYzlpSc=
-57,47,hRFMqIWredLt2JuViqb2RdEjkdA=,SzB7dxHVGhCw/86kUPPymtdh7U4=
-58,47,hRFMqIWredLt2JuViqb2RdEjkdA=,SzB7dxHVGhCw/86kUPPymtdh7U4=
-59,47,hRFMqIWredLt2JuViqb2RdEjkdA=,SzB7dxHVGhCw/86kUPPymtdh7U4=
-60,47,hRFMqIWredLt2JuViqb2RdEjkdA=,SzB7dxHVGhCw/86kUPPymtdh7U4=
-57,46,hRFMqIWredLt2JuViqb2RdEjkdA=,SzB7dxHVGhCw/86kUPPymtdh7U4=
-57,45,hRFMqIWredLt2JuViqb2RdEjkdA=,SzB7dxHVGhCw/86kUPPymtdh7U4=
-57,44,hRFMqIWredLt2JuViqb2RdEjkdA=,SzB7dxHVGhCw/86kUPPymtdh7U4=
-58,46,hRFMqIWredLt2JuViqb2RdEjkdA=,SzB7dxHVGhCw/86kUPPymtdh7U4=
-59,46,hRFMqIWredLt2JuViqb2RdEjkdA=,SzB7dxHVGhCw/86kUPPymtdh7U4=
-52,36,hRFMqIWredLt2JuViqb2RdEjkdA=,+1dTdVyYQbDdXj1j72YhzYzlpSc=
-60,46,hRFMqIWredLt2JuViqb2RdEjkdA=,SzB7dxHVGhCw/86kUPPymtdh7U4=
-58,45,hRFMqIWredLt2JuViqb2RdEjkdA=,SzB7dxHVGhCw/86kUPPymtdh7U4=
-49,39,hRFMqIWredLt2JuViqb2RdEjkdA=,+1dTdVyYQbDdXj1j72YhzYzlpSc=
-59,45,hRFMqIWredLt2JuViqb2RdEjkdA=,SzB7dxHVGhCw/86kUPPymtdh7U4=
-60,45,hRFMqIWredLt2JuViqb2RdEjkdA=,SzB7dxHVGhCw/86kUPPymtdh7U4=
-49,40,hRFMqIWredLt2JuViqb2RdEjkdA=,+1dTdVyYQbDdXj1j72YhzYzlpSc=
-58,44,hRFMqIWredLt2JuViqb2RdEjkdA=,SzB7dxHVGhCw/86kUPPymtdh7U4=
-59,44,hRFMqIWredLt2JuViqb2RdEjkdA=,SzB7dxHVGhCw/86kUPPymtdh7U4=
-60,44,hRFMqIWredLt2JuViqb2RdEjkdA=,SzB7dxHVGhCw/86kUPPymtdh7U4=
-57,32,hRFMqIWredLt2JuViqb2RdEjkdA=,SzB7dxHVGhCw/86kUPPymtdh7U4=
-49,41,hRFMqIWredLt2JuViqb2RdEjkdA=,+1dTdVyYQbDdXj1j72YhzYzlpSc=
-51,36,hRFMqIWredLt2JuViqb2RdEjkdA=,+1dTdVyYQbDdXj1j72YhzYzlpSc=
-52,37,hRFMqIWredLt2JuViqb2RdEjkdA=,+1dTdVyYQbDdXj1j72YhzYzlpSc=
-54,39,hRFMqIWredLt2JuViqb2RdEjkdA=,+1dTdVyYQbDdXj1j72YhzYzlpSc=
-49,47,hRFMqIWredLt2JuViqb2RdEjkdA=,+1dTdVyYQbDdXj1j72YhzYzlpSc=
-49,43,hRFMqIWredLt2JuViqb2RdEjkdA=,+1dTdVyYQbDdXj1j72YhzYzlpSc=
-49,38,hRFMqIWredLt2JuViqb2RdEjkdA=,+1dTdVyYQbDdXj1j72YhzYzlpSc=
-55,39,pNUIWbL6B5YcGyHp42R91YR3TFQ=,+1dTdVyYQbDdXj1j72YhzYzlpSc=
-52,38,pNUIWbL6B5YcGyHp42R91YR3TFQ=,+1dTdVyYQbDdXj1j72YhzYzlpSc=
-52,42,pNUIWbL6B5YcGyHp42R91YR3TFQ=,+1dTdVyYQbDdXj1j72YhzYzlpSc=
-49,42,pNUIWbL6B5YcGyHp42R91YR3TFQ=,+1dTdVyYQbDdXj1j72YhzYzlpSc=
-50,36,pNUIWbL6B5YcGyHp42R91YR3TFQ=,+1dTdVyYQbDdXj1j72YhzYzlpSc=
-57,35,pNUIWbL6B5YcGyHp42R91YR3TFQ=,SzB7dxHVGhCw/86kUPPymtdh7U4=
-50,47,pNUIWbL6B5YcGyHp42R91YR3TFQ=,+1dTdVyYQbDdXj1j72YhzYzlpSc=
-49,37,pNUIWbL6B5YcGyHp42R91YR3TFQ=,+1dTdVyYQbDdXj1j72YhzYzlpSc=
-53,42,pNUIWbL6B5YcGyHp42R91YR3TFQ=,+1dTdVyYQbDdXj1j72YhzYzlpSc=
-51,37,pNUIWbL6B5YcGyHp42R91YR3TFQ=,+1dTdVyYQbDdXj1j72YhzYzlpSc=
-57,34,pNUIWbL6B5YcGyHp42R91YR3TFQ=,SzB7dxHVGhCw/86kUPPymtdh7U4=
-50,37,pNUIWbL6B5YcGyHp42R91YR3TFQ=,+1dTdVyYQbDdXj1j72YhzYzlpSc=
-56,44,pNUIWbL6B5YcGyHp42R91YR3TFQ=,+1dTdVyYQbDdXj1j72YhzYzlpSc=
-64,40,pNUIWbL6B5YcGyHp42R91YR3TFQ=,SzB7dxHVGhCw/86kUPPymtdh7U4=
-64,43,pNUIWbL6B5YcGyHp42R91YR3TFQ=,SzB7dxHVGhCw/86kUPPymtdh7U4=
-64,41,pNUIWbL6B5YcGyHp42R91YR3TFQ=,SzB7dxHVGhCw/86kUPPymtdh7U4=
-64,47,pNUIWbL6B5YcGyHp42R91YR3TFQ=,SzB7dxHVGhCw/86kUPPymtdh7U4=
-64,42,pNUIWbL6B5YcGyHp42R91YR3TFQ=,SzB7dxHVGhCw/86kUPPymtdh7U4=
-64,46,pNUIWbL6B5YcGyHp42R91YR3TFQ=,SzB7dxHVGhCw/86kUPPymtdh7U4=
-61,39,pNUIWbL6B5YcGyHp42R91YR3TFQ=,SzB7dxHVGhCw/86kUPPymtdh7U4=
-64,45,pNUIWbL6B5YcGyHp42R91YR3TFQ=,SzB7dxHVGhCw/86kUPPymtdh7U4=
-63,36,pNUIWbL6B5YcGyHp42R91YR3TFQ=,SzB7dxHVGhCw/86kUPPymtdh7U4=
-64,44,pNUIWbL6B5YcGyHp42R91YR3TFQ=,SzB7dxHVGhCw/86kUPPymtdh7U4=
-62,37,pNUIWbL6B5YcGyHp42R91YR3TFQ=,SzB7dxHVGhCw/86kUPPymtdh7U4=
-61,47,pNUIWbL6B5YcGyHp42R91YR3TFQ=,SzB7dxHVGhCw/86kUPPymtdh7U4=
-62,47,pNUIWbL6B5YcGyHp42R91YR3TFQ=,SzB7dxHVGhCw/86kUPPymtdh7U4=
-63,47,pNUIWbL6B5YcGyHp42R91YR3TFQ=,SzB7dxHVGhCw/86kUPPymtdh7U4=
-61,46,pNUIWbL6B5YcGyHp42R91YR3TFQ=,SzB7dxHVGhCw/86kUPPymtdh7U4=
-62,46,pNUIWbL6B5YcGyHp42R91YR3TFQ=,SzB7dxHVGhCw/86kUPPymtdh7U4=
-61,37,pNUIWbL6B5YcGyHp42R91YR3TFQ=,SzB7dxHVGhCw/86kUPPymtdh7U4=
-63,46,pNUIWbL6B5YcGyHp42R91YR3TFQ=,SzB7dxHVGhCw/86kUPPymtdh7U4=
-50,41,pNUIWbL6B5YcGyHp42R91YR3TFQ=,+1dTdVyYQbDdXj1j72YhzYzlpSc=
-63,40,pNUIWbL6B5YcGyHp42R91YR3TFQ=,SzB7dxHVGhCw/86kUPPymtdh7U4=
-61,45,pNUIWbL6B5YcGyHp42R91YR3TFQ=,SzB7dxHVGhCw/86kUPPymtdh7U4=
-61,43,pNUIWbL6B5YcGyHp42R91YR3TFQ=,SzB7dxHVGhCw/86kUPPymtdh7U4=
-62,45,pNUIWbL6B5YcGyHp42R91YR3TFQ=,SzB7dxHVGhCw/86kUPPymtdh7U4=
-62,43,pNUIWbL6B5YcGyHp42R91YR3TFQ=,SzB7dxHVGhCw/86kUPPymtdh7U4=
-63,45,pNUIWbL6B5YcGyHp42R91YR3TFQ=,SzB7dxHVGhCw/86kUPPymtdh7U4=
-61,44,pNUIWbL6B5YcGyHp42R91YR3TFQ=,SzB7dxHVGhCw/86kUPPymtdh7U4=
-63,43,pNUIWbL6B5YcGyHp42R91YR3TFQ=,SzB7dxHVGhCw/86kUPPymtdh7U4=
-61,41,pNUIWbL6B5YcGyHp42R91YR3TFQ=,SzB7dxHVGhCw/86kUPPymtdh7U4=
-62,44,pNUIWbL6B5YcGyHp42R91YR3TFQ=,SzB7dxHVGhCw/86kUPPymtdh7U4=
-63,44,pNUIWbL6B5YcGyHp42R91YR3TFQ=,SzB7dxHVGhCw/86kUPPymtdh7U4=
-62,41,pNUIWbL6B5YcGyHp42R91YR3TFQ=,SzB7dxHVGhCw/86kUPPymtdh7U4=
-51,47,pNUIWbL6B5YcGyHp42R91YR3TFQ=,+1dTdVyYQbDdXj1j72YhzYzlpSc=
-63,41,pNUIWbL6B5YcGyHp42R91YR3TFQ=,SzB7dxHVGhCw/86kUPPymtdh7U4=
-61,42,pNUIWbL6B5YcGyHp42R91YR3TFQ=,SzB7dxHVGhCw/86kUPPymtdh7U4=
-62,42,pNUIWbL6B5YcGyHp42R91YR3TFQ=,SzB7dxHVGhCw/86kUPPymtdh7U4=
-63,42,pNUIWbL6B5YcGyHp42R91YR3TFQ=,SzB7dxHVGhCw/86kUPPymtdh7U4=
-64,38,pNUIWbL6B5YcGyHp42R91YR3TFQ=,SzB7dxHVGhCw/86kUPPymtdh7U4=
-49,36,pNUIWbL6B5YcGyHp42R91YR3TFQ=,+1dTdVyYQbDdXj1j72YhzYzlpSc=
-64,39,pNUIWbL6B5YcGyHp42R91YR3TFQ=,SzB7dxHVGhCw/86kUPPymtdh7U4=
-64,37,pNUIWbL6B5YcGyHp42R91YR3TFQ=,SzB7dxHVGhCw/86kUPPymtdh7U4=
-64,36,pNUIWbL6B5YcGyHp42R91YR3TFQ=,SzB7dxHVGhCw/86kUPPymtdh7U4=
-49,32,pNUIWbL6B5YcGyHp42R91YR3TFQ=,+1dTdVyYQbDdXj1j72YhzYzlpSc=
-54,42,pNUIWbL6B5YcGyHp42R91YR3TFQ=,+1dTdVyYQbDdXj1j72YhzYzlpSc=
-49,35,pNUIWbL6B5YcGyHp42R91YR3TFQ=,+1dTdVyYQbDdXj1j72YhzYzlpSc=
-51,38,QilBRIiFIiNOBlB132dqAZFhplc=,+1dTdVyYQbDdXj1j72YhzYzlpSc=
-51,41,QilBRIiFIiNOBlB132dqAZFhplc=,+1dTdVyYQbDdXj1j72YhzYzlpSc=
-50,38,QilBRIiFIiNOBlB132dqAZFhplc=,+1dTdVyYQbDdXj1j72YhzYzlpSc=
-49,34,QilBRIiFIiNOBlB132dqAZFhplc=,+1dTdVyYQbDdXj1j72YhzYzlpSc=
-55,42,QilBRIiFIiNOBlB132dqAZFhplc=,+1dTdVyYQbDdXj1j72YhzYzlpSc=
-54,33,QilBRIiFIiNOBlB132dqAZFhplc=,+1dTdVyYQbDdXj1j72YhzYzlpSc=
-62,39,QilBRIiFIiNOBlB132dqAZFhplc=,SzB7dxHVGhCw/86kUPPymtdh7U4=
-49,33,QilBRIiFIiNOBlB132dqAZFhplc=,+1dTdVyYQbDdXj1j72YhzYzlpSc=
-52,39,QilBRIiFIiNOBlB132dqAZFhplc=,+1dTdVyYQbDdXj1j72YhzYzlpSc=
-52,41,QilBRIiFIiNOBlB132dqAZFhplc=,+1dTdVyYQbDdXj1j72YhzYzlpSc=
-63,37,QilBRIiFIiNOBlB132dqAZFhplc=,SzB7dxHVGhCw/86kUPPymtdh7U4=
-58,32,QilBRIiFIiNOBlB132dqAZFhplc=,SzB7dxHVGhCw/86kUPPymtdh7U4=
-50,32,QilBRIiFIiNOBlB132dqAZFhplc=,+1dTdVyYQbDdXj1j72YhzYzlpSc=
-56,42,QilBRIiFIiNOBlB132dqAZFhplc=,+1dTdVyYQbDdXj1j72YhzYzlpSc=
-52,33,QilBRIiFIiNOBlB132dqAZFhplc=,+1dTdVyYQbDdXj1j72YhzYzlpSc=
-51,39,QilBRIiFIiNOBlB132dqAZFhplc=,+1dTdVyYQbDdXj1j72YhzYzlpSc=
-52,47,QilBRIiFIiNOBlB132dqAZFhplc=,+1dTdVyYQbDdXj1j72YhzYzlpSc=
-50,39,QilBRIiFIiNOBlB132dqAZFhplc=,+1dTdVyYQbDdXj1j72YhzYzlpSc=
-56,35,QilBRIiFIiNOBlB132dqAZFhplc=,+1dTdVyYQbDdXj1j72YhzYzlpSc=
-55,33,04Na4+80NEojFeWwrEYgjmPVb6s=,+1dTdVyYQbDdXj1j72YhzYzlpSc=
-51,32,04Na4+80NEojFeWwrEYgjmPVb6s=,+1dTdVyYQbDdXj1j72YhzYzlpSc=
-53,44,04Na4+80NEojFeWwrEYgjmPVb6s=,+1dTdVyYQbDdXj1j72YhzYzlpSc=
-64,35,04Na4+80NEojFeWwrEYgjmPVb6s=,SzB7dxHVGhCw/86kUPPymtdh7U4=
-54,44,04Na4+80NEojFeWwrEYgjmPVb6s=,+1dTdVyYQbDdXj1j72YhzYzlpSc=
-53,47,04Na4+80NEojFeWwrEYgjmPVb6s=,+1dTdVyYQbDdXj1j72YhzYzlpSc=
-56,34,04Na4+80NEojFeWwrEYgjmPVb6s=,+1dTdVyYQbDdXj1j72YhzYzlpSc=
-53,33,04Na4+80NEojFeWwrEYgjmPVb6s=,+1dTdVyYQbDdXj1j72YhzYzlpSc=
-55,44,04Na4+80NEojFeWwrEYgjmPVb6s=,+1dTdVyYQbDdXj1j72YhzYzlpSc=
-58,33,04Na4+80NEojFeWwrEYgjmPVb6s=,SzB7dxHVGhCw/86kUPPymtdh7U4=
-51,42,04Na4+80NEojFeWwrEYgjmPVb6s=,+1dTdVyYQbDdXj1j72YhzYzlpSc=
-50,40,04Na4+80NEojFeWwrEYgjmPVb6s=,+1dTdVyYQbDdXj1j72YhzYzlpSc=
-56,32,04Na4+80NEojFeWwrEYgjmPVb6s=,+1dTdVyYQbDdXj1j72YhzYzlpSc=
-64,34,04Na4+80NEojFeWwrEYgjmPVb6s=,SzB7dxHVGhCw/86kUPPymtdh7U4=
-57,33,04Na4+80NEojFeWwrEYgjmPVb6s=,SzB7dxHVGhCw/86kUPPymtdh7U4=
-59,32,npxsW7vY2ZpEVTNyq+lt87OwyYM=,SzB7dxHVGhCw/86kUPPymtdh7U4=
-56,33,npxsW7vY2ZpEVTNyq+lt87OwyYM=,+1dTdVyYQbDdXj1j72YhzYzlpSc=
-53,32,npxsW7vY2ZpEVTNyq+lt87OwyYM=,+1dTdVyYQbDdXj1j72YhzYzlpSc=
-54,47,npxsW7vY2ZpEVTNyq+lt87OwyYM=,+1dTdVyYQbDdXj1j72YhzYzlpSc=
-54,32,npxsW7vY2ZpEVTNyq+lt87OwyYM=,+1dTdVyYQbDdXj1j72YhzYzlpSc=
-60,32,npxsW7vY2ZpEVTNyq+lt87OwyYM=,SzB7dxHVGhCw/86kUPPymtdh7U4=
-52,32,npxsW7vY2ZpEVTNyq+lt87OwyYM=,+1dTdVyYQbDdXj1j72YhzYzlpSc=
-57,43,npxsW7vY2ZpEVTNyq+lt87OwyYM=,SzB7dxHVGhCw/86kUPPymtdh7U4=
-50,35,npxsW7vY2ZpEVTNyq+lt87OwyYM=,+1dTdVyYQbDdXj1j72YhzYzlpSc=
-54,41,npxsW7vY2ZpEVTNyq+lt87OwyYM=,+1dTdVyYQbDdXj1j72YhzYzlpSc=
-57,42,npxsW7vY2ZpEVTNyq+lt87OwyYM=,SzB7dxHVGhCw/86kUPPymtdh7U4=
-56,41,npxsW7vY2ZpEVTNyq+lt87OwyYM=,+1dTdVyYQbDdXj1j72YhzYzlpSc=
-53,40,npxsW7vY2ZpEVTNyq+lt87OwyYM=,+1dTdVyYQbDdXj1j72YhzYzlpSc=
-51,40,npxsW7vY2ZpEVTNyq+lt87OwyYM=,+1dTdVyYQbDdXj1j72YhzYzlpSc=
-53,38,npxsW7vY2ZpEVTNyq+lt87OwyYM=,+1dTdVyYQbDdXj1j72YhzYzlpSc=
-53,43,npxsW7vY2ZpEVTNyq+lt87OwyYM=,+1dTdVyYQbDdXj1j72YhzYzlpSc=
-58,41,npxsW7vY2ZpEVTNyq+lt87OwyYM=,SzB7dxHVGhCw/86kUPPymtdh7U4=
-58,43,npxsW7vY2ZpEVTNyq+lt87OwyYM=,SzB7dxHVGhCw/86kUPPymtdh7U4=
-59,43,npxsW7vY2ZpEVTNyq+lt87OwyYM=,SzB7dxHVGhCw/86kUPPymtdh7U4=
-60,43,npxsW7vY2ZpEVTNyq+lt87OwyYM=,SzB7dxHVGhCw/86kUPPymtdh7U4=
-59,41,npxsW7vY2ZpEVTNyq+lt87OwyYM=,SzB7dxHVGhCw/86kUPPymtdh7U4=
-60,41,npxsW7vY2ZpEVTNyq+lt87OwyYM=,SzB7dxHVGhCw/86kUPPymtdh7U4=
-58,42,u9yRQ0bjReqIC+wPo0dGA6o5hz0=,SzB7dxHVGhCw/86kUPPymtdh7U4=
-55,32,u9yRQ0bjReqIC+wPo0dGA6o5hz0=,+1dTdVyYQbDdXj1j72YhzYzlpSc=
-59,42,u9yRQ0bjReqIC+wPo0dGA6o5hz0=,SzB7dxHVGhCw/86kUPPymtdh7U4=
-60,42,u9yRQ0bjReqIC+wPo0dGA6o5hz0=,SzB7dxHVGhCw/86kUPPymtdh7U4=
-55,38,u9yRQ0bjReqIC+wPo0dGA6o5hz0=,+1dTdVyYQbDdXj1j72YhzYzlpSc=
-63,38,u9yRQ0bjReqIC+wPo0dGA6o5hz0=,SzB7dxHVGhCw/86kUPPymtdh7U4=
-57,38,u9yRQ0bjReqIC+wPo0dGA6o5hz0=,SzB7dxHVGhCw/86kUPPymtdh7U4=
-62,36,u9yRQ0bjReqIC+wPo0dGA6o5hz0=,SzB7dxHVGhCw/86kUPPymtdh7U4=
-53,37,u9yRQ0bjReqIC+wPo0dGA6o5hz0=,+1dTdVyYQbDdXj1j72YhzYzlpSc=
-54,37,u9yRQ0bjReqIC+wPo0dGA6o5hz0=,+1dTdVyYQbDdXj1j72YhzYzlpSc=
-61,36,u9yRQ0bjReqIC+wPo0dGA6o5hz0=,SzB7dxHVGhCw/86kUPPymtdh7U4=
-60,36,u9yRQ0bjReqIC+wPo0dGA6o5hz0=,SzB7dxHVGhCw/86kUPPymtdh7U4=
-59,36,u9yRQ0bjReqIC+wPo0dGA6o5hz0=,SzB7dxHVGhCw/86kUPPymtdh7U4=
-58,36,u9yRQ0bjReqIC+wPo0dGA6o5hz0=,SzB7dxHVGhCw/86kUPPymtdh7U4=
-62,40,u9yRQ0bjReqIC+wPo0dGA6o5hz0=,SzB7dxHVGhCw/86kUPPymtdh7U4=
-54,36,u9yRQ0bjReqIC+wPo0dGA6o5hz0=,+1dTdVyYQbDdXj1j72YhzYzlpSc=
-55,36,u9yRQ0bjReqIC+wPo0dGA6o5hz0=,+1dTdVyYQbDdXj1j72YhzYzlpSc=
-57,36,u9yRQ0bjReqIC+wPo0dGA6o5hz0=,SzB7dxHVGhCw/86kUPPymtdh7U4=
-64,33,u9yRQ0bjReqIC+wPo0dGA6o5hz0=,SzB7dxHVGhCw/86kUPPymtdh7U4=
-62,34,u9yRQ0bjReqIC+wPo0dGA6o5hz0=,SzB7dxHVGhCw/86kUPPymtdh7U4=
-61,34,u9yRQ0bjReqIC+wPo0dGA6o5hz0=,SzB7dxHVGhCw/86kUPPymtdh7U4=
-53,41,u9yRQ0bjReqIC+wPo0dGA6o5hz0=,+1dTdVyYQbDdXj1j72YhzYzlpSc=
-55,41,u9yRQ0bjReqIC+wPo0dGA6o5hz0=,+1dTdVyYQbDdXj1j72YhzYzlpSc=
-51,35,u9yRQ0bjReqIC+wPo0dGA6o5hz0=,+1dTdVyYQbDdXj1j72YhzYzlpSc=
-61,33,u9yRQ0bjReqIC+wPo0dGA6o5hz0=,SzB7dxHVGhCw/86kUPPymtdh7U4=
-60,33,u9yRQ0bjReqIC+wPo0dGA6o5hz0=,SzB7dxHVGhCw/86kUPPymtdh7U4=
-55,47,u9yRQ0bjReqIC+wPo0dGA6o5hz0=,+1dTdVyYQbDdXj1j72YhzYzlpSc=
-54,40,u9yRQ0bjReqIC+wPo0dGA6o5hz0=,+1dTdVyYQbDdXj1j72YhzYzlpSc=
-55,40,u9yRQ0bjReqIC+wPo0dGA6o5hz0=,+1dTdVyYQbDdXj1j72YhzYzlpSc=
-56,43,u9yRQ0bjReqIC+wPo0dGA6o5hz0=,+1dTdVyYQbDdXj1j72YhzYzlpSc=
-54,38,u9yRQ0bjReqIC+wPo0dGA6o5hz0=,+1dTdVyYQbDdXj1j72YhzYzlpSc=
-63,35,u9yRQ0bjReqIC+wPo0dGA6o5hz0=,SzB7dxHVGhCw/86kUPPymtdh7U4=
-58,34,u9yRQ0bjReqIC+wPo0dGA6o5hz0=,SzB7dxHVGhCw/86kUPPymtdh7U4=
-61,40,u9yRQ0bjReqIC+wPo0dGA6o5hz0=,SzB7dxHVGhCw/86kUPPymtdh7U4=
-54,43,u9yRQ0bjReqIC+wPo0dGA6o5hz0=,+1dTdVyYQbDdXj1j72YhzYzlpSc=
-55,43,u9yRQ0bjReqIC+wPo0dGA6o5hz0=,+1dTdVyYQbDdXj1j72YhzYzlpSc=
-60,40,u9yRQ0bjReqIC+wPo0dGA6o5hz0=,SzB7dxHVGhCw/86kUPPymtdh7U4=
-55,37,u9yRQ0bjReqIC+wPo0dGA6o5hz0=,+1dTdVyYQbDdXj1j72YhzYzlpSc=
-63,39,u9yRQ0bjReqIC+wPo0dGA6o5hz0=,SzB7dxHVGhCw/86kUPPymtdh7U4=
-53,36,QpH3/RINu+HNPD4scvi49AHtod0=,+1dTdVyYQbDdXj1j72YhzYzlpSc=
-52,40,QpH3/RINu+HNPD4scvi49AHtod0=,+1dTdVyYQbDdXj1j72YhzYzlpSc=
-61,32,QpH3/RINu+HNPD4scvi49AHtod0=,SzB7dxHVGhCw/86kUPPymtdh7U4=
-60,34,QpH3/RINu+HNPD4scvi49AHtod0=,SzB7dxHVGhCw/86kUPPymtdh7U4=
-56,40,QpH3/RINu+HNPD4scvi49AHtod0=,+1dTdVyYQbDdXj1j72YhzYzlpSc=
-62,38,QpH3/RINu+HNPD4scvi49AHtod0=,SzB7dxHVGhCw/86kUPPymtdh7U4=
-61,38,QpH3/RINu+HNPD4scvi49AHtod0=,SzB7dxHVGhCw/86kUPPymtdh7U4=
-63,34,QpH3/RINu+HNPD4scvi49AHtod0=,SzB7dxHVGhCw/86kUPPymtdh7U4=
-62,35,QpH3/RINu+HNPD4scvi49AHtod0=,SzB7dxHVGhCw/86kUPPymtdh7U4=
-59,34,QpH3/RINu+HNPD4scvi49AHtod0=,SzB7dxHVGhCw/86kUPPymtdh7U4=
-50,43,QpH3/RINu+HNPD4scvi49AHtod0=,+1dTdVyYQbDdXj1j72YhzYzlpSc=
-60,35,QpH3/RINu+HNPD4scvi49AHtod0=,SzB7dxHVGhCw/86kUPPymtdh7U4=
-52,34,QpH3/RINu+HNPD4scvi49AHtod0=,+1dTdVyYQbDdXj1j72YhzYzlpSc=
-54,35,QpH3/RINu+HNPD4scvi49AHtod0=,+1dTdVyYQbDdXj1j72YhzYzlpSc=
-61,35,QpH3/RINu+HNPD4scvi49AHtod0=,SzB7dxHVGhCw/86kUPPymtdh7U4=
-53,35,BL08u3aSMQRJi7EG2GyMS3bnKt4=,+1dTdVyYQbDdXj1j72YhzYzlpSc=
-55,35,BL08u3aSMQRJi7EG2GyMS3bnKt4=,+1dTdVyYQbDdXj1j72YhzYzlpSc=
-63,32,BL08u3aSMQRJi7EG2GyMS3bnKt4=,SzB7dxHVGhCw/86kUPPymtdh7U4=
-56,37,BL08u3aSMQRJi7EG2GyMS3bnKt4=,+1dTdVyYQbDdXj1j72YhzYzlpSc=
-49,45,BL08u3aSMQRJi7EG2GyMS3bnKt4=,+1dTdVyYQbDdXj1j72YhzYzlpSc=
-49,46,BL08u3aSMQRJi7EG2GyMS3bnKt4=,+1dTdVyYQbDdXj1j72YhzYzlpSc=
-50,33,BL08u3aSMQRJi7EG2GyMS3bnKt4=,+1dTdVyYQbDdXj1j72YhzYzlpSc=
-58,35,BL08u3aSMQRJi7EG2GyMS3bnKt4=,SzB7dxHVGhCw/86kUPPymtdh7U4=
-52,35,BL08u3aSMQRJi7EG2GyMS3bnKt4=,+1dTdVyYQbDdXj1j72YhzYzlpSc=
-49,44,BL08u3aSMQRJi7EG2GyMS3bnKt4=,+1dTdVyYQbDdXj1j72YhzYzlpSc=
-56,47,BL08u3aSMQRJi7EG2GyMS3bnKt4=,+1dTdVyYQbDdXj1j72YhzYzlpSc=
-52,46,BL08u3aSMQRJi7EG2GyMS3bnKt4=,+1dTdVyYQbDdXj1j72YhzYzlpSc=
-59,33,BL08u3aSMQRJi7EG2GyMS3bnKt4=,SzB7dxHVGhCw/86kUPPymtdh7U4=
-59,35,BL08u3aSMQRJi7EG2GyMS3bnKt4=,SzB7dxHVGhCw/86kUPPymtdh7U4=
-56,46,BL08u3aSMQRJi7EG2GyMS3bnKt4=,+1dTdVyYQbDdXj1j72YhzYzlpSc=
-52,45,BL08u3aSMQRJi7EG2GyMS3bnKt4=,+1dTdVyYQbDdXj1j72YhzYzlpSc=
-50,34,BL08u3aSMQRJi7EG2GyMS3bnKt4=,+1dTdVyYQbDdXj1j72YhzYzlpSc=
-51,34,BL08u3aSMQRJi7EG2GyMS3bnKt4=,+1dTdVyYQbDdXj1j72YhzYzlpSc=
-50,46,BL08u3aSMQRJi7EG2GyMS3bnKt4=,+1dTdVyYQbDdXj1j72YhzYzlpSc=
-50,44,BL08u3aSMQRJi7EG2GyMS3bnKt4=,+1dTdVyYQbDdXj1j72YhzYzlpSc=
-53,45,BL08u3aSMQRJi7EG2GyMS3bnKt4=,+1dTdVyYQbDdXj1j72YhzYzlpSc=
-51,33,BL08u3aSMQRJi7EG2GyMS3bnKt4=,+1dTdVyYQbDdXj1j72YhzYzlpSc=
-51,46,BL08u3aSMQRJi7EG2GyMS3bnKt4=,+1dTdVyYQbDdXj1j72YhzYzlpSc=
-51,44,wr96syDV4ZDEeCy4VG8xaRAJJMg=,+1dTdVyYQbDdXj1j72YhzYzlpSc=
-51,43,wr96syDV4ZDEeCy4VG8xaRAJJMg=,+1dTdVyYQbDdXj1j72YhzYzlpSc=
-51,45,wr96syDV4ZDEeCy4VG8xaRAJJMg=,+1dTdVyYQbDdXj1j72YhzYzlpSc=
-54,45,wr96syDV4ZDEeCy4VG8xaRAJJMg=,+1dTdVyYQbDdXj1j72YhzYzlpSc=
-50,45,wr96syDV4ZDEeCy4VG8xaRAJJMg=,+1dTdVyYQbDdXj1j72YhzYzlpSc=
-53,34,wr96syDV4ZDEeCy4VG8xaRAJJMg=,+1dTdVyYQbDdXj1j72YhzYzlpSc=
-50,42,wr96syDV4ZDEeCy4VG8xaRAJJMg=,+1dTdVyYQbDdXj1j72YhzYzlpSc=
-54,34,wr96syDV4ZDEeCy4VG8xaRAJJMg=,+1dTdVyYQbDdXj1j72YhzYzlpSc=
-54,46,wr96syDV4ZDEeCy4VG8xaRAJJMg=,+1dTdVyYQbDdXj1j72YhzYzlpSc=
-55,34,wr96syDV4ZDEeCy4VG8xaRAJJMg=,+1dTdVyYQbDdXj1j72YhzYzlpSc=
-55,45,wr96syDV4ZDEeCy4VG8xaRAJJMg=,+1dTdVyYQbDdXj1j72YhzYzlpSc=
-53,46,wr96syDV4ZDEeCy4VG8xaRAJJMg=,+1dTdVyYQbDdXj1j72YhzYzlpSc=
-56,45,wr96syDV4ZDEeCy4VG8xaRAJJMg=,+1dTdVyYQbDdXj1j72YhzYzlpSc=
-55,46,wr96syDV4ZDEeCy4VG8xaRAJJMg=,+1dTdVyYQbDdXj1j72YhzYzlpSc=
-62,32,wr96syDV4ZDEeCy4VG8xaRAJJMg=,SzB7dxHVGhCw/86kUPPymtdh7U4=
-63,33,wr96syDV4ZDEeCy4VG8xaRAJJMg=,SzB7dxHVGhCw/86kUPPymtdh7U4=
-52,44,wr96syDV4ZDEeCy4VG8xaRAJJMg=,+1dTdVyYQbDdXj1j72YhzYzlpSc=
-52,43,wr96syDV4ZDEeCy4VG8xaRAJJMg=,+1dTdVyYQbDdXj1j72YhzYzlpSc=
-64,32,wr96syDV4ZDEeCy4VG8xaRAJJMg=,SzB7dxHVGhCw/86kUPPymtdh7U4=
-62,33,wr96syDV4ZDEeCy4VG8xaRAJJMg=,SzB7dxHVGhCw/86kUPPymtdh7U4=
-57,54,WN0MJFWWYfY81AX3yNAqhb746iQ=,SzB7dxHVGhCw/86kUPPymtdh7U4=
-57,57,WN0MJFWWYfY81AX3yNAqhb746iQ=,SzB7dxHVGhCw/86kUPPymtdh7U4=
-58,57,WN0MJFWWYfY81AX3yNAqhb746iQ=,SzB7dxHVGhCw/86kUPPymtdh7U4=
-59,57,WN0MJFWWYfY81AX3yNAqhb746iQ=,SzB7dxHVGhCw/86kUPPymtdh7U4=
-58,55,WN0MJFWWYfY81AX3yNAqhb746iQ=,SzB7dxHVGhCw/86kUPPymtdh7U4=
-59,55,WN0MJFWWYfY81AX3yNAqhb746iQ=,SzB7dxHVGhCw/86kUPPymtdh7U4=
-60,55,WN0MJFWWYfY81AX3yNAqhb746iQ=,SzB7dxHVGhCw/86kUPPymtdh7U4=
-60,57,WN0MJFWWYfY81AX3yNAqhb746iQ=,SzB7dxHVGhCw/86kUPPymtdh7U4=
-58,56,WN0MJFWWYfY81AX3yNAqhb746iQ=,SzB7dxHVGhCw/86kUPPymtdh7U4=
-57,59,WN0MJFWWYfY81AX3yNAqhb746iQ=,SzB7dxHVGhCw/86kUPPymtdh7U4=
-58,59,WN0MJFWWYfY81AX3yNAqhb746iQ=,SzB7dxHVGhCw/86kUPPymtdh7U4=
-59,56,WN0MJFWWYfY81AX3yNAqhb746iQ=,SzB7dxHVGhCw/86kUPPymtdh7U4=
-59,59,WN0MJFWWYfY81AX3yNAqhb746iQ=,SzB7dxHVGhCw/86kUPPymtdh7U4=
-60,59,WN0MJFWWYfY81AX3yNAqhb746iQ=,SzB7dxHVGhCw/86kUPPymtdh7U4=
-60,56,WN0MJFWWYfY81AX3yNAqhb746iQ=,SzB7dxHVGhCw/86kUPPymtdh7U4=
-57,56,WN0MJFWWYfY81AX3yNAqhb746iQ=,SzB7dxHVGhCw/86kUPPymtdh7U4=
-57,55,WN0MJFWWYfY81AX3yNAqhb746iQ=,SzB7dxHVGhCw/86kUPPymtdh7U4=
-57,58,WN0MJFWWYfY81AX3yNAqhb746iQ=,SzB7dxHVGhCw/86kUPPymtdh7U4=
-58,58,WN0MJFWWYfY81AX3yNAqhb746iQ=,SzB7dxHVGhCw/86kUPPymtdh7U4=
-59,58,WN0MJFWWYfY81AX3yNAqhb746iQ=,SzB7dxHVGhCw/86kUPPymtdh7U4=
-60,58,WN0MJFWWYfY81AX3yNAqhb746iQ=,SzB7dxHVGhCw/86kUPPymtdh7U4=
-59,54,WN0MJFWWYfY81AX3yNAqhb746iQ=,SzB7dxHVGhCw/86kUPPymtdh7U4=
-60,54,WN0MJFWWYfY81AX3yNAqhb746iQ=,SzB7dxHVGhCw/86kUPPymtdh7U4=
-58,53,WN0MJFWWYfY81AX3yNAqhb746iQ=,SzB7dxHVGhCw/86kUPPymtdh7U4=
-58,52,WN0MJFWWYfY81AX3yNAqhb746iQ=,SzB7dxHVGhCw/86kUPPymtdh7U4=
-59,52,WN0MJFWWYfY81AX3yNAqhb746iQ=,SzB7dxHVGhCw/86kUPPymtdh7U4=
-60,52,WN0MJFWWYfY81AX3yNAqhb746iQ=,SzB7dxHVGhCw/86kUPPymtdh7U4=
-59,53,WN0MJFWWYfY81AX3yNAqhb746iQ=,SzB7dxHVGhCw/86kUPPymtdh7U4=
-60,53,WN0MJFWWYfY81AX3yNAqhb746iQ=,SzB7dxHVGhCw/86kUPPymtdh7U4=
-58,54,WN0MJFWWYfY81AX3yNAqhb746iQ=,SzB7dxHVGhCw/86kUPPymtdh7U4=
-57,52,WN0MJFWWYfY81AX3yNAqhb746iQ=,SzB7dxHVGhCw/86kUPPymtdh7U4=
-57,53,WN0MJFWWYfY81AX3yNAqhb746iQ=,SzB7dxHVGhCw/86kUPPymtdh7U4=
-53,56,WN0MJFWWYfY81AX3yNAqhb746iQ=,+1dTdVyYQbDdXj1j72YhzYzlpSc=
-57,63,WN0MJFWWYfY81AX3yNAqhb746iQ=,SzB7dxHVGhCw/86kUPPymtdh7U4=
-58,63,WN0MJFWWYfY81AX3yNAqhb746iQ=,SzB7dxHVGhCw/86kUPPymtdh7U4=
-54,56,HeX9JpV3Y/o+kuL/mj8G7BMivcU=,+1dTdVyYQbDdXj1j72YhzYzlpSc=
-59,63,HeX9JpV3Y/o+kuL/mj8G7BMivcU=,SzB7dxHVGhCw/86kUPPymtdh7U4=
-60,63,HeX9JpV3Y/o+kuL/mj8G7BMivcU=,SzB7dxHVGhCw/86kUPPymtdh7U4=
-57,62,HeX9JpV3Y/o+kuL/mj8G7BMivcU=,SzB7dxHVGhCw/86kUPPymtdh7U4=
-58,62,HeX9JpV3Y/o+kuL/mj8G7BMivcU=,SzB7dxHVGhCw/86kUPPymtdh7U4=
-59,62,HeX9JpV3Y/o+kuL/mj8G7BMivcU=,SzB7dxHVGhCw/86kUPPymtdh7U4=
-60,62,HeX9JpV3Y/o+kuL/mj8G7BMivcU=,SzB7dxHVGhCw/86kUPPymtdh7U4=
-57,61,HeX9JpV3Y/o+kuL/mj8G7BMivcU=,SzB7dxHVGhCw/86kUPPymtdh7U4=
-58,61,HeX9JpV3Y/o+kuL/mj8G7BMivcU=,SzB7dxHVGhCw/86kUPPymtdh7U4=
-59,61,HeX9JpV3Y/o+kuL/mj8G7BMivcU=,SzB7dxHVGhCw/86kUPPymtdh7U4=
-60,61,HeX9JpV3Y/o+kuL/mj8G7BMivcU=,SzB7dxHVGhCw/86kUPPymtdh7U4=
-57,60,HeX9JpV3Y/o+kuL/mj8G7BMivcU=,SzB7dxHVGhCw/86kUPPymtdh7U4=
-58,60,HeX9JpV3Y/o+kuL/mj8G7BMivcU=,SzB7dxHVGhCw/86kUPPymtdh7U4=
-59,60,HeX9JpV3Y/o+kuL/mj8G7BMivcU=,SzB7dxHVGhCw/86kUPPymtdh7U4=
-60,60,HeX9JpV3Y/o+kuL/mj8G7BMivcU=,SzB7dxHVGhCw/86kUPPymtdh7U4=
-53,63,HeX9JpV3Y/o+kuL/mj8G7BMivcU=,+1dTdVyYQbDdXj1j72YhzYzlpSc=
-54,63,HeX9JpV3Y/o+kuL/mj8G7BMivcU=,+1dTdVyYQbDdXj1j72YhzYzlpSc=
-55,54,HeX9JpV3Y/o+kuL/mj8G7BMivcU=,+1dTdVyYQbDdXj1j72YhzYzlpSc=
-55,63,HeX9JpV3Y/o+kuL/mj8G7BMivcU=,+1dTdVyYQbDdXj1j72YhzYzlpSc=
-56,63,HeX9JpV3Y/o+kuL/mj8G7BMivcU=,+1dTdVyYQbDdXj1j72YhzYzlpSc=
-56,62,HeX9JpV3Y/o+kuL/mj8G7BMivcU=,+1dTdVyYQbDdXj1j72YhzYzlpSc=
-56,61,HeX9JpV3Y/o+kuL/mj8G7BMivcU=,+1dTdVyYQbDdXj1j72YhzYzlpSc=
-56,60,HeX9JpV3Y/o+kuL/mj8G7BMivcU=,+1dTdVyYQbDdXj1j72YhzYzlpSc=
-53,62,HeX9JpV3Y/o+kuL/mj8G7BMivcU=,+1dTdVyYQbDdXj1j72YhzYzlpSc=
-54,62,HeX9JpV3Y/o+kuL/mj8G7BMivcU=,+1dTdVyYQbDdXj1j72YhzYzlpSc=
-55,62,HeX9JpV3Y/o+kuL/mj8G7BMivcU=,+1dTdVyYQbDdXj1j72YhzYzlpSc=
-53,61,HeX9JpV3Y/o+kuL/mj8G7BMivcU=,+1dTdVyYQbDdXj1j72YhzYzlpSc=
-54,61,HeX9JpV3Y/o+kuL/mj8G7BMivcU=,+1dTdVyYQbDdXj1j72YhzYzlpSc=
-55,61,HeX9JpV3Y/o+kuL/mj8G7BMivcU=,+1dTdVyYQbDdXj1j72YhzYzlpSc=
-53,60,HeX9JpV3Y/o+kuL/mj8G7BMivcU=,+1dTdVyYQbDdXj1j72YhzYzlpSc=
-54,60,HeX9JpV3Y/o+kuL/mj8G7BMivcU=,+1dTdVyYQbDdXj1j72YhzYzlpSc=
-55,60,HeX9JpV3Y/o+kuL/mj8G7BMivcU=,+1dTdVyYQbDdXj1j72YhzYzlpSc=
-54,54,HeX9JpV3Y/o+kuL/mj8G7BMivcU=,+1dTdVyYQbDdXj1j72YhzYzlpSc=
-55,56,HeX9JpV3Y/o+kuL/mj8G7BMivcU=,+1dTdVyYQbDdXj1j72YhzYzlpSc=
-56,54,HeX9JpV3Y/o+kuL/mj8G7BMivcU=,+1dTdVyYQbDdXj1j72YhzYzlpSc=
-50,51,HeX9JpV3Y/o+kuL/mj8G7BMivcU=,+1dTdVyYQbDdXj1j72YhzYzlpSc=
-49,55,HeX9JpV3Y/o+kuL/mj8G7BMivcU=,+1dTdVyYQbDdXj1j72YhzYzlpSc=
-56,56,HeX9JpV3Y/o+kuL/mj8G7BMivcU=,+1dTdVyYQbDdXj1j72YhzYzlpSc=
-49,48,HeX9JpV3Y/o+kuL/mj8G7BMivcU=,+1dTdVyYQbDdXj1j72YhzYzlpSc=
-53,54,HeX9JpV3Y/o+kuL/mj8G7BMivcU=,+1dTdVyYQbDdXj1j72YhzYzlpSc=
-64,55,HeX9JpV3Y/o+kuL/mj8G7BMivcU=,SzB7dxHVGhCw/86kUPPymtdh7U4=
-64,53,HeX9JpV3Y/o+kuL/mj8G7BMivcU=,SzB7dxHVGhCw/86kUPPymtdh7U4=
-64,54,HeX9JpV3Y/o+kuL/mj8G7BMivcU=,SzB7dxHVGhCw/86kUPPymtdh7U4=
-64,52,HeX9JpV3Y/o+kuL/mj8G7BMivcU=,SzB7dxHVGhCw/86kUPPymtdh7U4=
-61,55,HeX9JpV3Y/o+kuL/mj8G7BMivcU=,SzB7dxHVGhCw/86kUPPymtdh7U4=
-62,55,HeX9JpV3Y/o+kuL/mj8G7BMivcU=,SzB7dxHVGhCw/86kUPPymtdh7U4=
-63,55,HeX9JpV3Y/o+kuL/mj8G7BMivcU=,SzB7dxHVGhCw/86kUPPymtdh7U4=
-61,53,HeX9JpV3Y/o+kuL/mj8G7BMivcU=,SzB7dxHVGhCw/86kUPPymtdh7U4=
-62,53,HeX9JpV3Y/o+kuL/mj8G7BMivcU=,SzB7dxHVGhCw/86kUPPymtdh7U4=
-61,54,HeX9JpV3Y/o+kuL/mj8G7BMivcU=,SzB7dxHVGhCw/86kUPPymtdh7U4=
-63,53,HeX9JpV3Y/o+kuL/mj8G7BMivcU=,SzB7dxHVGhCw/86kUPPymtdh7U4=
-62,54,HeX9JpV3Y/o+kuL/mj8G7BMivcU=,SzB7dxHVGhCw/86kUPPymtdh7U4=
-63,54,HeX9JpV3Y/o+kuL/mj8G7BMivcU=,SzB7dxHVGhCw/86kUPPymtdh7U4=
-56,58,HeX9JpV3Y/o+kuL/mj8G7BMivcU=,+1dTdVyYQbDdXj1j72YhzYzlpSc=
-55,59,HeX9JpV3Y/o+kuL/mj8G7BMivcU=,+1dTdVyYQbDdXj1j72YhzYzlpSc=
-53,55,HeX9JpV3Y/o+kuL/mj8G7BMivcU=,+1dTdVyYQbDdXj1j72YhzYzlpSc=
-61,52,HeX9JpV3Y/o+kuL/mj8G7BMivcU=,SzB7dxHVGhCw/86kUPPymtdh7U4=
-62,52,HeX9JpV3Y/o+kuL/mj8G7BMivcU=,SzB7dxHVGhCw/86kUPPymtdh7U4=
-63,52,HeX9JpV3Y/o+kuL/mj8G7BMivcU=,SzB7dxHVGhCw/86kUPPymtdh7U4=
-64,59,HeX9JpV3Y/o+kuL/mj8G7BMivcU=,SzB7dxHVGhCw/86kUPPymtdh7U4=
-64,57,HeX9JpV3Y/o+kuL/mj8G7BMivcU=,SzB7dxHVGhCw/86kUPPymtdh7U4=
-64,56,HeX9JpV3Y/o+kuL/mj8G7BMivcU=,SzB7dxHVGhCw/86kUPPymtdh7U4=
-64,58,HeX9JpV3Y/o+kuL/mj8G7BMivcU=,SzB7dxHVGhCw/86kUPPymtdh7U4=
-61,63,HeX9JpV3Y/o+kuL/mj8G7BMivcU=,SzB7dxHVGhCw/86kUPPymtdh7U4=
-62,63,HeX9JpV3Y/o+kuL/mj8G7BMivcU=,SzB7dxHVGhCw/86kUPPymtdh7U4=
-52,54,HeX9JpV3Y/o+kuL/mj8G7BMivcU=,+1dTdVyYQbDdXj1j72YhzYzlpSc=
-63,63,HeX9JpV3Y/o+kuL/mj8G7BMivcU=,SzB7dxHVGhCw/86kUPPymtdh7U4=
-64,63,HeX9JpV3Y/o+kuL/mj8G7BMivcU=,SzB7dxHVGhCw/86kUPPymtdh7U4=
-61,62,HeX9JpV3Y/o+kuL/mj8G7BMivcU=,SzB7dxHVGhCw/86kUPPymtdh7U4=
-62,62,HeX9JpV3Y/o+kuL/mj8G7BMivcU=,SzB7dxHVGhCw/86kUPPymtdh7U4=
-61,57,HeX9JpV3Y/o+kuL/mj8G7BMivcU=,SzB7dxHVGhCw/86kUPPymtdh7U4=
-63,62,HeX9JpV3Y/o+kuL/mj8G7BMivcU=,SzB7dxHVGhCw/86kUPPymtdh7U4=
-56,57,HeX9JpV3Y/o+kuL/mj8G7BMivcU=,+1dTdVyYQbDdXj1j72YhzYzlpSc=
-54,59,HeX9JpV3Y/o+kuL/mj8G7BMivcU=,+1dTdVyYQbDdXj1j72YhzYzlpSc=
-64,61,HeX9JpV3Y/o+kuL/mj8G7BMivcU=,SzB7dxHVGhCw/86kUPPymtdh7U4=
-64,62,HeX9JpV3Y/o+kuL/mj8G7BMivcU=,SzB7dxHVGhCw/86kUPPymtdh7U4=
-58,48,HeX9JpV3Y/o+kuL/mj8G7BMivcU=,SzB7dxHVGhCw/86kUPPymtdh7U4=
-61,61,HeX9JpV3Y/o+kuL/mj8G7BMivcU=,SzB7dxHVGhCw/86kUPPymtdh7U4=
-62,61,HeX9JpV3Y/o+kuL/mj8G7BMivcU=,SzB7dxHVGhCw/86kUPPymtdh7U4=
-63,61,HeX9JpV3Y/o+kuL/mj8G7BMivcU=,SzB7dxHVGhCw/86kUPPymtdh7U4=
-61,60,HeX9JpV3Y/o+kuL/mj8G7BMivcU=,SzB7dxHVGhCw/86kUPPymtdh7U4=
-62,60,HeX9JpV3Y/o+kuL/mj8G7BMivcU=,SzB7dxHVGhCw/86kUPPymtdh7U4=
-63,60,HeX9JpV3Y/o+kuL/mj8G7BMivcU=,SzB7dxHVGhCw/86kUPPymtdh7U4=
-62,57,HeX9JpV3Y/o+kuL/mj8G7BMivcU=,SzB7dxHVGhCw/86kUPPymtdh7U4=
-61,59,HeX9JpV3Y/o+kuL/mj8G7BMivcU=,SzB7dxHVGhCw/86kUPPymtdh7U4=
-62,59,HeX9JpV3Y/o+kuL/mj8G7BMivcU=,SzB7dxHVGhCw/86kUPPymtdh7U4=
-63,59,HeX9JpV3Y/o+kuL/mj8G7BMivcU=,SzB7dxHVGhCw/86kUPPymtdh7U4=
-63,57,HeX9JpV3Y/o+kuL/mj8G7BMivcU=,SzB7dxHVGhCw/86kUPPymtdh7U4=
-53,59,HeX9JpV3Y/o+kuL/mj8G7BMivcU=,+1dTdVyYQbDdXj1j72YhzYzlpSc=
-56,59,HeX9JpV3Y/o+kuL/mj8G7BMivcU=,+1dTdVyYQbDdXj1j72YhzYzlpSc=
-59,48,HeX9JpV3Y/o+kuL/mj8G7BMivcU=,SzB7dxHVGhCw/86kUPPymtdh7U4=
-60,48,W4NhFwaz/n4KLjYW0Axgvv+XP+c=,SzB7dxHVGhCw/86kUPPymtdh7U4=
-51,51,W4NhFwaz/n4KLjYW0Axgvv+XP+c=,+1dTdVyYQbDdXj1j72YhzYzlpSc=
-61,56,W4NhFwaz/n4KLjYW0Axgvv+XP+c=,SzB7dxHVGhCw/86kUPPymtdh7U4=
-62,56,W4NhFwaz/n4KLjYW0Axgvv+XP+c=,SzB7dxHVGhCw/86kUPPymtdh7U4=
-61,58,W4NhFwaz/n4KLjYW0Axgvv+XP+c=,SzB7dxHVGhCw/86kUPPymtdh7U4=
-63,56,W4NhFwaz/n4KLjYW0Axgvv+XP+c=,SzB7dxHVGhCw/86kUPPymtdh7U4=
-62,58,W4NhFwaz/n4KLjYW0Axgvv+XP+c=,SzB7dxHVGhCw/86kUPPymtdh7U4=
-63,58,W4NhFwaz/n4KLjYW0Axgvv+XP+c=,SzB7dxHVGhCw/86kUPPymtdh7U4=
-64,60,W4NhFwaz/n4KLjYW0Axgvv+XP+c=,SzB7dxHVGhCw/86kUPPymtdh7U4=
-64,48,W4NhFwaz/n4KLjYW0Axgvv+XP+c=,SzB7dxHVGhCw/86kUPPymtdh7U4=
-53,57,W4NhFwaz/n4KLjYW0Axgvv+XP+c=,+1dTdVyYQbDdXj1j72YhzYzlpSc=
-64,51,W4NhFwaz/n4KLjYW0Axgvv+XP+c=,SzB7dxHVGhCw/86kUPPymtdh7U4=
-64,49,W4NhFwaz/n4KLjYW0Axgvv+XP+c=,SzB7dxHVGhCw/86kUPPymtdh7U4=
-64,50,W4NhFwaz/n4KLjYW0Axgvv+XP+c=,SzB7dxHVGhCw/86kUPPymtdh7U4=
-53,53,W4NhFwaz/n4KLjYW0Axgvv+XP+c=,+1dTdVyYQbDdXj1j72YhzYzlpSc=
-55,57,W4NhFwaz/n4KLjYW0Axgvv+XP+c=,+1dTdVyYQbDdXj1j72YhzYzlpSc=
-54,57,W4NhFwaz/n4KLjYW0Axgvv+XP+c=,+1dTdVyYQbDdXj1j72YhzYzlpSc=
-57,51,W4NhFwaz/n4KLjYW0Axgvv+XP+c=,SzB7dxHVGhCw/86kUPPymtdh7U4=
-53,58,W4NhFwaz/n4KLjYW0Axgvv+XP+c=,+1dTdVyYQbDdXj1j72YhzYzlpSc=
-56,55,W4NhFwaz/n4KLjYW0Axgvv+XP+c=,+1dTdVyYQbDdXj1j72YhzYzlpSc=
-50,53,W4NhFwaz/n4KLjYW0Axgvv+XP+c=,+1dTdVyYQbDdXj1j72YhzYzlpSc=
-55,58,W4NhFwaz/n4KLjYW0Axgvv+XP+c=,+1dTdVyYQbDdXj1j72YhzYzlpSc=
-57,50,W4NhFwaz/n4KLjYW0Axgvv+XP+c=,SzB7dxHVGhCw/86kUPPymtdh7U4=
-54,58,W4NhFwaz/n4KLjYW0Axgvv+XP+c=,+1dTdVyYQbDdXj1j72YhzYzlpSc=
-56,52,W4NhFwaz/n4KLjYW0Axgvv+XP+c=,+1dTdVyYQbDdXj1j72YhzYzlpSc=
-52,51,W4NhFwaz/n4KLjYW0Axgvv+XP+c=,+1dTdVyYQbDdXj1j72YhzYzlpSc=
-53,52,W4NhFwaz/n4KLjYW0Axgvv+XP+c=,+1dTdVyYQbDdXj1j72YhzYzlpSc=
-54,55,W4NhFwaz/n4KLjYW0Axgvv+XP+c=,+1dTdVyYQbDdXj1j72YhzYzlpSc=
-49,57,W4NhFwaz/n4KLjYW0Axgvv+XP+c=,+1dTdVyYQbDdXj1j72YhzYzlpSc=
-49,63,W4NhFwaz/n4KLjYW0Axgvv+XP+c=,+1dTdVyYQbDdXj1j72YhzYzlpSc=
-50,63,W4NhFwaz/n4KLjYW0Axgvv+XP+c=,+1dTdVyYQbDdXj1j72YhzYzlpSc=
-51,63,W4NhFwaz/n4KLjYW0Axgvv+XP+c=,+1dTdVyYQbDdXj1j72YhzYzlpSc=
-52,63,W4NhFwaz/n4KLjYW0Axgvv+XP+c=,+1dTdVyYQbDdXj1j72YhzYzlpSc=
-50,50,W4NhFwaz/n4KLjYW0Axgvv+XP+c=,+1dTdVyYQbDdXj1j72YhzYzlpSc=
-55,55,W4NhFwaz/n4KLjYW0Axgvv+XP+c=,+1dTdVyYQbDdXj1j72YhzYzlpSc=
-54,51,W4NhFwaz/n4KLjYW0Axgvv+XP+c=,+1dTdVyYQbDdXj1j72YhzYzlpSc=
-55,51,W4NhFwaz/n4KLjYW0Axgvv+XP+c=,+1dTdVyYQbDdXj1j72YhzYzlpSc=
-55,52,W4NhFwaz/n4KLjYW0Axgvv+XP+c=,+1dTdVyYQbDdXj1j72YhzYzlpSc=
-54,53,W4NhFwaz/n4KLjYW0Axgvv+XP+c=,+1dTdVyYQbDdXj1j72YhzYzlpSc=
-54,52,W4NhFwaz/n4KLjYW0Axgvv+XP+c=,+1dTdVyYQbDdXj1j72YhzYzlpSc=
-56,51,W4NhFwaz/n4KLjYW0Axgvv+XP+c=,+1dTdVyYQbDdXj1j72YhzYzlpSc=
-50,48,W4NhFwaz/n4KLjYW0Axgvv+XP+c=,+1dTdVyYQbDdXj1j72YhzYzlpSc=
-51,53,W4NhFwaz/n4KLjYW0Axgvv+XP+c=,+1dTdVyYQbDdXj1j72YhzYzlpSc=
-55,48,5Yb816P3v078lLHrzFVoxlQko0g=,+1dTdVyYQbDdXj1j72YhzYzlpSc=
-57,49,5Yb816P3v078lLHrzFVoxlQko0g=,SzB7dxHVGhCw/86kUPPymtdh7U4=
-53,50,5Yb816P3v078lLHrzFVoxlQko0g=,+1dTdVyYQbDdXj1j72YhzYzlpSc=
-52,53,5Yb816P3v078lLHrzFVoxlQko0g=,+1dTdVyYQbDdXj1j72YhzYzlpSc=
-49,56,5Yb816P3v078lLHrzFVoxlQko0g=,+1dTdVyYQbDdXj1j72YhzYzlpSc=
-53,48,5Yb816P3v078lLHrzFVoxlQko0g=,+1dTdVyYQbDdXj1j72YhzYzlpSc=
-49,62,5Yb816P3v078lLHrzFVoxlQko0g=,+1dTdVyYQbDdXj1j72YhzYzlpSc=
-53,51,5Yb816P3v078lLHrzFVoxlQko0g=,+1dTdVyYQbDdXj1j72YhzYzlpSc=
-49,61,5Yb816P3v078lLHrzFVoxlQko0g=,+1dTdVyYQbDdXj1j72YhzYzlpSc=
-49,60,5Yb816P3v078lLHrzFVoxlQko0g=,+1dTdVyYQbDdXj1j72YhzYzlpSc=
-56,50,5Yb816P3v078lLHrzFVoxlQko0g=,+1dTdVyYQbDdXj1j72YhzYzlpSc=
-58,51,5Yb816P3v078lLHrzFVoxlQko0g=,SzB7dxHVGhCw/86kUPPymtdh7U4=
-59,49,5Yb816P3v078lLHrzFVoxlQko0g=,SzB7dxHVGhCw/86kUPPymtdh7U4=
-59,51,5Yb816P3v078lLHrzFVoxlQko0g=,SzB7dxHVGhCw/86kUPPymtdh7U4=
-60,51,5Yb816P3v078lLHrzFVoxlQko0g=,SzB7dxHVGhCw/86kUPPymtdh7U4=
-60,49,5Yb816P3v078lLHrzFVoxlQko0g=,SzB7dxHVGhCw/86kUPPymtdh7U4=
-61,49,5Yb816P3v078lLHrzFVoxlQko0g=,SzB7dxHVGhCw/86kUPPymtdh7U4=
-61,51,5Yb816P3v078lLHrzFVoxlQko0g=,SzB7dxHVGhCw/86kUPPymtdh7U4=
-55,53,5Yb816P3v078lLHrzFVoxlQko0g=,+1dTdVyYQbDdXj1j72YhzYzlpSc=
-62,51,5Yb816P3v078lLHrzFVoxlQko0g=,SzB7dxHVGhCw/86kUPPymtdh7U4=
-63,51,5Yb816P3v078lLHrzFVoxlQko0g=,SzB7dxHVGhCw/86kUPPymtdh7U4=
-59,50,5Yb816P3v078lLHrzFVoxlQko0g=,SzB7dxHVGhCw/86kUPPymtdh7U4=
-60,50,5Yb816P3v078lLHrzFVoxlQko0g=,SzB7dxHVGhCw/86kUPPymtdh7U4=
-61,50,5Yb816P3v078lLHrzFVoxlQko0g=,SzB7dxHVGhCw/86kUPPymtdh7U4=
-62,49,5Yb816P3v078lLHrzFVoxlQko0g=,SzB7dxHVGhCw/86kUPPymtdh7U4=
-62,50,5Yb816P3v078lLHrzFVoxlQko0g=,SzB7dxHVGhCw/86kUPPymtdh7U4=
-63,49,5Yb816P3v078lLHrzFVoxlQko0g=,SzB7dxHVGhCw/86kUPPymtdh7U4=
-63,50,5Yb816P3v078lLHrzFVoxlQko0g=,SzB7dxHVGhCw/86kUPPymtdh7U4=
-58,49,5Yb816P3v078lLHrzFVoxlQko0g=,SzB7dxHVGhCw/86kUPPymtdh7U4=
-58,50,5Yb816P3v078lLHrzFVoxlQko0g=,SzB7dxHVGhCw/86kUPPymtdh7U4=
-62,48,5Yb816P3v078lLHrzFVoxlQko0g=,SzB7dxHVGhCw/86kUPPymtdh7U4=
-63,48,5Yb816P3v078lLHrzFVoxlQko0g=,SzB7dxHVGhCw/86kUPPymtdh7U4=
-61,48,5Yb816P3v078lLHrzFVoxlQko0g=,SzB7dxHVGhCw/86kUPPymtdh7U4=
-57,48,5Yb816P3v078lLHrzFVoxlQko0g=,SzB7dxHVGhCw/86kUPPymtdh7U4=
-50,52,5Yb816P3v078lLHrzFVoxlQko0g=,+1dTdVyYQbDdXj1j72YhzYzlpSc=
-51,48,5Yb816P3v078lLHrzFVoxlQko0g=,+1dTdVyYQbDdXj1j72YhzYzlpSc=
-52,58,Q3BoaFBQampfFxqMKID1IZ4JMrQ=,+1dTdVyYQbDdXj1j72YhzYzlpSc=
-54,48,Q3BoaFBQampfFxqMKID1IZ4JMrQ=,+1dTdVyYQbDdXj1j72YhzYzlpSc=
-56,48,Q3BoaFBQampfFxqMKID1IZ4JMrQ=,+1dTdVyYQbDdXj1j72YhzYzlpSc=
-51,52,Q3BoaFBQampfFxqMKID1IZ4JMrQ=,+1dTdVyYQbDdXj1j72YhzYzlpSc=
-55,50,Q3BoaFBQampfFxqMKID1IZ4JMrQ=,+1dTdVyYQbDdXj1j72YhzYzlpSc=
-49,59,Q3BoaFBQampfFxqMKID1IZ4JMrQ=,+1dTdVyYQbDdXj1j72YhzYzlpSc=
-51,55,Q3BoaFBQampfFxqMKID1IZ4JMrQ=,+1dTdVyYQbDdXj1j72YhzYzlpSc=
-54,50,Q3BoaFBQampfFxqMKID1IZ4JMrQ=,+1dTdVyYQbDdXj1j72YhzYzlpSc=
-56,53,Q3BoaFBQampfFxqMKID1IZ4JMrQ=,+1dTdVyYQbDdXj1j72YhzYzlpSc=
-54,49,Q3BoaFBQampfFxqMKID1IZ4JMrQ=,+1dTdVyYQbDdXj1j72YhzYzlpSc=
-53,49,Q3BoaFBQampfFxqMKID1IZ4JMrQ=,+1dTdVyYQbDdXj1j72YhzYzlpSc=
-56,49,Q3BoaFBQampfFxqMKID1IZ4JMrQ=,+1dTdVyYQbDdXj1j72YhzYzlpSc=
-49,58,Q3BoaFBQampfFxqMKID1IZ4JMrQ=,+1dTdVyYQbDdXj1j72YhzYzlpSc=
-50,58,Q3BoaFBQampfFxqMKID1IZ4JMrQ=,+1dTdVyYQbDdXj1j72YhzYzlpSc=
-51,58,Q3BoaFBQampfFxqMKID1IZ4JMrQ=,+1dTdVyYQbDdXj1j72YhzYzlpSc=
-52,55,Q3BoaFBQampfFxqMKID1IZ4JMrQ=,+1dTdVyYQbDdXj1j72YhzYzlpSc=
-55,49,Q3BoaFBQampfFxqMKID1IZ4JMrQ=,+1dTdVyYQbDdXj1j72YhzYzlpSc=
-52,48,Q3BoaFBQampfFxqMKID1IZ4JMrQ=,+1dTdVyYQbDdXj1j72YhzYzlpSc=
-51,50,Q3BoaFBQampfFxqMKID1IZ4JMrQ=,+1dTdVyYQbDdXj1j72YhzYzlpSc=
-49,51,Q3BoaFBQampfFxqMKID1IZ4JMrQ=,+1dTdVyYQbDdXj1j72YhzYzlpSc=
-52,49,Q3BoaFBQampfFxqMKID1IZ4JMrQ=,+1dTdVyYQbDdXj1j72YhzYzlpSc=
-49,50,Q3BoaFBQampfFxqMKID1IZ4JMrQ=,+1dTdVyYQbDdXj1j72YhzYzlpSc=
-50,56,Q3BoaFBQampfFxqMKID1IZ4JMrQ=,+1dTdVyYQbDdXj1j72YhzYzlpSc=
-52,50,Q3BoaFBQampfFxqMKID1IZ4JMrQ=,+1dTdVyYQbDdXj1j72YhzYzlpSc=
-49,49,Q3BoaFBQampfFxqMKID1IZ4JMrQ=,+1dTdVyYQbDdXj1j72YhzYzlpSc=
-51,54,Q3BoaFBQampfFxqMKID1IZ4JMrQ=,+1dTdVyYQbDdXj1j72YhzYzlpSc=
-52,60,Q3BoaFBQampfFxqMKID1IZ4JMrQ=,+1dTdVyYQbDdXj1j72YhzYzlpSc=
-51,60,Q3BoaFBQampfFxqMKID1IZ4JMrQ=,+1dTdVyYQbDdXj1j72YhzYzlpSc=
-50,60,Q3BoaFBQampfFxqMKID1IZ4JMrQ=,+1dTdVyYQbDdXj1j72YhzYzlpSc=
-52,61,Q3BoaFBQampfFxqMKID1IZ4JMrQ=,+1dTdVyYQbDdXj1j72YhzYzlpSc=
-51,61,Q3BoaFBQampfFxqMKID1IZ4JMrQ=,+1dTdVyYQbDdXj1j72YhzYzlpSc=
-49,53,Q3BoaFBQampfFxqMKID1IZ4JMrQ=,+1dTdVyYQbDdXj1j72YhzYzlpSc=
-50,61,Q3BoaFBQampfFxqMKID1IZ4JMrQ=,+1dTdVyYQbDdXj1j72YhzYzlpSc=
-52,62,Q3BoaFBQampfFxqMKID1IZ4JMrQ=,+1dTdVyYQbDdXj1j72YhzYzlpSc=
-51,62,Q3BoaFBQampfFxqMKID1IZ4JMrQ=,+1dTdVyYQbDdXj1j72YhzYzlpSc=
-50,62,Q3BoaFBQampfFxqMKID1IZ4JMrQ=,+1dTdVyYQbDdXj1j72YhzYzlpSc=
-51,56,Q3BoaFBQampfFxqMKID1IZ4JMrQ=,+1dTdVyYQbDdXj1j72YhzYzlpSc=
-52,59,Q3BoaFBQampfFxqMKID1IZ4JMrQ=,+1dTdVyYQbDdXj1j72YhzYzlpSc=
-50,59,Q3BoaFBQampfFxqMKID1IZ4JMrQ=,+1dTdVyYQbDdXj1j72YhzYzlpSc=
-50,49,Q3BoaFBQampfFxqMKID1IZ4JMrQ=,+1dTdVyYQbDdXj1j72YhzYzlpSc=
-51,57,G0adk2Z5Qc3ub5QM79d1h2DoSHw=,+1dTdVyYQbDdXj1j72YhzYzlpSc=
-52,52,G0adk2Z5Qc3ub5QM79d1h2DoSHw=,+1dTdVyYQbDdXj1j72YhzYzlpSc=
-52,56,G0adk2Z5Qc3ub5QM79d1h2DoSHw=,+1dTdVyYQbDdXj1j72YhzYzlpSc=
-49,54,G0adk2Z5Qc3ub5QM79d1h2DoSHw=,+1dTdVyYQbDdXj1j72YhzYzlpSc=
-51,49,G0adk2Z5Qc3ub5QM79d1h2DoSHw=,+1dTdVyYQbDdXj1j72YhzYzlpSc=
-50,57,G0adk2Z5Qc3ub5QM79d1h2DoSHw=,+1dTdVyYQbDdXj1j72YhzYzlpSc=
-49,52,G0adk2Z5Qc3ub5QM79d1h2DoSHw=,+1dTdVyYQbDdXj1j72YhzYzlpSc=
-50,54,G0adk2Z5Qc3ub5QM79d1h2DoSHw=,+1dTdVyYQbDdXj1j72YhzYzlpSc=
-50,55,G0adk2Z5Qc3ub5QM79d1h2DoSHw=,+1dTdVyYQbDdXj1j72YhzYzlpSc=
-51,59,G0adk2Z5Qc3ub5QM79d1h2DoSHw=,+1dTdVyYQbDdXj1j72YhzYzlpSc=
-52,57,G0adk2Z5Qc3ub5QM79d1h2DoSHw=,+1dTdVyYQbDdXj1j72YhzYzlpSc=
-40,55,pEyMhdOUYwbSSB627YlDotW9lz8=,YJjOf2hmJ2YuFzrbYqtCmYFeWL0=
-41,52,pEyMhdOUYwbSSB627YlDotW9lz8=,YJjOf2hmJ2YuFzrbYqtCmYFeWL0=
-42,52,pEyMhdOUYwbSSB627YlDotW9lz8=,YJjOf2hmJ2YuFzrbYqtCmYFeWL0=
-41,48,pEyMhdOUYwbSSB627YlDotW9lz8=,YJjOf2hmJ2YuFzrbYqtCmYFeWL0=
-41,53,pEyMhdOUYwbSSB627YlDotW9lz8=,YJjOf2hmJ2YuFzrbYqtCmYFeWL0=
-41,55,pEyMhdOUYwbSSB627YlDotW9lz8=,YJjOf2hmJ2YuFzrbYqtCmYFeWL0=
-42,48,pEyMhdOUYwbSSB627YlDotW9lz8=,YJjOf2hmJ2YuFzrbYqtCmYFeWL0=
-43,52,mzEdaborroA+DqVpA89zslfpdRo=,YJjOf2hmJ2YuFzrbYqtCmYFeWL0=
-41,56,mzEdaborroA+DqVpA89zslfpdRo=,YJjOf2hmJ2YuFzrbYqtCmYFeWL0=
-41,49,mzEdaborroA+DqVpA89zslfpdRo=,YJjOf2hmJ2YuFzrbYqtCmYFeWL0=
-43,48,mzEdaborroA+DqVpA89zslfpdRo=,YJjOf2hmJ2YuFzrbYqtCmYFeWL0=
-37,48,mzEdaborroA+DqVpA89zslfpdRo=,YJjOf2hmJ2YuFzrbYqtCmYFeWL0=
-41,54,mzEdaborroA+DqVpA89zslfpdRo=,YJjOf2hmJ2YuFzrbYqtCmYFeWL0=
-42,53,mzEdaborroA+DqVpA89zslfpdRo=,YJjOf2hmJ2YuFzrbYqtCmYFeWL0=
-44,48,mzEdaborroA+DqVpA89zslfpdRo=,YJjOf2hmJ2YuFzrbYqtCmYFeWL0=
-38,48,mzEdaborroA+DqVpA89zslfpdRo=,YJjOf2hmJ2YuFzrbYqtCmYFeWL0=
-33,55,mzEdaborroA+DqVpA89zslfpdRo=,YJjOf2hmJ2YuFzrbYqtCmYFeWL0=
-43,56,mzEdaborroA+DqVpA89zslfpdRo=,YJjOf2hmJ2YuFzrbYqtCmYFeWL0=
-42,56,mzEdaborroA+DqVpA89zslfpdRo=,YJjOf2hmJ2YuFzrbYqtCmYFeWL0=
-44,52,mzEdaborroA+DqVpA89zslfpdRo=,YJjOf2hmJ2YuFzrbYqtCmYFeWL0=
-44,56,mzEdaborroA+DqVpA89zslfpdRo=,YJjOf2hmJ2YuFzrbYqtCmYFeWL0=
-39,48,mzEdaborroA+DqVpA89zslfpdRo=,YJjOf2hmJ2YuFzrbYqtCmYFeWL0=
-40,48,mzEdaborroA+DqVpA89zslfpdRo=,YJjOf2hmJ2YuFzrbYqtCmYFeWL0=
-39,49,mzEdaborroA+DqVpA89zslfpdRo=,YJjOf2hmJ2YuFzrbYqtCmYFeWL0=
-48,55,mzEdaborroA+DqVpA89zslfpdRo=,YJjOf2hmJ2YuFzrbYqtCmYFeWL0=
-39,50,mzEdaborroA+DqVpA89zslfpdRo=,YJjOf2hmJ2YuFzrbYqtCmYFeWL0=
-40,50,mzEdaborroA+DqVpA89zslfpdRo=,YJjOf2hmJ2YuFzrbYqtCmYFeWL0=
-48,52,mzEdaborroA+DqVpA89zslfpdRo=,YJjOf2hmJ2YuFzrbYqtCmYFeWL0=
-37,49,mzEdaborroA+DqVpA89zslfpdRo=,YJjOf2hmJ2YuFzrbYqtCmYFeWL0=
-38,49,mzEdaborroA+DqVpA89zslfpdRo=,YJjOf2hmJ2YuFzrbYqtCmYFeWL0=
-33,56,mzEdaborroA+DqVpA89zslfpdRo=,YJjOf2hmJ2YuFzrbYqtCmYFeWL0=
-33,54,gtSDesTdNIoQVIWgMN1FdQZTAq8=,YJjOf2hmJ2YuFzrbYqtCmYFeWL0=
-33,53,gtSDesTdNIoQVIWgMN1FdQZTAq8=,YJjOf2hmJ2YuFzrbYqtCmYFeWL0=
-34,54,gtSDesTdNIoQVIWgMN1FdQZTAq8=,YJjOf2hmJ2YuFzrbYqtCmYFeWL0=
-48,53,gtSDesTdNIoQVIWgMN1FdQZTAq8=,YJjOf2hmJ2YuFzrbYqtCmYFeWL0=
-36,55,gtSDesTdNIoQVIWgMN1FdQZTAq8=,YJjOf2hmJ2YuFzrbYqtCmYFeWL0=
-48,54,gtSDesTdNIoQVIWgMN1FdQZTAq8=,YJjOf2hmJ2YuFzrbYqtCmYFeWL0=
-33,52,gtSDesTdNIoQVIWgMN1FdQZTAq8=,YJjOf2hmJ2YuFzrbYqtCmYFeWL0=
-35,52,gtSDesTdNIoQVIWgMN1FdQZTAq8=,YJjOf2hmJ2YuFzrbYqtCmYFeWL0=
-34,55,gtSDesTdNIoQVIWgMN1FdQZTAq8=,YJjOf2hmJ2YuFzrbYqtCmYFeWL0=
-40,49,gtSDesTdNIoQVIWgMN1FdQZTAq8=,YJjOf2hmJ2YuFzrbYqtCmYFeWL0=
-39,55,gtSDesTdNIoQVIWgMN1FdQZTAq8=,YJjOf2hmJ2YuFzrbYqtCmYFeWL0=
-37,55,gtSDesTdNIoQVIWgMN1FdQZTAq8=,YJjOf2hmJ2YuFzrbYqtCmYFeWL0=
-46,54,gtSDesTdNIoQVIWgMN1FdQZTAq8=,YJjOf2hmJ2YuFzrbYqtCmYFeWL0=
-38,55,gtSDesTdNIoQVIWgMN1FdQZTAq8=,YJjOf2hmJ2YuFzrbYqtCmYFeWL0=
-37,54,gtSDesTdNIoQVIWgMN1FdQZTAq8=,YJjOf2hmJ2YuFzrbYqtCmYFeWL0=
-38,54,gtSDesTdNIoQVIWgMN1FdQZTAq8=,YJjOf2hmJ2YuFzrbYqtCmYFeWL0=
-34,53,gtSDesTdNIoQVIWgMN1FdQZTAq8=,YJjOf2hmJ2YuFzrbYqtCmYFeWL0=
-35,54,gtSDesTdNIoQVIWgMN1FdQZTAq8=,YJjOf2hmJ2YuFzrbYqtCmYFeWL0=
-38,56,gtSDesTdNIoQVIWgMN1FdQZTAq8=,YJjOf2hmJ2YuFzrbYqtCmYFeWL0=
-37,56,gtSDesTdNIoQVIWgMN1FdQZTAq8=,YJjOf2hmJ2YuFzrbYqtCmYFeWL0=
-35,53,gtSDesTdNIoQVIWgMN1FdQZTAq8=,YJjOf2hmJ2YuFzrbYqtCmYFeWL0=
-33,57,gtSDesTdNIoQVIWgMN1FdQZTAq8=,YJjOf2hmJ2YuFzrbYqtCmYFeWL0=
-36,53,gtSDesTdNIoQVIWgMN1FdQZTAq8=,YJjOf2hmJ2YuFzrbYqtCmYFeWL0=
-39,56,gtSDesTdNIoQVIWgMN1FdQZTAq8=,YJjOf2hmJ2YuFzrbYqtCmYFeWL0=
-36,54,gtSDesTdNIoQVIWgMN1FdQZTAq8=,YJjOf2hmJ2YuFzrbYqtCmYFeWL0=
-35,55,gtSDesTdNIoQVIWgMN1FdQZTAq8=,YJjOf2hmJ2YuFzrbYqtCmYFeWL0=
-34,52,gtSDesTdNIoQVIWgMN1FdQZTAq8=,YJjOf2hmJ2YuFzrbYqtCmYFeWL0=
-47,54,gtSDesTdNIoQVIWgMN1FdQZTAq8=,YJjOf2hmJ2YuFzrbYqtCmYFeWL0=
-39,54,gtSDesTdNIoQVIWgMN1FdQZTAq8=,YJjOf2hmJ2YuFzrbYqtCmYFeWL0=
-39,53,gtSDesTdNIoQVIWgMN1FdQZTAq8=,YJjOf2hmJ2YuFzrbYqtCmYFeWL0=
-38,53,gtSDesTdNIoQVIWgMN1FdQZTAq8=,YJjOf2hmJ2YuFzrbYqtCmYFeWL0=
-36,52,gtSDesTdNIoQVIWgMN1FdQZTAq8=,YJjOf2hmJ2YuFzrbYqtCmYFeWL0=
-38,58,gtSDesTdNIoQVIWgMN1FdQZTAq8=,YJjOf2hmJ2YuFzrbYqtCmYFeWL0=
-37,58,gtSDesTdNIoQVIWgMN1FdQZTAq8=,YJjOf2hmJ2YuFzrbYqtCmYFeWL0=
-39,58,WBhe6JqMrIKpAgzGbYAKx4+3ohw=,YJjOf2hmJ2YuFzrbYqtCmYFeWL0=
-38,52,WBhe6JqMrIKpAgzGbYAKx4+3ohw=,YJjOf2hmJ2YuFzrbYqtCmYFeWL0=
-39,52,WBhe6JqMrIKpAgzGbYAKx4+3ohw=,YJjOf2hmJ2YuFzrbYqtCmYFeWL0=
-37,51,WBhe6JqMrIKpAgzGbYAKx4+3ohw=,YJjOf2hmJ2YuFzrbYqtCmYFeWL0=
-38,57,WBhe6JqMrIKpAgzGbYAKx4+3ohw=,YJjOf2hmJ2YuFzrbYqtCmYFeWL0=
-37,53,WBhe6JqMrIKpAgzGbYAKx4+3ohw=,YJjOf2hmJ2YuFzrbYqtCmYFeWL0=
-41,57,WBhe6JqMrIKpAgzGbYAKx4+3ohw=,YJjOf2hmJ2YuFzrbYqtCmYFeWL0=
-37,57,WBhe6JqMrIKpAgzGbYAKx4+3ohw=,YJjOf2hmJ2YuFzrbYqtCmYFeWL0=
-39,57,WBhe6JqMrIKpAgzGbYAKx4+3ohw=,YJjOf2hmJ2YuFzrbYqtCmYFeWL0=
-45,55,WBhe6JqMrIKpAgzGbYAKx4+3ohw=,YJjOf2hmJ2YuFzrbYqtCmYFeWL0=
-37,52,WBhe6JqMrIKpAgzGbYAKx4+3ohw=,YJjOf2hmJ2YuFzrbYqtCmYFeWL0=
-37,59,WBhe6JqMrIKpAgzGbYAKx4+3ohw=,YJjOf2hmJ2YuFzrbYqtCmYFeWL0=
-40,58,WBhe6JqMrIKpAgzGbYAKx4+3ohw=,YJjOf2hmJ2YuFzrbYqtCmYFeWL0=
-40,57,WBhe6JqMrIKpAgzGbYAKx4+3ohw=,YJjOf2hmJ2YuFzrbYqtCmYFeWL0=
-39,59,WBhe6JqMrIKpAgzGbYAKx4+3ohw=,YJjOf2hmJ2YuFzrbYqtCmYFeWL0=
-38,59,WBhe6JqMrIKpAgzGbYAKx4+3ohw=,YJjOf2hmJ2YuFzrbYqtCmYFeWL0=
-41,58,WBhe6JqMrIKpAgzGbYAKx4+3ohw=,YJjOf2hmJ2YuFzrbYqtCmYFeWL0=
-38,51,WBhe6JqMrIKpAgzGbYAKx4+3ohw=,YJjOf2hmJ2YuFzrbYqtCmYFeWL0=
-41,59,WBhe6JqMrIKpAgzGbYAKx4+3ohw=,YJjOf2hmJ2YuFzrbYqtCmYFeWL0=
-43,57,WBhe6JqMrIKpAgzGbYAKx4+3ohw=,YJjOf2hmJ2YuFzrbYqtCmYFeWL0=
-44,55,WBhe6JqMrIKpAgzGbYAKx4+3ohw=,YJjOf2hmJ2YuFzrbYqtCmYFeWL0=
-40,51,WBhe6JqMrIKpAgzGbYAKx4+3ohw=,YJjOf2hmJ2YuFzrbYqtCmYFeWL0=
-39,51,WBhe6JqMrIKpAgzGbYAKx4+3ohw=,YJjOf2hmJ2YuFzrbYqtCmYFeWL0=
-40,59,WBhe6JqMrIKpAgzGbYAKx4+3ohw=,YJjOf2hmJ2YuFzrbYqtCmYFeWL0=
-46,53,hWqN0/7+wT75yMQ6rrFaFdlqRyg=,YJjOf2hmJ2YuFzrbYqtCmYFeWL0=
-43,55,rCXjQyyb65BmhuEtLOqgzPacfQw=,YJjOf2hmJ2YuFzrbYqtCmYFeWL0=
-46,55,rCXjQyyb65BmhuEtLOqgzPacfQw=,YJjOf2hmJ2YuFzrbYqtCmYFeWL0=
-47,53,rCXjQyyb65BmhuEtLOqgzPacfQw=,YJjOf2hmJ2YuFzrbYqtCmYFeWL0=
-42,57,rCXjQyyb65BmhuEtLOqgzPacfQw=,YJjOf2hmJ2YuFzrbYqtCmYFeWL0=
-45,54,rCXjQyyb65BmhuEtLOqgzPacfQw=,YJjOf2hmJ2YuFzrbYqtCmYFeWL0=
-42,58,rCXjQyyb65BmhuEtLOqgzPacfQw=,YJjOf2hmJ2YuFzrbYqtCmYFeWL0=
-42,59,rCXjQyyb65BmhuEtLOqgzPacfQw=,YJjOf2hmJ2YuFzrbYqtCmYFeWL0=
-43,59,rCXjQyyb65BmhuEtLOqgzPacfQw=,YJjOf2hmJ2YuFzrbYqtCmYFeWL0=
-44,57,rCXjQyyb65BmhuEtLOqgzPacfQw=,YJjOf2hmJ2YuFzrbYqtCmYFeWL0=
-45,53,rCXjQyyb65BmhuEtLOqgzPacfQw=,YJjOf2hmJ2YuFzrbYqtCmYFeWL0=
-44,59,rCXjQyyb65BmhuEtLOqgzPacfQw=,YJjOf2hmJ2YuFzrbYqtCmYFeWL0=
-43,58,rCXjQyyb65BmhuEtLOqgzPacfQw=,YJjOf2hmJ2YuFzrbYqtCmYFeWL0=
-44,58,rCXjQyyb65BmhuEtLOqgzPacfQw=,YJjOf2hmJ2YuFzrbYqtCmYFeWL0=
-44,51,rCXjQyyb65BmhuEtLOqgzPacfQw=,YJjOf2hmJ2YuFzrbYqtCmYFeWL0=
-42,51,rCXjQyyb65BmhuEtLOqgzPacfQw=,YJjOf2hmJ2YuFzrbYqtCmYFeWL0=
-43,51,rCXjQyyb65BmhuEtLOqgzPacfQw=,YJjOf2hmJ2YuFzrbYqtCmYFeWL0=
-44,53,rCXjQyyb65BmhuEtLOqgzPacfQw=,YJjOf2hmJ2YuFzrbYqtCmYFeWL0=
-41,51,rCXjQyyb65BmhuEtLOqgzPacfQw=,YJjOf2hmJ2YuFzrbYqtCmYFeWL0=
-44,54,rCXjQyyb65BmhuEtLOqgzPacfQw=,YJjOf2hmJ2YuFzrbYqtCmYFeWL0=
-43,54,rCXjQyyb65BmhuEtLOqgzPacfQw=,YJjOf2hmJ2YuFzrbYqtCmYFeWL0=
-40,52,rCXjQyyb65BmhuEtLOqgzPacfQw=,YJjOf2hmJ2YuFzrbYqtCmYFeWL0=
-47,52,rCXjQyyb65BmhuEtLOqgzPacfQw=,YJjOf2hmJ2YuFzrbYqtCmYFeWL0=
-42,55,rCXjQyyb65BmhuEtLOqgzPacfQw=,YJjOf2hmJ2YuFzrbYqtCmYFeWL0=
-40,53,rCXjQyyb65BmhuEtLOqgzPacfQw=,YJjOf2hmJ2YuFzrbYqtCmYFeWL0=
-40,56,rCXjQyyb65BmhuEtLOqgzPacfQw=,YJjOf2hmJ2YuFzrbYqtCmYFeWL0=
-45,52,rCXjQyyb65BmhuEtLOqgzPacfQw=,YJjOf2hmJ2YuFzrbYqtCmYFeWL0=
-43,53,rCXjQyyb65BmhuEtLOqgzPacfQw=,YJjOf2hmJ2YuFzrbYqtCmYFeWL0=
-40,54,rCXjQyyb65BmhuEtLOqgzPacfQw=,YJjOf2hmJ2YuFzrbYqtCmYFeWL0=
-44,49,rCXjQyyb65BmhuEtLOqgzPacfQw=,YJjOf2hmJ2YuFzrbYqtCmYFeWL0=
-44,50,rCXjQyyb65BmhuEtLOqgzPacfQw=,YJjOf2hmJ2YuFzrbYqtCmYFeWL0=
-43,49,rCXjQyyb65BmhuEtLOqgzPacfQw=,YJjOf2hmJ2YuFzrbYqtCmYFeWL0=
-43,50,rCXjQyyb65BmhuEtLOqgzPacfQw=,YJjOf2hmJ2YuFzrbYqtCmYFeWL0=
-42,54,rCXjQyyb65BmhuEtLOqgzPacfQw=,YJjOf2hmJ2YuFzrbYqtCmYFeWL0=
-42,50,rCXjQyyb65BmhuEtLOqgzPacfQw=,YJjOf2hmJ2YuFzrbYqtCmYFeWL0=
-41,50,rCXjQyyb65BmhuEtLOqgzPacfQw=,YJjOf2hmJ2YuFzrbYqtCmYFeWL0=
-42,49,rCXjQyyb65BmhuEtLOqgzPacfQw=,YJjOf2hmJ2YuFzrbYqtCmYFeWL0=
-36,56,rCXjQyyb65BmhuEtLOqgzPacfQw=,YJjOf2hmJ2YuFzrbYqtCmYFeWL0=
-33,58,rCXjQyyb65BmhuEtLOqgzPacfQw=,YJjOf2hmJ2YuFzrbYqtCmYFeWL0=
-33,59,rCXjQyyb65BmhuEtLOqgzPacfQw=,YJjOf2hmJ2YuFzrbYqtCmYFeWL0=
-36,57,rCXjQyyb65BmhuEtLOqgzPacfQw=,YJjOf2hmJ2YuFzrbYqtCmYFeWL0=
-34,57,rCXjQyyb65BmhuEtLOqgzPacfQw=,YJjOf2hmJ2YuFzrbYqtCmYFeWL0=
-34,56,rCXjQyyb65BmhuEtLOqgzPacfQw=,YJjOf2hmJ2YuFzrbYqtCmYFeWL0=
-35,57,rCXjQyyb65BmhuEtLOqgzPacfQw=,YJjOf2hmJ2YuFzrbYqtCmYFeWL0=
-35,56,rCXjQyyb65BmhuEtLOqgzPacfQw=,YJjOf2hmJ2YuFzrbYqtCmYFeWL0=
-36,59,rCXjQyyb65BmhuEtLOqgzPacfQw=,YJjOf2hmJ2YuFzrbYqtCmYFeWL0=
-35,59,rCXjQyyb65BmhuEtLOqgzPacfQw=,YJjOf2hmJ2YuFzrbYqtCmYFeWL0=
-46,52,rCXjQyyb65BmhuEtLOqgzPacfQw=,YJjOf2hmJ2YuFzrbYqtCmYFeWL0=
-34,59,rCXjQyyb65BmhuEtLOqgzPacfQw=,YJjOf2hmJ2YuFzrbYqtCmYFeWL0=
-36,58,rCXjQyyb65BmhuEtLOqgzPacfQw=,YJjOf2hmJ2YuFzrbYqtCmYFeWL0=
-34,58,rCXjQyyb65BmhuEtLOqgzPacfQw=,YJjOf2hmJ2YuFzrbYqtCmYFeWL0=
-35,58,rCXjQyyb65BmhuEtLOqgzPacfQw=,YJjOf2hmJ2YuFzrbYqtCmYFeWL0=
-47,56,rCXjQyyb65BmhuEtLOqgzPacfQw=,YJjOf2hmJ2YuFzrbYqtCmYFeWL0=
-38,50,rCXjQyyb65BmhuEtLOqgzPacfQw=,YJjOf2hmJ2YuFzrbYqtCmYFeWL0=
-47,55,rCXjQyyb65BmhuEtLOqgzPacfQw=,YJjOf2hmJ2YuFzrbYqtCmYFeWL0=
-37,50,rCXjQyyb65BmhuEtLOqgzPacfQw=,YJjOf2hmJ2YuFzrbYqtCmYFeWL0=
-46,56,rCXjQyyb65BmhuEtLOqgzPacfQw=,YJjOf2hmJ2YuFzrbYqtCmYFeWL0=
-33,63,rCXjQyyb65BmhuEtLOqgzPacfQw=,YJjOf2hmJ2YuFzrbYqtCmYFeWL0=
-47,51,rCXjQyyb65BmhuEtLOqgzPacfQw=,YJjOf2hmJ2YuFzrbYqtCmYFeWL0=
-33,51,rCXjQyyb65BmhuEtLOqgzPacfQw=,YJjOf2hmJ2YuFzrbYqtCmYFeWL0=
-46,58,rCXjQyyb65BmhuEtLOqgzPacfQw=,YJjOf2hmJ2YuFzrbYqtCmYFeWL0=
-45,56,mhJqW/ixOixxWtRq9qdTy4TWhlc=,YJjOf2hmJ2YuFzrbYqtCmYFeWL0=
-47,58,mhJqW/ixOixxWtRq9qdTy4TWhlc=,YJjOf2hmJ2YuFzrbYqtCmYFeWL0=
-34,63,mhJqW/ixOixxWtRq9qdTy4TWhlc=,YJjOf2hmJ2YuFzrbYqtCmYFeWL0=
-34,49,mhJqW/ixOixxWtRq9qdTy4TWhlc=,YJjOf2hmJ2YuFzrbYqtCmYFeWL0=
-34,50,mhJqW/ixOixxWtRq9qdTy4TWhlc=,YJjOf2hmJ2YuFzrbYqtCmYFeWL0=
-44,63,mhJqW/ixOixxWtRq9qdTy4TWhlc=,YJjOf2hmJ2YuFzrbYqtCmYFeWL0=
-45,50,mhJqW/ixOixxWtRq9qdTy4TWhlc=,YJjOf2hmJ2YuFzrbYqtCmYFeWL0=
-36,49,mhJqW/ixOixxWtRq9qdTy4TWhlc=,YJjOf2hmJ2YuFzrbYqtCmYFeWL0=
-33,48,mhJqW/ixOixxWtRq9qdTy4TWhlc=,YJjOf2hmJ2YuFzrbYqtCmYFeWL0=
-33,50,mhJqW/ixOixxWtRq9qdTy4TWhlc=,YJjOf2hmJ2YuFzrbYqtCmYFeWL0=
-41,63,mhJqW/ixOixxWtRq9qdTy4TWhlc=,YJjOf2hmJ2YuFzrbYqtCmYFeWL0=
-35,49,mhJqW/ixOixxWtRq9qdTy4TWhlc=,YJjOf2hmJ2YuFzrbYqtCmYFeWL0=
-36,51,mhJqW/ixOixxWtRq9qdTy4TWhlc=,YJjOf2hmJ2YuFzrbYqtCmYFeWL0=
-36,50,mhJqW/ixOixxWtRq9qdTy4TWhlc=,YJjOf2hmJ2YuFzrbYqtCmYFeWL0=
-35,50,mhJqW/ixOixxWtRq9qdTy4TWhlc=,YJjOf2hmJ2YuFzrbYqtCmYFeWL0=
-45,58,mhJqW/ixOixxWtRq9qdTy4TWhlc=,YJjOf2hmJ2YuFzrbYqtCmYFeWL0=
-48,56,mhJqW/ixOixxWtRq9qdTy4TWhlc=,YJjOf2hmJ2YuFzrbYqtCmYFeWL0=
-33,62,mhJqW/ixOixxWtRq9qdTy4TWhlc=,YJjOf2hmJ2YuFzrbYqtCmYFeWL0=
-33,61,mhJqW/ixOixxWtRq9qdTy4TWhlc=,YJjOf2hmJ2YuFzrbYqtCmYFeWL0=
-33,49,mhJqW/ixOixxWtRq9qdTy4TWhlc=,YJjOf2hmJ2YuFzrbYqtCmYFeWL0=
-36,63,mhJqW/ixOixxWtRq9qdTy4TWhlc=,YJjOf2hmJ2YuFzrbYqtCmYFeWL0=
-35,63,mhJqW/ixOixxWtRq9qdTy4TWhlc=,YJjOf2hmJ2YuFzrbYqtCmYFeWL0=
-35,62,mhJqW/ixOixxWtRq9qdTy4TWhlc=,YJjOf2hmJ2YuFzrbYqtCmYFeWL0=
-34,62,mhJqW/ixOixxWtRq9qdTy4TWhlc=,YJjOf2hmJ2YuFzrbYqtCmYFeWL0=
-33,60,mhJqW/ixOixxWtRq9qdTy4TWhlc=,YJjOf2hmJ2YuFzrbYqtCmYFeWL0=
-48,59,mhJqW/ixOixxWtRq9qdTy4TWhlc=,YJjOf2hmJ2YuFzrbYqtCmYFeWL0=
-36,62,XRFdiqLhcLx8kQYQquGdjhXIBvs=,YJjOf2hmJ2YuFzrbYqtCmYFeWL0=
-34,61,XRFdiqLhcLx8kQYQquGdjhXIBvs=,YJjOf2hmJ2YuFzrbYqtCmYFeWL0=
-36,60,XRFdiqLhcLx8kQYQquGdjhXIBvs=,YJjOf2hmJ2YuFzrbYqtCmYFeWL0=
-34,60,XRFdiqLhcLx8kQYQquGdjhXIBvs=,YJjOf2hmJ2YuFzrbYqtCmYFeWL0=
-34,48,XRFdiqLhcLx8kQYQquGdjhXIBvs=,YJjOf2hmJ2YuFzrbYqtCmYFeWL0=
-46,63,XRFdiqLhcLx8kQYQquGdjhXIBvs=,YJjOf2hmJ2YuFzrbYqtCmYFeWL0=
-38,63,XRFdiqLhcLx8kQYQquGdjhXIBvs=,YJjOf2hmJ2YuFzrbYqtCmYFeWL0=
-36,61,XRFdiqLhcLx8kQYQquGdjhXIBvs=,YJjOf2hmJ2YuFzrbYqtCmYFeWL0=
-35,60,XRFdiqLhcLx8kQYQquGdjhXIBvs=,YJjOf2hmJ2YuFzrbYqtCmYFeWL0=
-48,60,XRFdiqLhcLx8kQYQquGdjhXIBvs=,YJjOf2hmJ2YuFzrbYqtCmYFeWL0=
-39,63,XRFdiqLhcLx8kQYQquGdjhXIBvs=,YJjOf2hmJ2YuFzrbYqtCmYFeWL0=
-38,62,XRFdiqLhcLx8kQYQquGdjhXIBvs=,YJjOf2hmJ2YuFzrbYqtCmYFeWL0=
-37,61,XRFdiqLhcLx8kQYQquGdjhXIBvs=,YJjOf2hmJ2YuFzrbYqtCmYFeWL0=
-37,62,XRFdiqLhcLx8kQYQquGdjhXIBvs=,YJjOf2hmJ2YuFzrbYqtCmYFeWL0=
-35,61,XRFdiqLhcLx8kQYQquGdjhXIBvs=,YJjOf2hmJ2YuFzrbYqtCmYFeWL0=
-45,63,XRFdiqLhcLx8kQYQquGdjhXIBvs=,YJjOf2hmJ2YuFzrbYqtCmYFeWL0=
-39,62,XRFdiqLhcLx8kQYQquGdjhXIBvs=,YJjOf2hmJ2YuFzrbYqtCmYFeWL0=
-47,63,XRFdiqLhcLx8kQYQquGdjhXIBvs=,YJjOf2hmJ2YuFzrbYqtCmYFeWL0=
-38,61,XRFdiqLhcLx8kQYQquGdjhXIBvs=,YJjOf2hmJ2YuFzrbYqtCmYFeWL0=
-48,63,XRFdiqLhcLx8kQYQquGdjhXIBvs=,YJjOf2hmJ2YuFzrbYqtCmYFeWL0=
-37,60,XRFdiqLhcLx8kQYQquGdjhXIBvs=,YJjOf2hmJ2YuFzrbYqtCmYFeWL0=
-39,61,XRFdiqLhcLx8kQYQquGdjhXIBvs=,YJjOf2hmJ2YuFzrbYqtCmYFeWL0=
-37,63,XRFdiqLhcLx8kQYQquGdjhXIBvs=,YJjOf2hmJ2YuFzrbYqtCmYFeWL0=
-48,57,XRFdiqLhcLx8kQYQquGdjhXIBvs=,YJjOf2hmJ2YuFzrbYqtCmYFeWL0=
-39,60,g3LL7OAiMDq3fjjfaZJaMOyj+0s=,YJjOf2hmJ2YuFzrbYqtCmYFeWL0=
-48,61,g3LL7OAiMDq3fjjfaZJaMOyj+0s=,YJjOf2hmJ2YuFzrbYqtCmYFeWL0=
-41,61,g3LL7OAiMDq3fjjfaZJaMOyj+0s=,YJjOf2hmJ2YuFzrbYqtCmYFeWL0=
-35,48,g3LL7OAiMDq3fjjfaZJaMOyj+0s=,YJjOf2hmJ2YuFzrbYqtCmYFeWL0=
-38,60,g3LL7OAiMDq3fjjfaZJaMOyj+0s=,YJjOf2hmJ2YuFzrbYqtCmYFeWL0=
-48,62,g3LL7OAiMDq3fjjfaZJaMOyj+0s=,YJjOf2hmJ2YuFzrbYqtCmYFeWL0=
-40,62,g3LL7OAiMDq3fjjfaZJaMOyj+0s=,YJjOf2hmJ2YuFzrbYqtCmYFeWL0=
-42,62,g3LL7OAiMDq3fjjfaZJaMOyj+0s=,YJjOf2hmJ2YuFzrbYqtCmYFeWL0=
-40,60,g3LL7OAiMDq3fjjfaZJaMOyj+0s=,YJjOf2hmJ2YuFzrbYqtCmYFeWL0=
-43,62,g3LL7OAiMDq3fjjfaZJaMOyj+0s=,YJjOf2hmJ2YuFzrbYqtCmYFeWL0=
-41,60,g3LL7OAiMDq3fjjfaZJaMOyj+0s=,YJjOf2hmJ2YuFzrbYqtCmYFeWL0=
-41,62,g3LL7OAiMDq3fjjfaZJaMOyj+0s=,YJjOf2hmJ2YuFzrbYqtCmYFeWL0=
-40,61,g3LL7OAiMDq3fjjfaZJaMOyj+0s=,YJjOf2hmJ2YuFzrbYqtCmYFeWL0=
-44,62,g3LL7OAiMDq3fjjfaZJaMOyj+0s=,YJjOf2hmJ2YuFzrbYqtCmYFeWL0=
-47,62,g3LL7OAiMDq3fjjfaZJaMOyj+0s=,YJjOf2hmJ2YuFzrbYqtCmYFeWL0=
-46,62,g3LL7OAiMDq3fjjfaZJaMOyj+0s=,YJjOf2hmJ2YuFzrbYqtCmYFeWL0=
-45,62,g3LL7OAiMDq3fjjfaZJaMOyj+0s=,YJjOf2hmJ2YuFzrbYqtCmYFeWL0=
-43,61,g3LL7OAiMDq3fjjfaZJaMOyj+0s=,YJjOf2hmJ2YuFzrbYqtCmYFeWL0=
-42,61,g3LL7OAiMDq3fjjfaZJaMOyj+0s=,YJjOf2hmJ2YuFzrbYqtCmYFeWL0=
-46,61,g3LL7OAiMDq3fjjfaZJaMOyj+0s=,YJjOf2hmJ2YuFzrbYqtCmYFeWL0=
-45,61,g3LL7OAiMDq3fjjfaZJaMOyj+0s=,YJjOf2hmJ2YuFzrbYqtCmYFeWL0=
-47,61,g3LL7OAiMDq3fjjfaZJaMOyj+0s=,YJjOf2hmJ2YuFzrbYqtCmYFeWL0=
-44,61,g3LL7OAiMDq3fjjfaZJaMOyj+0s=,YJjOf2hmJ2YuFzrbYqtCmYFeWL0=
-42,60,g3LL7OAiMDq3fjjfaZJaMOyj+0s=,YJjOf2hmJ2YuFzrbYqtCmYFeWL0=
-43,60,g3LL7OAiMDq3fjjfaZJaMOyj+0s=,YJjOf2hmJ2YuFzrbYqtCmYFeWL0=
-47,50,g3LL7OAiMDq3fjjfaZJaMOyj+0s=,YJjOf2hmJ2YuFzrbYqtCmYFeWL0=
-46,50,wz7xJafbzFPDfxpL1lHrGFjcJ9M=,YJjOf2hmJ2YuFzrbYqtCmYFeWL0=
-45,60,wz7xJafbzFPDfxpL1lHrGFjcJ9M=,YJjOf2hmJ2YuFzrbYqtCmYFeWL0=
-45,49,wz7xJafbzFPDfxpL1lHrGFjcJ9M=,YJjOf2hmJ2YuFzrbYqtCmYFeWL0=
-46,49,wz7xJafbzFPDfxpL1lHrGFjcJ9M=,YJjOf2hmJ2YuFzrbYqtCmYFeWL0=
-47,48,wz7xJafbzFPDfxpL1lHrGFjcJ9M=,YJjOf2hmJ2YuFzrbYqtCmYFeWL0=
-47,49,wz7xJafbzFPDfxpL1lHrGFjcJ9M=,YJjOf2hmJ2YuFzrbYqtCmYFeWL0=
-46,51,wz7xJafbzFPDfxpL1lHrGFjcJ9M=,YJjOf2hmJ2YuFzrbYqtCmYFeWL0=
-43,63,wz7xJafbzFPDfxpL1lHrGFjcJ9M=,YJjOf2hmJ2YuFzrbYqtCmYFeWL0=
-44,60,wz7xJafbzFPDfxpL1lHrGFjcJ9M=,YJjOf2hmJ2YuFzrbYqtCmYFeWL0=
-46,48,wz7xJafbzFPDfxpL1lHrGFjcJ9M=,YJjOf2hmJ2YuFzrbYqtCmYFeWL0=
-45,51,wz7xJafbzFPDfxpL1lHrGFjcJ9M=,YJjOf2hmJ2YuFzrbYqtCmYFeWL0=
-47,60,wz7xJafbzFPDfxpL1lHrGFjcJ9M=,YJjOf2hmJ2YuFzrbYqtCmYFeWL0=
-48,51,wz7xJafbzFPDfxpL1lHrGFjcJ9M=,YJjOf2hmJ2YuFzrbYqtCmYFeWL0=
-48,50,wz7xJafbzFPDfxpL1lHrGFjcJ9M=,YJjOf2hmJ2YuFzrbYqtCmYFeWL0=
-46,60,wz7xJafbzFPDfxpL1lHrGFjcJ9M=,YJjOf2hmJ2YuFzrbYqtCmYFeWL0=
-45,48,wz7xJafbzFPDfxpL1lHrGFjcJ9M=,YJjOf2hmJ2YuFzrbYqtCmYFeWL0=
-48,48,wz7xJafbzFPDfxpL1lHrGFjcJ9M=,YJjOf2hmJ2YuFzrbYqtCmYFeWL0=
-42,63,wz7xJafbzFPDfxpL1lHrGFjcJ9M=,YJjOf2hmJ2YuFzrbYqtCmYFeWL0=
-40,63,wz7xJafbzFPDfxpL1lHrGFjcJ9M=,YJjOf2hmJ2YuFzrbYqtCmYFeWL0=
-48,49,wz7xJafbzFPDfxpL1lHrGFjcJ9M=,YJjOf2hmJ2YuFzrbYqtCmYFeWL0=
-48,58,wz7xJafbzFPDfxpL1lHrGFjcJ9M=,YJjOf2hmJ2YuFzrbYqtCmYFeWL0=
-45,57,wz7xJafbzFPDfxpL1lHrGFjcJ9M=,YJjOf2hmJ2YuFzrbYqtCmYFeWL0=
-46,57,wz7xJafbzFPDfxpL1lHrGFjcJ9M=,YJjOf2hmJ2YuFzrbYqtCmYFeWL0=
-46,59,wz7xJafbzFPDfxpL1lHrGFjcJ9M=,YJjOf2hmJ2YuFzrbYqtCmYFeWL0=
-36,48,wz7xJafbzFPDfxpL1lHrGFjcJ9M=,YJjOf2hmJ2YuFzrbYqtCmYFeWL0=
-45,59,wz7xJafbzFPDfxpL1lHrGFjcJ9M=,YJjOf2hmJ2YuFzrbYqtCmYFeWL0=
-47,57,wz7xJafbzFPDfxpL1lHrGFjcJ9M=,YJjOf2hmJ2YuFzrbYqtCmYFeWL0=
-47,59,wz7xJafbzFPDfxpL1lHrGFjcJ9M=,YJjOf2hmJ2YuFzrbYqtCmYFeWL0=
-34,51,wz7xJafbzFPDfxpL1lHrGFjcJ9M=,YJjOf2hmJ2YuFzrbYqtCmYFeWL0=
-35,51,wz7xJafbzFPDfxpL1lHrGFjcJ9M=,YJjOf2hmJ2YuFzrbYqtCmYFeWL0=
-39,36,2lU1yfADEdCgVWKu8ve+Oq9gZgA=,D4DyJ9Ub9XgXWqTkPg0aw+A8SUc=
-42,39,2lU1yfADEdCgVWKu8ve+Oq9gZgA=,YJjOf2hmJ2YuFzrbYqtCmYFeWL0=
-40,39,2lU1yfADEdCgVWKu8ve+Oq9gZgA=,D4DyJ9Ub9XgXWqTkPg0aw+A8SUc=
-38,36,2lU1yfADEdCgVWKu8ve+Oq9gZgA=,D4DyJ9Ub9XgXWqTkPg0aw+A8SUc=
-40,41,2lU1yfADEdCgVWKu8ve+Oq9gZgA=,YJjOf2hmJ2YuFzrbYqtCmYFeWL0=
-41,39,2lU1yfADEdCgVWKu8ve+Oq9gZgA=,YJjOf2hmJ2YuFzrbYqtCmYFeWL0=
-39,39,2lU1yfADEdCgVWKu8ve+Oq9gZgA=,D4DyJ9Ub9XgXWqTkPg0aw+A8SUc=
-39,41,2lU1yfADEdCgVWKu8ve+Oq9gZgA=,YJjOf2hmJ2YuFzrbYqtCmYFeWL0=
-43,39,2lU1yfADEdCgVWKu8ve+Oq9gZgA=,YJjOf2hmJ2YuFzrbYqtCmYFeWL0=
-38,39,2lU1yfADEdCgVWKu8ve+Oq9gZgA=,D4DyJ9Ub9XgXWqTkPg0aw+A8SUc=
-38,41,2lU1yfADEdCgVWKu8ve+Oq9gZgA=,YJjOf2hmJ2YuFzrbYqtCmYFeWL0=
-37,39,2lU1yfADEdCgVWKu8ve+Oq9gZgA=,D4DyJ9Ub9XgXWqTkPg0aw+A8SUc=
-44,39,2lU1yfADEdCgVWKu8ve+Oq9gZgA=,YJjOf2hmJ2YuFzrbYqtCmYFeWL0=
-40,38,2lU1yfADEdCgVWKu8ve+Oq9gZgA=,D4DyJ9Ub9XgXWqTkPg0aw+A8SUc=
-37,41,ZviMZpkoeklV/+tP+Gxs+7jxEbo=,YJjOf2hmJ2YuFzrbYqtCmYFeWL0=
-44,42,ZviMZpkoeklV/+tP+Gxs+7jxEbo=,YJjOf2hmJ2YuFzrbYqtCmYFeWL0=
-40,37,ZviMZpkoeklV/+tP+Gxs+7jxEbo=,D4DyJ9Ub9XgXWqTkPg0aw+A8SUc=
-33,41,ZviMZpkoeklV/+tP+Gxs+7jxEbo=,YJjOf2hmJ2YuFzrbYqtCmYFeWL0=
-40,36,ZviMZpkoeklV/+tP+Gxs+7jxEbo=,D4DyJ9Ub9XgXWqTkPg0aw+A8SUc=
-43,42,ZviMZpkoeklV/+tP+Gxs+7jxEbo=,YJjOf2hmJ2YuFzrbYqtCmYFeWL0=
-37,36,ZviMZpkoeklV/+tP+Gxs+7jxEbo=,D4DyJ9Ub9XgXWqTkPg0aw+A8SUc=
-37,40,ZviMZpkoeklV/+tP+Gxs+7jxEbo=,YJjOf2hmJ2YuFzrbYqtCmYFeWL0=
-38,46,ZviMZpkoeklV/+tP+Gxs+7jxEbo=,YJjOf2hmJ2YuFzrbYqtCmYFeWL0=
-41,47,ZviMZpkoeklV/+tP+Gxs+7jxEbo=,YJjOf2hmJ2YuFzrbYqtCmYFeWL0=
-40,42,ZviMZpkoeklV/+tP+Gxs+7jxEbo=,YJjOf2hmJ2YuFzrbYqtCmYFeWL0=
-39,37,ZviMZpkoeklV/+tP+Gxs+7jxEbo=,D4DyJ9Ub9XgXWqTkPg0aw+A8SUc=
-37,38,ZviMZpkoeklV/+tP+Gxs+7jxEbo=,D4DyJ9Ub9XgXWqTkPg0aw+A8SUc=
-38,37,ZviMZpkoeklV/+tP+Gxs+7jxEbo=,D4DyJ9Ub9XgXWqTkPg0aw+A8SUc=
-37,37,ZviMZpkoeklV/+tP+Gxs+7jxEbo=,D4DyJ9Ub9XgXWqTkPg0aw+A8SUc=
-39,38,ZviMZpkoeklV/+tP+Gxs+7jxEbo=,D4DyJ9Ub9XgXWqTkPg0aw+A8SUc=
-40,35,ZviMZpkoeklV/+tP+Gxs+7jxEbo=,D4DyJ9Ub9XgXWqTkPg0aw+A8SUc=
-39,46,ZviMZpkoeklV/+tP+Gxs+7jxEbo=,YJjOf2hmJ2YuFzrbYqtCmYFeWL0=
-38,32,ZviMZpkoeklV/+tP+Gxs+7jxEbo=,D4DyJ9Ub9XgXWqTkPg0aw+A8SUc=
-42,42,ZviMZpkoeklV/+tP+Gxs+7jxEbo=,YJjOf2hmJ2YuFzrbYqtCmYFeWL0=
-39,42,ZviMZpkoeklV/+tP+Gxs+7jxEbo=,YJjOf2hmJ2YuFzrbYqtCmYFeWL0=
-37,32,ZviMZpkoeklV/+tP+Gxs+7jxEbo=,D4DyJ9Ub9XgXWqTkPg0aw+A8SUc=
-40,34,ZviMZpkoeklV/+tP+Gxs+7jxEbo=,D4DyJ9Ub9XgXWqTkPg0aw+A8SUc=
-38,38,ZviMZpkoeklV/+tP+Gxs+7jxEbo=,D4DyJ9Ub9XgXWqTkPg0aw+A8SUc=
-42,47,ZviMZpkoeklV/+tP+Gxs+7jxEbo=,YJjOf2hmJ2YuFzrbYqtCmYFeWL0=
-33,38,ZviMZpkoeklV/+tP+Gxs+7jxEbo=,D4DyJ9Ub9XgXWqTkPg0aw+A8SUc=
-43,32,ZviMZpkoeklV/+tP+Gxs+7jxEbo=,YJjOf2hmJ2YuFzrbYqtCmYFeWL0=
-33,43,ZviMZpkoeklV/+tP+Gxs+7jxEbo=,YJjOf2hmJ2YuFzrbYqtCmYFeWL0=
-43,37,ZviMZpkoeklV/+tP+Gxs+7jxEbo=,YJjOf2hmJ2YuFzrbYqtCmYFeWL0=
-40,33,ZviMZpkoeklV/+tP+Gxs+7jxEbo=,D4DyJ9Ub9XgXWqTkPg0aw+A8SUc=
-33,40,ZviMZpkoeklV/+tP+Gxs+7jxEbo=,YJjOf2hmJ2YuFzrbYqtCmYFeWL0=
-41,40,ZviMZpkoeklV/+tP+Gxs+7jxEbo=,YJjOf2hmJ2YuFzrbYqtCmYFeWL0=
-33,37,ZviMZpkoeklV/+tP+Gxs+7jxEbo=,D4DyJ9Ub9XgXWqTkPg0aw+A8SUc=
-43,47,ZviMZpkoeklV/+tP+Gxs+7jxEbo=,YJjOf2hmJ2YuFzrbYqtCmYFeWL0=
-41,41,ZviMZpkoeklV/+tP+Gxs+7jxEbo=,YJjOf2hmJ2YuFzrbYqtCmYFeWL0=
-42,32,ZviMZpkoeklV/+tP+Gxs+7jxEbo=,YJjOf2hmJ2YuFzrbYqtCmYFeWL0=
-38,43,ZviMZpkoeklV/+tP+Gxs+7jxEbo=,YJjOf2hmJ2YuFzrbYqtCmYFeWL0=
-33,36,ZviMZpkoeklV/+tP+Gxs+7jxEbo=,D4DyJ9Ub9XgXWqTkPg0aw+A8SUc=
-37,43,ZviMZpkoeklV/+tP+Gxs+7jxEbo=,YJjOf2hmJ2YuFzrbYqtCmYFeWL0=
-41,42,ZviMZpkoeklV/+tP+Gxs+7jxEbo=,YJjOf2hmJ2YuFzrbYqtCmYFeWL0=
-43,41,ZviMZpkoeklV/+tP+Gxs+7jxEbo=,YJjOf2hmJ2YuFzrbYqtCmYFeWL0=
-37,35,ZviMZpkoeklV/+tP+Gxs+7jxEbo=,D4DyJ9Ub9XgXWqTkPg0aw+A8SUc=
-41,43,ZviMZpkoeklV/+tP+Gxs+7jxEbo=,YJjOf2hmJ2YuFzrbYqtCmYFeWL0=
-44,41,ZviMZpkoeklV/+tP+Gxs+7jxEbo=,YJjOf2hmJ2YuFzrbYqtCmYFeWL0=
-44,40,ZviMZpkoeklV/+tP+Gxs+7jxEbo=,YJjOf2hmJ2YuFzrbYqtCmYFeWL0=
-38,42,ZviMZpkoeklV/+tP+Gxs+7jxEbo=,YJjOf2hmJ2YuFzrbYqtCmYFeWL0=
-39,43,ZviMZpkoeklV/+tP+Gxs+7jxEbo=,YJjOf2hmJ2YuFzrbYqtCmYFeWL0=
-42,40,v2prrJn+La8b4QfJ2DpKay1UH6s=,YJjOf2hmJ2YuFzrbYqtCmYFeWL0=
-43,43,v2prrJn+La8b4QfJ2DpKay1UH6s=,YJjOf2hmJ2YuFzrbYqtCmYFeWL0=
-42,41,v2prrJn+La8b4QfJ2DpKay1UH6s=,YJjOf2hmJ2YuFzrbYqtCmYFeWL0=
-40,43,v2prrJn+La8b4QfJ2DpKay1UH6s=,YJjOf2hmJ2YuFzrbYqtCmYFeWL0=
-33,42,v2prrJn+La8b4QfJ2DpKay1UH6s=,YJjOf2hmJ2YuFzrbYqtCmYFeWL0=
-38,35,v2prrJn+La8b4QfJ2DpKay1UH6s=,D4DyJ9Ub9XgXWqTkPg0aw+A8SUc=
-33,39,v2prrJn+La8b4QfJ2DpKay1UH6s=,D4DyJ9Ub9XgXWqTkPg0aw+A8SUc=
-44,47,v2prrJn+La8b4QfJ2DpKay1UH6s=,YJjOf2hmJ2YuFzrbYqtCmYFeWL0=
-37,42,v2prrJn+La8b4QfJ2DpKay1UH6s=,YJjOf2hmJ2YuFzrbYqtCmYFeWL0=
-43,40,v2prrJn+La8b4QfJ2DpKay1UH6s=,YJjOf2hmJ2YuFzrbYqtCmYFeWL0=
-44,32,v2prrJn+La8b4QfJ2DpKay1UH6s=,YJjOf2hmJ2YuFzrbYqtCmYFeWL0=
-42,43,v2prrJn+La8b4QfJ2DpKay1UH6s=,YJjOf2hmJ2YuFzrbYqtCmYFeWL0=
-44,43,v2prrJn+La8b4QfJ2DpKay1UH6s=,YJjOf2hmJ2YuFzrbYqtCmYFeWL0=
-39,35,v2prrJn+La8b4QfJ2DpKay1UH6s=,D4DyJ9Ub9XgXWqTkPg0aw+A8SUc=
-41,34,v2prrJn+La8b4QfJ2DpKay1UH6s=,YJjOf2hmJ2YuFzrbYqtCmYFeWL0=
-36,36,v2prrJn+La8b4QfJ2DpKay1UH6s=,D4DyJ9Ub9XgXWqTkPg0aw+A8SUc=
-34,39,v2prrJn+La8b4QfJ2DpKay1UH6s=,D4DyJ9Ub9XgXWqTkPg0aw+A8SUc=
-37,34,v2prrJn+La8b4QfJ2DpKay1UH6s=,D4DyJ9Ub9XgXWqTkPg0aw+A8SUc=
-36,32,v2prrJn+La8b4QfJ2DpKay1UH6s=,D4DyJ9Ub9XgXWqTkPg0aw+A8SUc=
-44,37,v2prrJn+La8b4QfJ2DpKay1UH6s=,YJjOf2hmJ2YuFzrbYqtCmYFeWL0=
-42,34,v2prrJn+La8b4QfJ2DpKay1UH6s=,YJjOf2hmJ2YuFzrbYqtCmYFeWL0=
-38,34,v2prrJn+La8b4QfJ2DpKay1UH6s=,D4DyJ9Ub9XgXWqTkPg0aw+A8SUc=
-35,36,v2prrJn+La8b4QfJ2DpKay1UH6s=,D4DyJ9Ub9XgXWqTkPg0aw+A8SUc=
-39,32,v2prrJn+La8b4QfJ2DpKay1UH6s=,D4DyJ9Ub9XgXWqTkPg0aw+A8SUc=
-39,34,v2prrJn+La8b4QfJ2DpKay1UH6s=,D4DyJ9Ub9XgXWqTkPg0aw+A8SUc=
-36,40,v2prrJn+La8b4QfJ2DpKay1UH6s=,YJjOf2hmJ2YuFzrbYqtCmYFeWL0=
-37,46,v2prrJn+La8b4QfJ2DpKay1UH6s=,YJjOf2hmJ2YuFzrbYqtCmYFeWL0=
-35,39,v2prrJn+La8b4QfJ2DpKay1UH6s=,D4DyJ9Ub9XgXWqTkPg0aw+A8SUc=
-43,38,v2prrJn+La8b4QfJ2DpKay1UH6s=,YJjOf2hmJ2YuFzrbYqtCmYFeWL0=
-37,33,v2prrJn+La8b4QfJ2DpKay1UH6s=,D4DyJ9Ub9XgXWqTkPg0aw+A8SUc=
-36,42,v2prrJn+La8b4QfJ2DpKay1UH6s=,YJjOf2hmJ2YuFzrbYqtCmYFeWL0=
-38,33,v2prrJn+La8b4QfJ2DpKay1UH6s=,D4DyJ9Ub9XgXWqTkPg0aw+A8SUc=
-35,42,v2prrJn+La8b4QfJ2DpKay1UH6s=,YJjOf2hmJ2YuFzrbYqtCmYFeWL0=
-43,34,v2prrJn+La8b4QfJ2DpKay1UH6s=,YJjOf2hmJ2YuFzrbYqtCmYFeWL0=
-36,39,v2prrJn+La8b4QfJ2DpKay1UH6s=,D4DyJ9Ub9XgXWqTkPg0aw+A8SUc=
-35,32,v2prrJn+La8b4QfJ2DpKay1UH6s=,D4DyJ9Ub9XgXWqTkPg0aw+A8SUc=
-40,32,v2prrJn+La8b4QfJ2DpKay1UH6s=,D4DyJ9Ub9XgXWqTkPg0aw+A8SUc=
-35,40,v2prrJn+La8b4QfJ2DpKay1UH6s=,YJjOf2hmJ2YuFzrbYqtCmYFeWL0=
-37,47,v2prrJn+La8b4QfJ2DpKay1UH6s=,YJjOf2hmJ2YuFzrbYqtCmYFeWL0=
-34,42,v2prrJn+La8b4QfJ2DpKay1UH6s=,YJjOf2hmJ2YuFzrbYqtCmYFeWL0=
-36,43,v2prrJn+La8b4QfJ2DpKay1UH6s=,YJjOf2hmJ2YuFzrbYqtCmYFeWL0=
-34,32,v2prrJn+La8b4QfJ2DpKay1UH6s=,D4DyJ9Ub9XgXWqTkPg0aw+A8SUc=
-34,38,v2prrJn+La8b4QfJ2DpKay1UH6s=,D4DyJ9Ub9XgXWqTkPg0aw+A8SUc=
-44,38,v2prrJn+La8b4QfJ2DpKay1UH6s=,YJjOf2hmJ2YuFzrbYqtCmYFeWL0=
-38,47,v2prrJn+La8b4QfJ2DpKay1UH6s=,YJjOf2hmJ2YuFzrbYqtCmYFeWL0=
-41,32,v2prrJn+La8b4QfJ2DpKay1UH6s=,YJjOf2hmJ2YuFzrbYqtCmYFeWL0=
-41,36,v2prrJn+La8b4QfJ2DpKay1UH6s=,YJjOf2hmJ2YuFzrbYqtCmYFeWL0=
-39,33,v2prrJn+La8b4QfJ2DpKay1UH6s=,D4DyJ9Ub9XgXWqTkPg0aw+A8SUc=
-34,36,v2prrJn+La8b4QfJ2DpKay1UH6s=,D4DyJ9Ub9XgXWqTkPg0aw+A8SUc=
-42,36,VWcUQExd47c/fzoiNSnzQHKPMdA=,YJjOf2hmJ2YuFzrbYqtCmYFeWL0=
-35,38,VWcUQExd47c/fzoiNSnzQHKPMdA=,D4DyJ9Ub9XgXWqTkPg0aw+A8SUc=
-41,37,VWcUQExd47c/fzoiNSnzQHKPMdA=,YJjOf2hmJ2YuFzrbYqtCmYFeWL0=
-39,47,VWcUQExd47c/fzoiNSnzQHKPMdA=,YJjOf2hmJ2YuFzrbYqtCmYFeWL0=
-41,35,VWcUQExd47c/fzoiNSnzQHKPMdA=,YJjOf2hmJ2YuFzrbYqtCmYFeWL0=
-41,33,VWcUQExd47c/fzoiNSnzQHKPMdA=,YJjOf2hmJ2YuFzrbYqtCmYFeWL0=
-34,40,VWcUQExd47c/fzoiNSnzQHKPMdA=,YJjOf2hmJ2YuFzrbYqtCmYFeWL0=
-42,37,VWcUQExd47c/fzoiNSnzQHKPMdA=,YJjOf2hmJ2YuFzrbYqtCmYFeWL0=
-36,38,VWcUQExd47c/fzoiNSnzQHKPMdA=,D4DyJ9Ub9XgXWqTkPg0aw+A8SUc=
-37,45,VWcUQExd47c/fzoiNSnzQHKPMdA=,YJjOf2hmJ2YuFzrbYqtCmYFeWL0=
-44,34,VWcUQExd47c/fzoiNSnzQHKPMdA=,YJjOf2hmJ2YuFzrbYqtCmYFeWL0=
-42,35,VWcUQExd47c/fzoiNSnzQHKPMdA=,YJjOf2hmJ2YuFzrbYqtCmYFeWL0=
-42,33,VWcUQExd47c/fzoiNSnzQHKPMdA=,YJjOf2hmJ2YuFzrbYqtCmYFeWL0=
-36,41,VWcUQExd47c/fzoiNSnzQHKPMdA=,YJjOf2hmJ2YuFzrbYqtCmYFeWL0=
-43,35,VWcUQExd47c/fzoiNSnzQHKPMdA=,YJjOf2hmJ2YuFzrbYqtCmYFeWL0=
-44,35,VWcUQExd47c/fzoiNSnzQHKPMdA=,YJjOf2hmJ2YuFzrbYqtCmYFeWL0=
-41,38,VWcUQExd47c/fzoiNSnzQHKPMdA=,YJjOf2hmJ2YuFzrbYqtCmYFeWL0=
-33,35,VWcUQExd47c/fzoiNSnzQHKPMdA=,D4DyJ9Ub9XgXWqTkPg0aw+A8SUc=
-43,36,VWcUQExd47c/fzoiNSnzQHKPMdA=,YJjOf2hmJ2YuFzrbYqtCmYFeWL0=
-43,33,VWcUQExd47c/fzoiNSnzQHKPMdA=,YJjOf2hmJ2YuFzrbYqtCmYFeWL0=
-39,40,VWcUQExd47c/fzoiNSnzQHKPMdA=,YJjOf2hmJ2YuFzrbYqtCmYFeWL0=
-42,38,VWcUQExd47c/fzoiNSnzQHKPMdA=,YJjOf2hmJ2YuFzrbYqtCmYFeWL0=
-40,40,VWcUQExd47c/fzoiNSnzQHKPMdA=,YJjOf2hmJ2YuFzrbYqtCmYFeWL0=
-44,33,VWcUQExd47c/fzoiNSnzQHKPMdA=,YJjOf2hmJ2YuFzrbYqtCmYFeWL0=
-35,41,VWcUQExd47c/fzoiNSnzQHKPMdA=,YJjOf2hmJ2YuFzrbYqtCmYFeWL0=
-44,36,VWcUQExd47c/fzoiNSnzQHKPMdA=,YJjOf2hmJ2YuFzrbYqtCmYFeWL0=
-35,43,VWcUQExd47c/fzoiNSnzQHKPMdA=,YJjOf2hmJ2YuFzrbYqtCmYFeWL0=
-38,40,VWcUQExd47c/fzoiNSnzQHKPMdA=,YJjOf2hmJ2YuFzrbYqtCmYFeWL0=
-39,45,VWcUQExd47c/fzoiNSnzQHKPMdA=,YJjOf2hmJ2YuFzrbYqtCmYFeWL0=
-33,34,VWcUQExd47c/fzoiNSnzQHKPMdA=,D4DyJ9Ub9XgXWqTkPg0aw+A8SUc=
-36,37,VWcUQExd47c/fzoiNSnzQHKPMdA=,D4DyJ9Ub9XgXWqTkPg0aw+A8SUc=
-38,45,VWcUQExd47c/fzoiNSnzQHKPMdA=,YJjOf2hmJ2YuFzrbYqtCmYFeWL0=
-40,45,VWcUQExd47c/fzoiNSnzQHKPMdA=,YJjOf2hmJ2YuFzrbYqtCmYFeWL0=
-38,44,VWcUQExd47c/fzoiNSnzQHKPMdA=,YJjOf2hmJ2YuFzrbYqtCmYFeWL0=
-41,46,VWcUQExd47c/fzoiNSnzQHKPMdA=,YJjOf2hmJ2YuFzrbYqtCmYFeWL0=
-39,44,VWcUQExd47c/fzoiNSnzQHKPMdA=,YJjOf2hmJ2YuFzrbYqtCmYFeWL0=
-40,46,VWcUQExd47c/fzoiNSnzQHKPMdA=,YJjOf2hmJ2YuFzrbYqtCmYFeWL0=
-43,46,VWcUQExd47c/fzoiNSnzQHKPMdA=,YJjOf2hmJ2YuFzrbYqtCmYFeWL0=
-41,44,VWcUQExd47c/fzoiNSnzQHKPMdA=,YJjOf2hmJ2YuFzrbYqtCmYFeWL0=
-44,46,VWcUQExd47c/fzoiNSnzQHKPMdA=,YJjOf2hmJ2YuFzrbYqtCmYFeWL0=
-40,44,VWcUQExd47c/fzoiNSnzQHKPMdA=,YJjOf2hmJ2YuFzrbYqtCmYFeWL0=
-42,45,VWcUQExd47c/fzoiNSnzQHKPMdA=,YJjOf2hmJ2YuFzrbYqtCmYFeWL0=
-43,45,VWcUQExd47c/fzoiNSnzQHKPMdA=,YJjOf2hmJ2YuFzrbYqtCmYFeWL0=
-42,44,VWcUQExd47c/fzoiNSnzQHKPMdA=,YJjOf2hmJ2YuFzrbYqtCmYFeWL0=
-41,45,VWcUQExd47c/fzoiNSnzQHKPMdA=,YJjOf2hmJ2YuFzrbYqtCmYFeWL0=
-44,45,VWcUQExd47c/fzoiNSnzQHKPMdA=,YJjOf2hmJ2YuFzrbYqtCmYFeWL0=
-43,44,VWcUQExd47c/fzoiNSnzQHKPMdA=,YJjOf2hmJ2YuFzrbYqtCmYFeWL0=
-44,44,VWcUQExd47c/fzoiNSnzQHKPMdA=,YJjOf2hmJ2YuFzrbYqtCmYFeWL0=
-42,46,VWcUQExd47c/fzoiNSnzQHKPMdA=,YJjOf2hmJ2YuFzrbYqtCmYFeWL0=
-34,37,VWcUQExd47c/fzoiNSnzQHKPMdA=,D4DyJ9Ub9XgXWqTkPg0aw+A8SUc=
-33,33,VWcUQExd47c/fzoiNSnzQHKPMdA=,D4DyJ9Ub9XgXWqTkPg0aw+A8SUc=
-37,44,VWcUQExd47c/fzoiNSnzQHKPMdA=,YJjOf2hmJ2YuFzrbYqtCmYFeWL0=
-35,37,VWcUQExd47c/fzoiNSnzQHKPMdA=,D4DyJ9Ub9XgXWqTkPg0aw+A8SUc=
-34,41,jZgmES8R5BsYDe4SQXAdJ3Izh4o=,YJjOf2hmJ2YuFzrbYqtCmYFeWL0=
-34,35,jZgmES8R5BsYDe4SQXAdJ3Izh4o=,D4DyJ9Ub9XgXWqTkPg0aw+A8SUc=
-36,33,jZgmES8R5BsYDe4SQXAdJ3Izh4o=,D4DyJ9Ub9XgXWqTkPg0aw+A8SUc=
-40,47,jZgmES8R5BsYDe4SQXAdJ3Izh4o=,YJjOf2hmJ2YuFzrbYqtCmYFeWL0=
-33,32,jZgmES8R5BsYDe4SQXAdJ3Izh4o=,D4DyJ9Ub9XgXWqTkPg0aw+A8SUc=
-35,33,jZgmES8R5BsYDe4SQXAdJ3Izh4o=,D4DyJ9Ub9XgXWqTkPg0aw+A8SUc=
-35,35,jZgmES8R5BsYDe4SQXAdJ3Izh4o=,D4DyJ9Ub9XgXWqTkPg0aw+A8SUc=
-48,47,jZgmES8R5BsYDe4SQXAdJ3Izh4o=,YJjOf2hmJ2YuFzrbYqtCmYFeWL0=
-34,33,jZgmES8R5BsYDe4SQXAdJ3Izh4o=,D4DyJ9Ub9XgXWqTkPg0aw+A8SUc=
-34,34,jZgmES8R5BsYDe4SQXAdJ3Izh4o=,D4DyJ9Ub9XgXWqTkPg0aw+A8SUc=
-48,46,jZgmES8R5BsYDe4SQXAdJ3Izh4o=,YJjOf2hmJ2YuFzrbYqtCmYFeWL0=
-36,35,jZgmES8R5BsYDe4SQXAdJ3Izh4o=,D4DyJ9Ub9XgXWqTkPg0aw+A8SUc=
-33,47,jZgmES8R5BsYDe4SQXAdJ3Izh4o=,YJjOf2hmJ2YuFzrbYqtCmYFeWL0=
-34,43,jZgmES8R5BsYDe4SQXAdJ3Izh4o=,YJjOf2hmJ2YuFzrbYqtCmYFeWL0=
-47,44,jZgmES8R5BsYDe4SQXAdJ3Izh4o=,YJjOf2hmJ2YuFzrbYqtCmYFeWL0=
-36,34,jZgmES8R5BsYDe4SQXAdJ3Izh4o=,D4DyJ9Ub9XgXWqTkPg0aw+A8SUc=
-35,34,jZgmES8R5BsYDe4SQXAdJ3Izh4o=,D4DyJ9Ub9XgXWqTkPg0aw+A8SUc=
-48,45,jZgmES8R5BsYDe4SQXAdJ3Izh4o=,YJjOf2hmJ2YuFzrbYqtCmYFeWL0=
-36,44,jZgmES8R5BsYDe4SQXAdJ3Izh4o=,YJjOf2hmJ2YuFzrbYqtCmYFeWL0=
-46,44,jZgmES8R5BsYDe4SQXAdJ3Izh4o=,YJjOf2hmJ2YuFzrbYqtCmYFeWL0=
-36,46,jZgmES8R5BsYDe4SQXAdJ3Izh4o=,YJjOf2hmJ2YuFzrbYqtCmYFeWL0=
-48,44,jZgmES8R5BsYDe4SQXAdJ3Izh4o=,YJjOf2hmJ2YuFzrbYqtCmYFeWL0=
-45,35,elIpCXFU7vLCxz8cY3a9f1F9L6Q=,YJjOf2hmJ2YuFzrbYqtCmYFeWL0=
-47,45,elIpCXFU7vLCxz8cY3a9f1F9L6Q=,YJjOf2hmJ2YuFzrbYqtCmYFeWL0=
-48,35,elIpCXFU7vLCxz8cY3a9f1F9L6Q=,YJjOf2hmJ2YuFzrbYqtCmYFeWL0=
-48,37,elIpCXFU7vLCxz8cY3a9f1F9L6Q=,YJjOf2hmJ2YuFzrbYqtCmYFeWL0=
-45,44,elIpCXFU7vLCxz8cY3a9f1F9L6Q=,YJjOf2hmJ2YuFzrbYqtCmYFeWL0=
-35,44,elIpCXFU7vLCxz8cY3a9f1F9L6Q=,YJjOf2hmJ2YuFzrbYqtCmYFeWL0=
-34,44,elIpCXFU7vLCxz8cY3a9f1F9L6Q=,YJjOf2hmJ2YuFzrbYqtCmYFeWL0=
-48,36,elIpCXFU7vLCxz8cY3a9f1F9L6Q=,YJjOf2hmJ2YuFzrbYqtCmYFeWL0=
-48,39,elIpCXFU7vLCxz8cY3a9f1F9L6Q=,YJjOf2hmJ2YuFzrbYqtCmYFeWL0=
-45,47,elIpCXFU7vLCxz8cY3a9f1F9L6Q=,YJjOf2hmJ2YuFzrbYqtCmYFeWL0=
-36,45,elIpCXFU7vLCxz8cY3a9f1F9L6Q=,YJjOf2hmJ2YuFzrbYqtCmYFeWL0=
-46,45,elIpCXFU7vLCxz8cY3a9f1F9L6Q=,YJjOf2hmJ2YuFzrbYqtCmYFeWL0=
-34,46,elIpCXFU7vLCxz8cY3a9f1F9L6Q=,YJjOf2hmJ2YuFzrbYqtCmYFeWL0=
-46,35,elIpCXFU7vLCxz8cY3a9f1F9L6Q=,YJjOf2hmJ2YuFzrbYqtCmYFeWL0=
-34,45,elIpCXFU7vLCxz8cY3a9f1F9L6Q=,YJjOf2hmJ2YuFzrbYqtCmYFeWL0=
-35,45,elIpCXFU7vLCxz8cY3a9f1F9L6Q=,YJjOf2hmJ2YuFzrbYqtCmYFeWL0=
-48,34,elIpCXFU7vLCxz8cY3a9f1F9L6Q=,YJjOf2hmJ2YuFzrbYqtCmYFeWL0=
-48,43,elIpCXFU7vLCxz8cY3a9f1F9L6Q=,YJjOf2hmJ2YuFzrbYqtCmYFeWL0=
-48,33,elIpCXFU7vLCxz8cY3a9f1F9L6Q=,YJjOf2hmJ2YuFzrbYqtCmYFeWL0=
-34,47,elIpCXFU7vLCxz8cY3a9f1F9L6Q=,YJjOf2hmJ2YuFzrbYqtCmYFeWL0=
-48,42,elIpCXFU7vLCxz8cY3a9f1F9L6Q=,YJjOf2hmJ2YuFzrbYqtCmYFeWL0=
-46,47,elIpCXFU7vLCxz8cY3a9f1F9L6Q=,YJjOf2hmJ2YuFzrbYqtCmYFeWL0=
-48,40,elIpCXFU7vLCxz8cY3a9f1F9L6Q=,YJjOf2hmJ2YuFzrbYqtCmYFeWL0=
-48,41,elIpCXFU7vLCxz8cY3a9f1F9L6Q=,YJjOf2hmJ2YuFzrbYqtCmYFeWL0=
-46,41,elIpCXFU7vLCxz8cY3a9f1F9L6Q=,YJjOf2hmJ2YuFzrbYqtCmYFeWL0=
-45,41,jHOyJXbZeNlYTQIhpNo3ForzyPg=,YJjOf2hmJ2YuFzrbYqtCmYFeWL0=
-48,32,jHOyJXbZeNlYTQIhpNo3ForzyPg=,YJjOf2hmJ2YuFzrbYqtCmYFeWL0=
-48,38,jHOyJXbZeNlYTQIhpNo3ForzyPg=,YJjOf2hmJ2YuFzrbYqtCmYFeWL0=
-46,40,jHOyJXbZeNlYTQIhpNo3ForzyPg=,YJjOf2hmJ2YuFzrbYqtCmYFeWL0=
-46,32,jHOyJXbZeNlYTQIhpNo3ForzyPg=,YJjOf2hmJ2YuFzrbYqtCmYFeWL0=
-45,43,jHOyJXbZeNlYTQIhpNo3ForzyPg=,YJjOf2hmJ2YuFzrbYqtCmYFeWL0=
-47,47,jHOyJXbZeNlYTQIhpNo3ForzyPg=,YJjOf2hmJ2YuFzrbYqtCmYFeWL0=
-45,40,jHOyJXbZeNlYTQIhpNo3ForzyPg=,YJjOf2hmJ2YuFzrbYqtCmYFeWL0=
-46,42,jHOyJXbZeNlYTQIhpNo3ForzyPg=,YJjOf2hmJ2YuFzrbYqtCmYFeWL0=
-46,43,jHOyJXbZeNlYTQIhpNo3ForzyPg=,YJjOf2hmJ2YuFzrbYqtCmYFeWL0=
-47,41,jHOyJXbZeNlYTQIhpNo3ForzyPg=,YJjOf2hmJ2YuFzrbYqtCmYFeWL0=
-47,42,jHOyJXbZeNlYTQIhpNo3ForzyPg=,YJjOf2hmJ2YuFzrbYqtCmYFeWL0=
-45,39,jHOyJXbZeNlYTQIhpNo3ForzyPg=,YJjOf2hmJ2YuFzrbYqtCmYFeWL0=
-47,39,jHOyJXbZeNlYTQIhpNo3ForzyPg=,YJjOf2hmJ2YuFzrbYqtCmYFeWL0=
-47,43,jHOyJXbZeNlYTQIhpNo3ForzyPg=,YJjOf2hmJ2YuFzrbYqtCmYFeWL0=
-45,37,jHOyJXbZeNlYTQIhpNo3ForzyPg=,YJjOf2hmJ2YuFzrbYqtCmYFeWL0=
-45,34,jHOyJXbZeNlYTQIhpNo3ForzyPg=,YJjOf2hmJ2YuFzrbYqtCmYFeWL0=
-46,39,jHOyJXbZeNlYTQIhpNo3ForzyPg=,YJjOf2hmJ2YuFzrbYqtCmYFeWL0=
-45,42,jHOyJXbZeNlYTQIhpNo3ForzyPg=,YJjOf2hmJ2YuFzrbYqtCmYFeWL0=
-47,35,jHOyJXbZeNlYTQIhpNo3ForzyPg=,YJjOf2hmJ2YuFzrbYqtCmYFeWL0=
-47,40,jHOyJXbZeNlYTQIhpNo3ForzyPg=,YJjOf2hmJ2YuFzrbYqtCmYFeWL0=
-45,36,jHOyJXbZeNlYTQIhpNo3ForzyPg=,YJjOf2hmJ2YuFzrbYqtCmYFeWL0=
-45,46,jHOyJXbZeNlYTQIhpNo3ForzyPg=,YJjOf2hmJ2YuFzrbYqtCmYFeWL0=
-35,47,jHOyJXbZeNlYTQIhpNo3ForzyPg=,YJjOf2hmJ2YuFzrbYqtCmYFeWL0=
-45,32,jHOyJXbZeNlYTQIhpNo3ForzyPg=,YJjOf2hmJ2YuFzrbYqtCmYFeWL0=
-47,37,jHOyJXbZeNlYTQIhpNo3ForzyPg=,YJjOf2hmJ2YuFzrbYqtCmYFeWL0=
-47,32,jHOyJXbZeNlYTQIhpNo3ForzyPg=,YJjOf2hmJ2YuFzrbYqtCmYFeWL0=
-46,33,jHOyJXbZeNlYTQIhpNo3ForzyPg=,YJjOf2hmJ2YuFzrbYqtCmYFeWL0=
-45,38,jHOyJXbZeNlYTQIhpNo3ForzyPg=,YJjOf2hmJ2YuFzrbYqtCmYFeWL0=
-46,34,jHOyJXbZeNlYTQIhpNo3ForzyPg=,YJjOf2hmJ2YuFzrbYqtCmYFeWL0=
-46,36,jHOyJXbZeNlYTQIhpNo3ForzyPg=,YJjOf2hmJ2YuFzrbYqtCmYFeWL0=
-47,34,3aUxdQ+ZJmiF14UXTB8alKZ1fJw=,YJjOf2hmJ2YuFzrbYqtCmYFeWL0=
-47,46,3aUxdQ+ZJmiF14UXTB8alKZ1fJw=,YJjOf2hmJ2YuFzrbYqtCmYFeWL0=
-47,36,3aUxdQ+ZJmiF14UXTB8alKZ1fJw=,YJjOf2hmJ2YuFzrbYqtCmYFeWL0=
-46,37,3aUxdQ+ZJmiF14UXTB8alKZ1fJw=,YJjOf2hmJ2YuFzrbYqtCmYFeWL0=
-45,45,3aUxdQ+ZJmiF14UXTB8alKZ1fJw=,YJjOf2hmJ2YuFzrbYqtCmYFeWL0=
-45,33,3aUxdQ+ZJmiF14UXTB8alKZ1fJw=,YJjOf2hmJ2YuFzrbYqtCmYFeWL0=
-46,46,3aUxdQ+ZJmiF14UXTB8alKZ1fJw=,YJjOf2hmJ2YuFzrbYqtCmYFeWL0=
-47,38,3aUxdQ+ZJmiF14UXTB8alKZ1fJw=,YJjOf2hmJ2YuFzrbYqtCmYFeWL0=
-47,33,3aUxdQ+ZJmiF14UXTB8alKZ1fJw=,YJjOf2hmJ2YuFzrbYqtCmYFeWL0=
-36,47,3aUxdQ+ZJmiF14UXTB8alKZ1fJw=,YJjOf2hmJ2YuFzrbYqtCmYFeWL0=
-33,45,3aUxdQ+ZJmiF14UXTB8alKZ1fJw=,YJjOf2hmJ2YuFzrbYqtCmYFeWL0=
-46,38,3aUxdQ+ZJmiF14UXTB8alKZ1fJw=,YJjOf2hmJ2YuFzrbYqtCmYFeWL0=
-33,44,3aUxdQ+ZJmiF14UXTB8alKZ1fJw=,YJjOf2hmJ2YuFzrbYqtCmYFeWL0=
-33,46,3aUxdQ+ZJmiF14UXTB8alKZ1fJw=,YJjOf2hmJ2YuFzrbYqtCmYFeWL0=
-35,46,3aUxdQ+ZJmiF14UXTB8alKZ1fJw=,YJjOf2hmJ2YuFzrbYqtCmYFeWL0=
