39,69,jo+twuhNDg3YkIIac9y1XX7jfK4=,9wvza//3yE5G6JiB0MDg83pNFtE=
39,70,jo+twuhNDg3YkIIac9y1XX7jfK4=,9wvza//3yE5G6JiB0MDg83pNFtE=
38,72,jo+twuhNDg3YkIIac9y1XX7jfK4=,h5wYKgUInDUDE/IiC/mg+qNg4PY=
38,71,jo+twuhNDg3YkIIac9y1XX7jfK4=,9wvza//3yE5G6JiB0MDg83pNFtE=
37,71,jo+twuhNDg3YkIIac9y1XX7jfK4=,9wvza//3yE5G6JiB0MDg83pNFtE=
39,72,jo+twuhNDg3YkIIac9y1XX7jfK4=,h5wYKgUInDUDE/IiC/mg+qNg4PY=
37,70,jo+twuhNDg3YkIIac9y1XX7jfK4=,9wvza//3yE5G6JiB0MDg83pNFtE=
37,72,jo+twuhNDg3YkIIac9y1XX7jfK4=,h5wYKgUInDUDE/IiC/mg+qNg4PY=
39,71,jo+twuhNDg3YkIIac9y1XX7jfK4=,9wvza//3yE5G6JiB0MDg83pNFtE=
36,71,jo+twuhNDg3YkIIac9y1XX7jfK4=,9wvza//3yE5G6JiB0MDg83pNFtE=
36,72,jo+twuhNDg3YkIIac9y1XX7jfK4=,h5wYKgUInDUDE/IiC/mg+qNg4PY=
40,75,jo+twuhNDg3YkIIac9y1XX7jfK4=,pN7zJRnwCYIlTIsbivV1YrgExP0=
41,75,jo+twuhNDg3YkIIac9y1XX7jfK4=,pN7zJRnwCYIlTIsbivV1YrgExP0=
36,70,jo+twuhNDg3YkIIac9y1XX7jfK4=,9wvza//3yE5G6JiB0MDg83pNFtE=
39,68,jo+twuhNDg3YkIIac9y1XX7jfK4=,9wvza//3yE5G6JiB0MDg83pNFtE=
40,69,jo+twuhNDg3YkIIac9y1XX7jfK4=,zRnP0JgCdGdS/DiBSP6Rxxp+A98=
38,68,jo+twuhNDg3YkIIac9y1XX7jfK4=,9wvza//3yE5G6JiB0MDg83pNFtE=
38,66,e4h/YKA8v1QqgM30kBZwYLdEhM8=,9wvza//3yE5G6JiB0MDg83pNFtE=
37,68,e4h/YKA8v1QqgM30kBZwYLdEhM8=,9wvza//3yE5G6JiB0MDg83pNFtE=
43,68,e4h/YKA8v1QqgM30kBZwYLdEhM8=,zRnP0JgCdGdS/DiBSP6Rxxp+A98=
36,68,e4h/YKA8v1QqgM30kBZwYLdEhM8=,9wvza//3yE5G6JiB0MDg83pNFtE=
41,69,e4h/YKA8v1QqgM30kBZwYLdEhM8=,zRnP0JgCdGdS/DiBSP6Rxxp+A98=
40,72,e4h/YKA8v1QqgM30kBZwYLdEhM8=,pN7zJRnwCYIlTIsbivV1YrgExP0=
41,72,e4h/YKA8v1QqgM30kBZwYLdEhM8=,pN7zJRnwCYIlTIsbivV1YrgExP0=
42,72,e4h/YKA8v1QqgM30kBZwYLdEhM8=,pN7zJRnwCYIlTIsbivV1YrgExP0=
43,72,e4h/YKA8v1QqgM30kBZwYLdEhM8=,pN7zJRnwCYIlTIsbivV1YrgExP0=
47,71,e4h/YKA8v1QqgM30kBZwYLdEhM8=,zRnP0JgCdGdS/DiBSP6Rxxp+A98=
36,66,e4h/YKA8v1QqgM30kBZwYLdEhM8=,9wvza//3yE5G6JiB0MDg83pNFtE=
38,69,e4h/YKA8v1QqgM30kBZwYLdEhM8=,9wvza//3yE5G6JiB0MDg83pNFtE=
39,64,e4h/YKA8v1QqgM30kBZwYLdEhM8=,9wvza//3yE5G6JiB0MDg83pNFtE=
40,68,e4h/YKA8v1QqgM30kBZwYLdEhM8=,zRnP0JgCdGdS/DiBSP6Rxxp+A98=
32,71,e4h/YKA8v1QqgM30kBZwYLdEhM8=,9wvza//3yE5G6JiB0MDg83pNFtE=
37,69,e4h/YKA8v1QqgM30kBZwYLdEhM8=,9wvza//3yE5G6JiB0MDg83pNFtE=
40,64,e4h/YKA8v1QqgM30kBZwYLdEhM8=,zRnP0JgCdGdS/DiBSP6Rxxp+A98=
42,69,e4h/YKA8v1QqgM30kBZwYLdEhM8=,zRnP0JgCdGdS/DiBSP6Rxxp+A98=
41,68,e4h/YKA8v1QqgM30kBZwYLdEhM8=,zRnP0JgCdGdS/DiBSP6Rxxp+A98=
38,65,e4h/YKA8v1QqgM30kBZwYLdEhM8=,9wvza//3yE5G6JiB0MDg83pNFtE=
36,74,e4h/YKA8v1QqgM30kBZwYLdEhM8=,h5wYKgUInDUDE/IiC/mg+qNg4PY=
32,69,e4h/YKA8v1QqgM30kBZwYLdEhM8=,9wvza//3yE5G6JiB0MDg83pNFtE=
44,68,e4h/YKA8v1QqgM30kBZwYLdEhM8=,zRnP0JgCdGdS/DiBSP6Rxxp+A98=
42,68,e4h/YKA8v1QqgM30kBZwYLdEhM8=,zRnP0JgCdGdS/DiBSP6Rxxp+A98=
36,69,e4h/YKA8v1QqgM30kBZwYLdEhM8=,9wvza//3yE5G6JiB0MDg83pNFtE=
32,68,e4h/YKA8v1QqgM30kBZwYLdEhM8=,9wvza//3yE5G6JiB0MDg83pNFtE=
43,69,e4h/YKA8v1QqgM30kBZwYLdEhM8=,zRnP0JgCdGdS/DiBSP6Rxxp+A98=
38,70,e4h/YKA8v1QqgM30kBZwYLdEhM8=,9wvza//3yE5G6JiB0MDg83pNFtE=
39,73,e4h/YKA8v1QqgM30kBZwYLdEhM8=,h5wYKgUInDUDE/IiC/mg+qNg4PY=
39,75,e4h/YKA8v1QqgM30kBZwYLdEhM8=,h5wYKgUInDUDE/IiC/mg+qNg4PY=
39,74,e4h/YKA8v1QqgM30kBZwYLdEhM8=,h5wYKgUInDUDE/IiC/mg+qNg4PY=
38,73,e4h/YKA8v1QqgM30kBZwYLdEhM8=,h5wYKgUInDUDE/IiC/mg+qNg4PY=
32,70,e4h/YKA8v1QqgM30kBZwYLdEhM8=,9wvza//3yE5G6JiB0MDg83pNFtE=
37,73,e4h/YKA8v1QqgM30kBZwYLdEhM8=,h5wYKgUInDUDE/IiC/mg+qNg4PY=
36,73,e4h/YKA8v1QqgM30kBZwYLdEhM8=,h5wYKgUInDUDE/IiC/mg+qNg4PY=
38,75,e4h/YKA8v1QqgM30kBZwYLdEhM8=,h5wYKgUInDUDE/IiC/mg+qNg4PY=
37,75,e4h/YKA8v1QqgM30kBZwYLdEhM8=,h5wYKgUInDUDE/IiC/mg+qNg4PY=
36,75,e4h/YKA8v1QqgM30kBZwYLdEhM8=,h5wYKgUInDUDE/IiC/mg+qNg4PY=
38,74,e4h/YKA8v1QqgM30kBZwYLdEhM8=,h5wYKgUInDUDE/IiC/mg+qNg4PY=
42,75,e4h/YKA8v1QqgM30kBZwYLdEhM8=,pN7zJRnwCYIlTIsbivV1YrgExP0=
35,69,e4h/YKA8v1QqgM30kBZwYLdEhM8=,9wvza//3yE5G6JiB0MDg83pNFtE=
37,74,e4h/YKA8v1QqgM30kBZwYLdEhM8=,h5wYKgUInDUDE/IiC/mg+qNg4PY=
43,75,e4h/YKA8v1QqgM30kBZwYLdEhM8=,pN7zJRnwCYIlTIsbivV1YrgExP0=
45,68,e4h/YKA8v1QqgM30kBZwYLdEhM8=,zRnP0JgCdGdS/DiBSP6Rxxp+A98=
34,69,e4h/YKA8v1QqgM30kBZwYLdEhM8=,9wvza//3yE5G6JiB0MDg83pNFtE=
40,70,e4h/YKA8v1QqgM30kBZwYLdEhM8=,zRnP0JgCdGdS/DiBSP6Rxxp+A98=
38,64,e4h/YKA8v1QqgM30kBZwYLdEhM8=,9wvza//3yE5G6JiB0MDg83pNFtE=
40,79,e4h/YKA8v1QqgM30kBZwYLdEhM8=,pN7zJRnwCYIlTIsbivV1YrgExP0=
47,79,e4h/YKA8v1QqgM30kBZwYLdEhM8=,pN7zJRnwCYIlTIsbivV1YrgExP0=
43,79,e4h/YKA8v1QqgM30kBZwYLdEhM8=,pN7zJRnwCYIlTIsbivV1YrgExP0=
42,79,e4h/YKA8v1QqgM30kBZwYLdEhM8=,pN7zJRnwCYIlTIsbivV1YrgExP0=
41,79,e4h/YKA8v1QqgM30kBZwYLdEhM8=,pN7zJRnwCYIlTIsbivV1YrgExP0=
39,78,e4h/YKA8v1QqgM30kBZwYLdEhM8=,h5wYKgUInDUDE/IiC/mg+qNg4PY=
39,77,e4h/YKA8v1QqgM30kBZwYLdEhM8=,h5wYKgUInDUDE/IiC/mg+qNg4PY=
33,69,e4h/YKA8v1QqgM30kBZwYLdEhM8=,9wvza//3yE5G6JiB0MDg83pNFtE=
40,73,e4h/YKA8v1QqgM30kBZwYLdEhM8=,pN7zJRnwCYIlTIsbivV1YrgExP0=
41,73,e4h/YKA8v1QqgM30kBZwYLdEhM8=,pN7zJRnwCYIlTIsbivV1YrgExP0=
39,76,e4h/YKA8v1QqgM30kBZwYLdEhM8=,h5wYKgUInDUDE/IiC/mg+qNg4PY=
43,78,e4h/YKA8v1QqgM30kBZwYLdEhM8=,pN7zJRnwCYIlTIsbivV1YrgExP0=
39,79,e4h/YKA8v1QqgM30kBZwYLdEhM8=,h5wYKgUInDUDE/IiC/mg+qNg4PY=
42,73,e4h/YKA8v1QqgM30kBZwYLdEhM8=,pN7zJRnwCYIlTIsbivV1YrgExP0=
46,68,e4h/YKA8v1QqgM30kBZwYLdEhM8=,zRnP0JgCdGdS/DiBSP6Rxxp+A98=
35,70,e4h/YKA8v1QqgM30kBZwYLdEhM8=,9wvza//3yE5G6JiB0MDg83pNFtE=
41,70,e4h/YKA8v1QqgM30kBZwYLdEhM8=,zRnP0JgCdGdS/DiBSP6Rxxp+A98=
42,78,e4h/YKA8v1QqgM30kBZwYLdEhM8=,pN7zJRnwCYIlTIsbivV1YrgExP0=
41,78,e4h/YKA8v1QqgM30kBZwYLdEhM8=,pN7zJRnwCYIlTIsbivV1YrgExP0=
40,78,e4h/YKA8v1QqgM30kBZwYLdEhM8=,pN7zJRnwCYIlTIsbivV1YrgExP0=
34,70,e4h/YKA8v1QqgM30kBZwYLdEhM8=,9wvza//3yE5G6JiB0MDg83pNFtE=
43,77,e4h/YKA8v1QqgM30kBZwYLdEhM8=,pN7zJRnwCYIlTIsbivV1YrgExP0=
42,77,e4h/YKA8v1QqgM30kBZwYLdEhM8=,pN7zJRnwCYIlTIsbivV1YrgExP0=
41,77,e4h/YKA8v1QqgM30kBZwYLdEhM8=,pN7zJRnwCYIlTIsbivV1YrgExP0=
40,77,e4h/YKA8v1QqgM30kBZwYLdEhM8=,pN7zJRnwCYIlTIsbivV1YrgExP0=
43,76,e4h/YKA8v1QqgM30kBZwYLdEhM8=,pN7zJRnwCYIlTIsbivV1YrgExP0=
42,76,e4h/YKA8v1QqgM30kBZwYLdEhM8=,pN7zJRnwCYIlTIsbivV1YrgExP0=
41,76,e4h/YKA8v1QqgM30kBZwYLdEhM8=,pN7zJRnwCYIlTIsbivV1YrgExP0=
40,76,e4h/YKA8v1QqgM30kBZwYLdEhM8=,pN7zJRnwCYIlTIsbivV1YrgExP0=
46,79,e4h/YKA8v1QqgM30kBZwYLdEhM8=,pN7zJRnwCYIlTIsbivV1YrgExP0=
38,78,e4h/YKA8v1QqgM30kBZwYLdEhM8=,h5wYKgUInDUDE/IiC/mg+qNg4PY=
37,78,e4h/YKA8v1QqgM30kBZwYLdEhM8=,h5wYKgUInDUDE/IiC/mg+qNg4PY=
37,66,e4h/YKA8v1QqgM30kBZwYLdEhM8=,9wvza//3yE5G6JiB0MDg83pNFtE=
35,68,e4h/YKA8v1QqgM30kBZwYLdEhM8=,9wvza//3yE5G6JiB0MDg83pNFtE=
36,78,e4h/YKA8v1QqgM30kBZwYLdEhM8=,h5wYKgUInDUDE/IiC/mg+qNg4PY=
38,77,e4h/YKA8v1QqgM30kBZwYLdEhM8=,h5wYKgUInDUDE/IiC/mg+qNg4PY=
37,77,e4h/YKA8v1QqgM30kBZwYLdEhM8=,h5wYKgUInDUDE/IiC/mg+qNg4PY=
36,77,e4h/YKA8v1QqgM30kBZwYLdEhM8=,h5wYKgUInDUDE/IiC/mg+qNg4PY=
38,76,e4h/YKA8v1QqgM30kBZwYLdEhM8=,h5wYKgUInDUDE/IiC/mg+qNg4PY=
44,69,e4h/YKA8v1QqgM30kBZwYLdEhM8=,zRnP0JgCdGdS/DiBSP6Rxxp+A98=
37,76,e4h/YKA8v1QqgM30kBZwYLdEhM8=,h5wYKgUInDUDE/IiC/mg+qNg4PY=
36,76,e4h/YKA8v1QqgM30kBZwYLdEhM8=,h5wYKgUInDUDE/IiC/mg+qNg4PY=
36,79,e4h/YKA8v1QqgM30kBZwYLdEhM8=,h5wYKgUInDUDE/IiC/mg+qNg4PY=
34,68,e4h/YKA8v1QqgM30kBZwYLdEhM8=,9wvza//3yE5G6JiB0MDg83pNFtE=
37,64,e4h/YKA8v1QqgM30kBZwYLdEhM8=,9wvza//3yE5G6JiB0MDg83pNFtE=
42,70,e4h/YKA8v1QqgM30kBZwYLdEhM8=,zRnP0JgCdGdS/DiBSP6Rxxp+A98=
37,79,e4h/YKA8v1QqgM30kBZwYLdEhM8=,h5wYKgUInDUDE/IiC/mg+qNg4PY=
44,71,e4h/YKA8v1QqgM30kBZwYLdEhM8=,zRnP0JgCdGdS/DiBSP6Rxxp+A98=
38,79,e4h/YKA8v1QqgM30kBZwYLdEhM8=,h5wYKgUInDUDE/IiC/mg+qNg4PY=
45,71,e4h/YKA8v1QqgM30kBZwYLdEhM8=,zRnP0JgCdGdS/DiBSP6Rxxp+A98=
43,74,e4h/YKA8v1QqgM30kBZwYLdEhM8=,pN7zJRnwCYIlTIsbivV1YrgExP0=
42,74,e4h/YKA8v1QqgM30kBZwYLdEhM8=,pN7zJRnwCYIlTIsbivV1YrgExP0=
33,68,e4h/YKA8v1QqgM30kBZwYLdEhM8=,9wvza//3yE5G6JiB0MDg83pNFtE=
41,74,e4h/YKA8v1QqgM30kBZwYLdEhM8=,pN7zJRnwCYIlTIsbivV1YrgExP0=
40,74,e4h/YKA8v1QqgM30kBZwYLdEhM8=,pN7zJRnwCYIlTIsbivV1YrgExP0=
40,71,e4h/YKA8v1QqgM30kBZwYLdEhM8=,zRnP0JgCdGdS/DiBSP6Rxxp+A98=
45,79,e4h/YKA8v1QqgM30kBZwYLdEhM8=,pN7zJRnwCYIlTIsbivV1YrgExP0=
43,73,e4h/YKA8v1QqgM30kBZwYLdEhM8=,pN7zJRnwCYIlTIsbivV1YrgExP0=
45,69,e4h/YKA8v1QqgM30kBZwYLdEhM8=,zRnP0JgCdGdS/DiBSP6Rxxp+A98=
35,71,e4h/YKA8v1QqgM30kBZwYLdEhM8=,9wvza//3yE5G6JiB0MDg83pNFtE=
47,67,e4h/YKA8v1QqgM30kBZwYLdEhM8=,zRnP0JgCdGdS/DiBSP6Rxxp+A98=
43,70,e4h/YKA8v1QqgM30kBZwYLdEhM8=,zRnP0JgCdGdS/DiBSP6Rxxp+A98=
34,71,e4h/YKA8v1QqgM30kBZwYLdEhM8=,9wvza//3yE5G6JiB0MDg83pNFtE=
47,68,e4h/YKA8v1QqgM30kBZwYLdEhM8=,zRnP0JgCdGdS/DiBSP6Rxxp+A98=
46,71,GZKNOQ3rlYg2w4GA3J74T2ylBl8=,zRnP0JgCdGdS/DiBSP6Rxxp+A98=
47,69,GZKNOQ3rlYg2w4GA3J74T2ylBl8=,zRnP0JgCdGdS/DiBSP6Rxxp+A98=
42,71,GZKNOQ3rlYg2w4GA3J74T2ylBl8=,zRnP0JgCdGdS/DiBSP6Rxxp+A98=
43,71,GZKNOQ3rlYg2w4GA3J74T2ylBl8=,zRnP0JgCdGdS/DiBSP6Rxxp+A98=
41,71,GZKNOQ3rlYg2w4GA3J74T2ylBl8=,zRnP0JgCdGdS/DiBSP6Rxxp+A98=
44,79,GZKNOQ3rlYg2w4GA3J74T2ylBl8=,pN7zJRnwCYIlTIsbivV1YrgExP0=
33,74,GZKNOQ3rlYg2w4GA3J74T2ylBl8=,h5wYKgUInDUDE/IiC/mg+qNg4PY=
33,70,GZKNOQ3rlYg2w4GA3J74T2ylBl8=,9wvza//3yE5G6JiB0MDg83pNFtE=
32,64,GZKNOQ3rlYg2w4GA3J74T2ylBl8=,9wvza//3yE5G6JiB0MDg83pNFtE=
46,70,GZKNOQ3rlYg2w4GA3J74T2ylBl8=,zRnP0JgCdGdS/DiBSP6Rxxp+A98=
36,67,GZKNOQ3rlYg2w4GA3J74T2ylBl8=,9wvza//3yE5G6JiB0MDg83pNFtE=
44,70,GZKNOQ3rlYg2w4GA3J74T2ylBl8=,zRnP0JgCdGdS/DiBSP6Rxxp+A98=
32,77,GZKNOQ3rlYg2w4GA3J74T2ylBl8=,h5wYKgUInDUDE/IiC/mg+qNg4PY=
36,64,GZKNOQ3rlYg2w4GA3J74T2ylBl8=,9wvza//3yE5G6JiB0MDg83pNFtE=
44,74,GZKNOQ3rlYg2w4GA3J74T2ylBl8=,pN7zJRnwCYIlTIsbivV1YrgExP0=
37,67,GZKNOQ3rlYg2w4GA3J74T2ylBl8=,9wvza//3yE5G6JiB0MDg83pNFtE=
47,72,GZKNOQ3rlYg2w4GA3J74T2ylBl8=,pN7zJRnwCYIlTIsbivV1YrgExP0=
33,71,GZKNOQ3rlYg2w4GA3J74T2ylBl8=,9wvza//3yE5G6JiB0MDg83pNFtE=
47,64,GZKNOQ3rlYg2w4GA3J74T2ylBl8=,zRnP0JgCdGdS/DiBSP6Rxxp+A98=
36,65,GZKNOQ3rlYg2w4GA3J74T2ylBl8=,9wvza//3yE5G6JiB0MDg83pNFtE=
45,70,GZKNOQ3rlYg2w4GA3J74T2ylBl8=,zRnP0JgCdGdS/DiBSP6Rxxp+A98=
47,70,GZKNOQ3rlYg2w4GA3J74T2ylBl8=,zRnP0JgCdGdS/DiBSP6Rxxp+A98=
46,69,GZKNOQ3rlYg2w4GA3J74T2ylBl8=,zRnP0JgCdGdS/DiBSP6Rxxp+A98=
39,66,GZKNOQ3rlYg2w4GA3J74T2ylBl8=,9wvza//3yE5G6JiB0MDg83pNFtE=
34,64,GZKNOQ3rlYg2w4GA3J74T2ylBl8=,9wvza//3yE5G6JiB0MDg83pNFtE=
47,73,GZKNOQ3rlYg2w4GA3J74T2ylBl8=,pN7zJRnwCYIlTIsbivV1YrgExP0=
35,64,GZKNOQ3rlYg2w4GA3J74T2ylBl8=,9wvza//3yE5G6JiB0MDg83pNFtE=
33,64,GZKNOQ3rlYg2w4GA3J74T2ylBl8=,9wvza//3yE5G6JiB0MDg83pNFtE=
44,65,GZKNOQ3rlYg2w4GA3J74T2ylBl8=,zRnP0JgCdGdS/DiBSP6Rxxp+A98=
34,67,GZKNOQ3rlYg2w4GA3J74T2ylBl8=,9wvza//3yE5G6JiB0MDg83pNFtE=
32,65,GZKNOQ3rlYg2w4GA3J74T2ylBl8=,9wvza//3yE5G6JiB0MDg83pNFtE=
39,67,GZKNOQ3rlYg2w4GA3J74T2ylBl8=,9wvza//3yE5G6JiB0MDg83pNFtE=
32,67,GZKNOQ3rlYg2w4GA3J74T2ylBl8=,9wvza//3yE5G6JiB0MDg83pNFtE=
32,66,GZKNOQ3rlYg2w4GA3J74T2ylBl8=,9wvza//3yE5G6JiB0MDg83pNFtE=
35,67,GZKNOQ3rlYg2w4GA3J74T2ylBl8=,9wvza//3yE5G6JiB0MDg83pNFtE=
35,65,GZKNOQ3rlYg2w4GA3J74T2ylBl8=,9wvza//3yE5G6JiB0MDg83pNFtE=
47,78,GZKNOQ3rlYg2w4GA3J74T2ylBl8=,pN7zJRnwCYIlTIsbivV1YrgExP0=
35,66,GZKNOQ3rlYg2w4GA3J74T2ylBl8=,9wvza//3yE5G6JiB0MDg83pNFtE=
33,67,GZKNOQ3rlYg2w4GA3J74T2ylBl8=,9wvza//3yE5G6JiB0MDg83pNFtE=
32,73,GZKNOQ3rlYg2w4GA3J74T2ylBl8=,h5wYKgUInDUDE/IiC/mg+qNg4PY=
32,72,GZKNOQ3rlYg2w4GA3J74T2ylBl8=,h5wYKgUInDUDE/IiC/mg+qNg4PY=
34,65,GZKNOQ3rlYg2w4GA3J74T2ylBl8=,9wvza//3yE5G6JiB0MDg83pNFtE=
32,75,GZKNOQ3rlYg2w4GA3J74T2ylBl8=,h5wYKgUInDUDE/IiC/mg+qNg4PY=
32,74,GZKNOQ3rlYg2w4GA3J74T2ylBl8=,h5wYKgUInDUDE/IiC/mg+qNg4PY=
34,72,GZKNOQ3rlYg2w4GA3J74T2ylBl8=,h5wYKgUInDUDE/IiC/mg+qNg4PY=
35,72,GZKNOQ3rlYg2w4GA3J74T2ylBl8=,h5wYKgUInDUDE/IiC/mg+qNg4PY=
33,72,GZKNOQ3rlYg2w4GA3J74T2ylBl8=,h5wYKgUInDUDE/IiC/mg+qNg4PY=
35,73,GZKNOQ3rlYg2w4GA3J74T2ylBl8=,h5wYKgUInDUDE/IiC/mg+qNg4PY=
43,64,GZKNOQ3rlYg2w4GA3J74T2ylBl8=,zRnP0JgCdGdS/DiBSP6Rxxp+A98=
35,79,GZKNOQ3rlYg2w4GA3J74T2ylBl8=,h5wYKgUInDUDE/IiC/mg+qNg4PY=
33,79,GZKNOQ3rlYg2w4GA3J74T2ylBl8=,h5wYKgUInDUDE/IiC/mg+qNg4PY=
33,65,GZKNOQ3rlYg2w4GA3J74T2ylBl8=,9wvza//3yE5G6JiB0MDg83pNFtE=
32,79,GZKNOQ3rlYg2w4GA3J74T2ylBl8=,h5wYKgUInDUDE/IiC/mg+qNg4PY=
34,73,GZKNOQ3rlYg2w4GA3J74T2ylBl8=,h5wYKgUInDUDE/IiC/mg+qNg4PY=
34,66,GZKNOQ3rlYg2w4GA3J74T2ylBl8=,9wvza//3yE5G6JiB0MDg83pNFtE=
33,73,GZKNOQ3rlYg2w4GA3J74T2ylBl8=,h5wYKgUInDUDE/IiC/mg+qNg4PY=
33,66,GZKNOQ3rlYg2w4GA3J74T2ylBl8=,9wvza//3yE5G6JiB0MDg83pNFtE=
35,78,GZKNOQ3rlYg2w4GA3J74T2ylBl8=,h5wYKgUInDUDE/IiC/mg+qNg4PY=
35,75,GZKNOQ3rlYg2w4GA3J74T2ylBl8=,h5wYKgUInDUDE/IiC/mg+qNg4PY=
47,77,GZKNOQ3rlYg2w4GA3J74T2ylBl8=,pN7zJRnwCYIlTIsbivV1YrgExP0=
34,75,GZKNOQ3rlYg2w4GA3J74T2ylBl8=,h5wYKgUInDUDE/IiC/mg+qNg4PY=
33,75,GZKNOQ3rlYg2w4GA3J74T2ylBl8=,h5wYKgUInDUDE/IiC/mg+qNg4PY=
35,74,GZKNOQ3rlYg2w4GA3J74T2ylBl8=,h5wYKgUInDUDE/IiC/mg+qNg4PY=
34,74,GZKNOQ3rlYg2w4GA3J74T2ylBl8=,h5wYKgUInDUDE/IiC/mg+qNg4PY=
33,78,GZKNOQ3rlYg2w4GA3J74T2ylBl8=,h5wYKgUInDUDE/IiC/mg+qNg4PY=
34,79,GZKNOQ3rlYg2w4GA3J74T2ylBl8=,h5wYKgUInDUDE/IiC/mg+qNg4PY=
42,64,GZKNOQ3rlYg2w4GA3J74T2ylBl8=,zRnP0JgCdGdS/DiBSP6Rxxp+A98=
32,76,GZKNOQ3rlYg2w4GA3J74T2ylBl8=,h5wYKgUInDUDE/IiC/mg+qNg4PY=
34,77,GZKNOQ3rlYg2w4GA3J74T2ylBl8=,h5wYKgUInDUDE/IiC/mg+qNg4PY=
32,78,GZKNOQ3rlYg2w4GA3J74T2ylBl8=,h5wYKgUInDUDE/IiC/mg+qNg4PY=
34,76,GZKNOQ3rlYg2w4GA3J74T2ylBl8=,h5wYKgUInDUDE/IiC/mg+qNg4PY=
35,77,GZKNOQ3rlYg2w4GA3J74T2ylBl8=,h5wYKgUInDUDE/IiC/mg+qNg4PY=
47,76,GZKNOQ3rlYg2w4GA3J74T2ylBl8=,pN7zJRnwCYIlTIsbivV1YrgExP0=
47,66,+cuCh91/tz1KwqbSg/aZqoFy/ec=,zRnP0JgCdGdS/DiBSP6Rxxp+A98=
38,67,+cuCh91/tz1KwqbSg/aZqoFy/ec=,9wvza//3yE5G6JiB0MDg83pNFtE=
34,78,+cuCh91/tz1KwqbSg/aZqoFy/ec=,h5wYKgUInDUDE/IiC/mg+qNg4PY=
33,76,+cuCh91/tz1KwqbSg/aZqoFy/ec=,h5wYKgUInDUDE/IiC/mg+qNg4PY=
33,77,+cuCh91/tz1KwqbSg/aZqoFy/ec=,h5wYKgUInDUDE/IiC/mg+qNg4PY=
35,76,+cuCh91/tz1KwqbSg/aZqoFy/ec=,h5wYKgUInDUDE/IiC/mg+qNg4PY=
40,65,+cuCh91/tz1KwqbSg/aZqoFy/ec=,zRnP0JgCdGdS/DiBSP6Rxxp+A98=
43,65,+cuCh91/tz1KwqbSg/aZqoFy/ec=,zRnP0JgCdGdS/DiBSP6Rxxp+A98=
41,64,+cuCh91/tz1KwqbSg/aZqoFy/ec=,zRnP0JgCdGdS/DiBSP6Rxxp+A98=
37,65,+cuCh91/tz1KwqbSg/aZqoFy/ec=,9wvza//3yE5G6JiB0MDg83pNFtE=
42,66,+cuCh91/tz1KwqbSg/aZqoFy/ec=,zRnP0JgCdGdS/DiBSP6Rxxp+A98=
39,65,+cuCh91/tz1KwqbSg/aZqoFy/ec=,9wvza//3yE5G6JiB0MDg83pNFtE=
40,66,+cuCh91/tz1KwqbSg/aZqoFy/ec=,zRnP0JgCdGdS/DiBSP6Rxxp+A98=
42,65,+cuCh91/tz1KwqbSg/aZqoFy/ec=,zRnP0JgCdGdS/DiBSP6Rxxp+A98=
47,75,+cuCh91/tz1KwqbSg/aZqoFy/ec=,pN7zJRnwCYIlTIsbivV1YrgExP0=
41,65,+cuCh91/tz1KwqbSg/aZqoFy/ec=,zRnP0JgCdGdS/DiBSP6Rxxp+A98=
43,66,+cuCh91/tz1KwqbSg/aZqoFy/ec=,zRnP0JgCdGdS/DiBSP6Rxxp+A98=
41,66,+cuCh91/tz1KwqbSg/aZqoFy/ec=,zRnP0JgCdGdS/DiBSP6Rxxp+A98=
44,72,+cuCh91/tz1KwqbSg/aZqoFy/ec=,pN7zJRnwCYIlTIsbivV1YrgExP0=
47,74,+cuCh91/tz1KwqbSg/aZqoFy/ec=,pN7zJRnwCYIlTIsbivV1YrgExP0=
45,65,+cuCh91/tz1KwqbSg/aZqoFy/ec=,zRnP0JgCdGdS/DiBSP6Rxxp+A98=
46,72,+cuCh91/tz1KwqbSg/aZqoFy/ec=,pN7zJRnwCYIlTIsbivV1YrgExP0=
46,73,+cuCh91/tz1KwqbSg/aZqoFy/ec=,pN7zJRnwCYIlTIsbivV1YrgExP0=
45,72,+cuCh91/tz1KwqbSg/aZqoFy/ec=,pN7zJRnwCYIlTIsbivV1YrgExP0=
45,73,+cuCh91/tz1KwqbSg/aZqoFy/ec=,pN7zJRnwCYIlTIsbivV1YrgExP0=
46,78,+cuCh91/tz1KwqbSg/aZqoFy/ec=,pN7zJRnwCYIlTIsbivV1YrgExP0=
44,73,+cuCh91/tz1KwqbSg/aZqoFy/ec=,pN7zJRnwCYIlTIsbivV1YrgExP0=
44,78,+cuCh91/tz1KwqbSg/aZqoFy/ec=,pN7zJRnwCYIlTIsbivV1YrgExP0=
45,78,+cuCh91/tz1KwqbSg/aZqoFy/ec=,pN7zJRnwCYIlTIsbivV1YrgExP0=
43,67,+cuCh91/tz1KwqbSg/aZqoFy/ec=,zRnP0JgCdGdS/DiBSP6Rxxp+A98=
44,77,+cuCh91/tz1KwqbSg/aZqoFy/ec=,pN7zJRnwCYIlTIsbivV1YrgExP0=
46,77,+cuCh91/tz1KwqbSg/aZqoFy/ec=,pN7zJRnwCYIlTIsbivV1YrgExP0=
45,77,+cuCh91/tz1KwqbSg/aZqoFy/ec=,pN7zJRnwCYIlTIsbivV1YrgExP0=
44,76,+cuCh91/tz1KwqbSg/aZqoFy/ec=,pN7zJRnwCYIlTIsbivV1YrgExP0=
45,76,+cuCh91/tz1KwqbSg/aZqoFy/ec=,pN7zJRnwCYIlTIsbivV1YrgExP0=
44,75,+cuCh91/tz1KwqbSg/aZqoFy/ec=,pN7zJRnwCYIlTIsbivV1YrgExP0=
46,75,+cuCh91/tz1KwqbSg/aZqoFy/ec=,pN7zJRnwCYIlTIsbivV1YrgExP0=
45,74,+cuCh91/tz1KwqbSg/aZqoFy/ec=,pN7zJRnwCYIlTIsbivV1YrgExP0=
46,76,+cuCh91/tz1KwqbSg/aZqoFy/ec=,pN7zJRnwCYIlTIsbivV1YrgExP0=
45,75,+cuCh91/tz1KwqbSg/aZqoFy/ec=,pN7zJRnwCYIlTIsbivV1YrgExP0=
46,74,+cuCh91/tz1KwqbSg/aZqoFy/ec=,pN7zJRnwCYIlTIsbivV1YrgExP0=
47,65,+cuCh91/tz1KwqbSg/aZqoFy/ec=,zRnP0JgCdGdS/DiBSP6Rxxp+A98=
46,64,+cuCh91/tz1KwqbSg/aZqoFy/ec=,zRnP0JgCdGdS/DiBSP6Rxxp+A98=
44,64,+cuCh91/tz1KwqbSg/aZqoFy/ec=,zRnP0JgCdGdS/DiBSP6Rxxp+A98=
42,67,+cuCh91/tz1KwqbSg/aZqoFy/ec=,zRnP0JgCdGdS/DiBSP6Rxxp+A98=
45,66,+cuCh91/tz1KwqbSg/aZqoFy/ec=,zRnP0JgCdGdS/DiBSP6Rxxp+A98=
44,67,+cuCh91/tz1KwqbSg/aZqoFy/ec=,zRnP0JgCdGdS/DiBSP6Rxxp+A98=
40,67,+cuCh91/tz1KwqbSg/aZqoFy/ec=,zRnP0JgCdGdS/DiBSP6Rxxp+A98=
41,67,+bNnWJXtb5IGWauNWFrIA4Sco6w=,zRnP0JgCdGdS/DiBSP6Rxxp+A98=
45,64,+bNnWJXtb5IGWauNWFrIA4Sco6w=,zRnP0JgCdGdS/DiBSP6Rxxp+A98=
46,65,+bNnWJXtb5IGWauNWFrIA4Sco6w=,zRnP0JgCdGdS/DiBSP6Rxxp+A98=
45,67,+bNnWJXtb5IGWauNWFrIA4Sco6w=,zRnP0JgCdGdS/DiBSP6Rxxp+A98=
46,67,+bNnWJXtb5IGWauNWFrIA4Sco6w=,zRnP0JgCdGdS/DiBSP6Rxxp+A98=
44,66,+bNnWJXtb5IGWauNWFrIA4Sco6w=,zRnP0JgCdGdS/DiBSP6Rxxp+A98=
46,66,+bNnWJXtb5IGWauNWFrIA4Sco6w=,zRnP0JgCdGdS/DiBSP6Rxxp+A98=
37,85,nTUVYnTrz27iL1oc79vp/sT0b8o=,+jIlqh3fUUl4SXF994sR07L67hM=
43,80,nTUVYnTrz27iL1oc79vp/sT0b8o=,nQuiG0v+7YgD99V1y9k+xiXfFew=
42,80,nTUVYnTrz27iL1oc79vp/sT0b8o=,nQuiG0v+7YgD99V1y9k+xiXfFew=
41,80,nTUVYnTrz27iL1oc79vp/sT0b8o=,nQuiG0v+7YgD99V1y9k+xiXfFew=
39,81,nTUVYnTrz27iL1oc79vp/sT0b8o=,+jIlqh3fUUl4SXF994sR07L67hM=
38,81,nTUVYnTrz27iL1oc79vp/sT0b8o=,+jIlqh3fUUl4SXF994sR07L67hM=
37,81,nTUVYnTrz27iL1oc79vp/sT0b8o=,+jIlqh3fUUl4SXF994sR07L67hM=
36,81,nTUVYnTrz27iL1oc79vp/sT0b8o=,+jIlqh3fUUl4SXF994sR07L67hM=
39,82,nTUVYnTrz27iL1oc79vp/sT0b8o=,+jIlqh3fUUl4SXF994sR07L67hM=
38,82,xK7xgeJg0ZgMWsnXJLjyKWKKRk4=,+jIlqh3fUUl4SXF994sR07L67hM=
47,83,xK7xgeJg0ZgMWsnXJLjyKWKKRk4=,nQuiG0v+7YgD99V1y9k+xiXfFew=
37,82,xK7xgeJg0ZgMWsnXJLjyKWKKRk4=,+jIlqh3fUUl4SXF994sR07L67hM=
44,81,xK7xgeJg0ZgMWsnXJLjyKWKKRk4=,nQuiG0v+7YgD99V1y9k+xiXfFew=
36,82,xK7xgeJg0ZgMWsnXJLjyKWKKRk4=,+jIlqh3fUUl4SXF994sR07L67hM=
39,83,xK7xgeJg0ZgMWsnXJLjyKWKKRk4=,+jIlqh3fUUl4SXF994sR07L67hM=
38,83,xK7xgeJg0ZgMWsnXJLjyKWKKRk4=,+jIlqh3fUUl4SXF994sR07L67hM=
37,83,xK7xgeJg0ZgMWsnXJLjyKWKKRk4=,+jIlqh3fUUl4SXF994sR07L67hM=
36,83,xK7xgeJg0ZgMWsnXJLjyKWKKRk4=,+jIlqh3fUUl4SXF994sR07L67hM=
40,83,xK7xgeJg0ZgMWsnXJLjyKWKKRk4=,nQuiG0v+7YgD99V1y9k+xiXfFew=
40,82,xK7xgeJg0ZgMWsnXJLjyKWKKRk4=,nQuiG0v+7YgD99V1y9k+xiXfFew=
40,81,xK7xgeJg0ZgMWsnXJLjyKWKKRk4=,nQuiG0v+7YgD99V1y9k+xiXfFew=
43,83,xK7xgeJg0ZgMWsnXJLjyKWKKRk4=,nQuiG0v+7YgD99V1y9k+xiXfFew=
42,83,xK7xgeJg0ZgMWsnXJLjyKWKKRk4=,nQuiG0v+7YgD99V1y9k+xiXfFew=
47,80,xK7xgeJg0ZgMWsnXJLjyKWKKRk4=,nQuiG0v+7YgD99V1y9k+xiXfFew=
41,83,xK7xgeJg0ZgMWsnXJLjyKWKKRk4=,nQuiG0v+7YgD99V1y9k+xiXfFew=
43,82,xK7xgeJg0ZgMWsnXJLjyKWKKRk4=,nQuiG0v+7YgD99V1y9k+xiXfFew=
42,82,xK7xgeJg0ZgMWsnXJLjyKWKKRk4=,nQuiG0v+7YgD99V1y9k+xiXfFew=
45,81,xK7xgeJg0ZgMWsnXJLjyKWKKRk4=,nQuiG0v+7YgD99V1y9k+xiXfFew=
41,82,xK7xgeJg0ZgMWsnXJLjyKWKKRk4=,nQuiG0v+7YgD99V1y9k+xiXfFew=
43,81,xK7xgeJg0ZgMWsnXJLjyKWKKRk4=,nQuiG0v+7YgD99V1y9k+xiXfFew=
42,81,xK7xgeJg0ZgMWsnXJLjyKWKKRk4=,nQuiG0v+7YgD99V1y9k+xiXfFew=
41,81,xK7xgeJg0ZgMWsnXJLjyKWKKRk4=,nQuiG0v+7YgD99V1y9k+xiXfFew=
38,80,xK7xgeJg0ZgMWsnXJLjyKWKKRk4=,+jIlqh3fUUl4SXF994sR07L67hM=
36,80,xK7xgeJg0ZgMWsnXJLjyKWKKRk4=,+jIlqh3fUUl4SXF994sR07L67hM=
46,81,xK7xgeJg0ZgMWsnXJLjyKWKKRk4=,nQuiG0v+7YgD99V1y9k+xiXfFew=
39,80,xK7xgeJg0ZgMWsnXJLjyKWKKRk4=,+jIlqh3fUUl4SXF994sR07L67hM=
36,85,xK7xgeJg0ZgMWsnXJLjyKWKKRk4=,+jIlqh3fUUl4SXF994sR07L67hM=
47,82,xK7xgeJg0ZgMWsnXJLjyKWKKRk4=,nQuiG0v+7YgD99V1y9k+xiXfFew=
37,80,xK7xgeJg0ZgMWsnXJLjyKWKKRk4=,+jIlqh3fUUl4SXF994sR07L67hM=
40,80,xK7xgeJg0ZgMWsnXJLjyKWKKRk4=,nQuiG0v+7YgD99V1y9k+xiXfFew=
45,82,xK7xgeJg0ZgMWsnXJLjyKWKKRk4=,nQuiG0v+7YgD99V1y9k+xiXfFew=
44,82,xK7xgeJg0ZgMWsnXJLjyKWKKRk4=,nQuiG0v+7YgD99V1y9k+xiXfFew=
47,81,xK7xgeJg0ZgMWsnXJLjyKWKKRk4=,nQuiG0v+7YgD99V1y9k+xiXfFew=
39,86,xK7xgeJg0ZgMWsnXJLjyKWKKRk4=,+jIlqh3fUUl4SXF994sR07L67hM=
46,82,xK7xgeJg0ZgMWsnXJLjyKWKKRk4=,nQuiG0v+7YgD99V1y9k+xiXfFew=
46,83,xK7xgeJg0ZgMWsnXJLjyKWKKRk4=,nQuiG0v+7YgD99V1y9k+xiXfFew=
44,83,xK7xgeJg0ZgMWsnXJLjyKWKKRk4=,nQuiG0v+7YgD99V1y9k+xiXfFew=
46,80,xK7xgeJg0ZgMWsnXJLjyKWKKRk4=,nQuiG0v+7YgD99V1y9k+xiXfFew=
45,83,xK7xgeJg0ZgMWsnXJLjyKWKKRk4=,nQuiG0v+7YgD99V1y9k+xiXfFew=
45,80,xK7xgeJg0ZgMWsnXJLjyKWKKRk4=,nQuiG0v+7YgD99V1y9k+xiXfFew=
47,87,xK7xgeJg0ZgMWsnXJLjyKWKKRk4=,nQuiG0v+7YgD99V1y9k+xiXfFew=
38,87,xK7xgeJg0ZgMWsnXJLjyKWKKRk4=,+jIlqh3fUUl4SXF994sR07L67hM=
45,84,xK7xgeJg0ZgMWsnXJLjyKWKKRk4=,nQuiG0v+7YgD99V1y9k+xiXfFew=
44,84,xK7xgeJg0ZgMWsnXJLjyKWKKRk4=,nQuiG0v+7YgD99V1y9k+xiXfFew=
46,84,xK7xgeJg0ZgMWsnXJLjyKWKKRk4=,nQuiG0v+7YgD99V1y9k+xiXfFew=
44,80,xK7xgeJg0ZgMWsnXJLjyKWKKRk4=,nQuiG0v+7YgD99V1y9k+xiXfFew=
39,87,xK7xgeJg0ZgMWsnXJLjyKWKKRk4=,+jIlqh3fUUl4SXF994sR07L67hM=
43,84,xK7xgeJg0ZgMWsnXJLjyKWKKRk4=,nQuiG0v+7YgD99V1y9k+xiXfFew=
38,86,xK7xgeJg0ZgMWsnXJLjyKWKKRk4=,+jIlqh3fUUl4SXF994sR07L67hM=
43,85,xK7xgeJg0ZgMWsnXJLjyKWKKRk4=,nQuiG0v+7YgD99V1y9k+xiXfFew=
41,84,xK7xgeJg0ZgMWsnXJLjyKWKKRk4=,nQuiG0v+7YgD99V1y9k+xiXfFew=
32,80,xK7xgeJg0ZgMWsnXJLjyKWKKRk4=,+jIlqh3fUUl4SXF994sR07L67hM=
40,87,xK7xgeJg0ZgMWsnXJLjyKWKKRk4=,nQuiG0v+7YgD99V1y9k+xiXfFew=
41,85,xK7xgeJg0ZgMWsnXJLjyKWKKRk4=,nQuiG0v+7YgD99V1y9k+xiXfFew=
42,84,xK7xgeJg0ZgMWsnXJLjyKWKKRk4=,nQuiG0v+7YgD99V1y9k+xiXfFew=
42,85,xK7xgeJg0ZgMWsnXJLjyKWKKRk4=,nQuiG0v+7YgD99V1y9k+xiXfFew=
37,86,xK7xgeJg0ZgMWsnXJLjyKWKKRk4=,+jIlqh3fUUl4SXF994sR07L67hM=
41,87,3WnUNNTIFi6BiM3YGTxFgszqgqs=,nQuiG0v+7YgD99V1y9k+xiXfFew=
37,87,3WnUNNTIFi6BiM3YGTxFgszqgqs=,+jIlqh3fUUl4SXF994sR07L67hM=
34,80,3WnUNNTIFi6BiM3YGTxFgszqgqs=,+jIlqh3fUUl4SXF994sR07L67hM=
32,95,3WnUNNTIFi6BiM3YGTxFgszqgqs=,9iIph2eq8HqJomv2PzeJ5yXtRP4=
39,84,3WnUNNTIFi6BiM3YGTxFgszqgqs=,+jIlqh3fUUl4SXF994sR07L67hM=
42,87,3WnUNNTIFi6BiM3YGTxFgszqgqs=,nQuiG0v+7YgD99V1y9k+xiXfFew=
32,93,3WnUNNTIFi6BiM3YGTxFgszqgqs=,9iIph2eq8HqJomv2PzeJ5yXtRP4=
38,84,3WnUNNTIFi6BiM3YGTxFgszqgqs=,+jIlqh3fUUl4SXF994sR07L67hM=
36,86,3WnUNNTIFi6BiM3YGTxFgszqgqs=,+jIlqh3fUUl4SXF994sR07L67hM=
35,80,3WnUNNTIFi6BiM3YGTxFgszqgqs=,+jIlqh3fUUl4SXF994sR07L67hM=
32,88,3WnUNNTIFi6BiM3YGTxFgszqgqs=,9iIph2eq8HqJomv2PzeJ5yXtRP4=
36,87,3WnUNNTIFi6BiM3YGTxFgszqgqs=,+jIlqh3fUUl4SXF994sR07L67hM=
39,85,3WnUNNTIFi6BiM3YGTxFgszqgqs=,+jIlqh3fUUl4SXF994sR07L67hM=
38,85,3WnUNNTIFi6BiM3YGTxFgszqgqs=,+jIlqh3fUUl4SXF994sR07L67hM=
32,94,3WnUNNTIFi6BiM3YGTxFgszqgqs=,9iIph2eq8HqJomv2PzeJ5yXtRP4=
43,87,3WnUNNTIFi6BiM3YGTxFgszqgqs=,nQuiG0v+7YgD99V1y9k+xiXfFew=
47,86,3WnUNNTIFi6BiM3YGTxFgszqgqs=,nQuiG0v+7YgD99V1y9k+xiXfFew=
33,92,3WnUNNTIFi6BiM3YGTxFgszqgqs=,9iIph2eq8HqJomv2PzeJ5yXtRP4=
47,85,3WnUNNTIFi6BiM3YGTxFgszqgqs=,nQuiG0v+7YgD99V1y9k+xiXfFew=
44,93,3WnUNNTIFi6BiM3YGTxFgszqgqs=,FOEqwDDG0bcXJoycPrUhPM3ap3c=
45,93,3WnUNNTIFi6BiM3YGTxFgszqgqs=,FOEqwDDG0bcXJoycPrUhPM3ap3c=
37,84,3WnUNNTIFi6BiM3YGTxFgszqgqs=,+jIlqh3fUUl4SXF994sR07L67hM=
47,84,3WnUNNTIFi6BiM3YGTxFgszqgqs=,nQuiG0v+7YgD99V1y9k+xiXfFew=
33,80,3WnUNNTIFi6BiM3YGTxFgszqgqs=,+jIlqh3fUUl4SXF994sR07L67hM=
46,87,3WnUNNTIFi6BiM3YGTxFgszqgqs=,nQuiG0v+7YgD99V1y9k+xiXfFew=
46,92,3WnUNNTIFi6BiM3YGTxFgszqgqs=,FOEqwDDG0bcXJoycPrUhPM3ap3c=
36,84,3WnUNNTIFi6BiM3YGTxFgszqgqs=,+jIlqh3fUUl4SXF994sR07L67hM=
46,93,3WnUNNTIFi6BiM3YGTxFgszqgqs=,FOEqwDDG0bcXJoycPrUhPM3ap3c=
45,87,3WnUNNTIFi6BiM3YGTxFgszqgqs=,nQuiG0v+7YgD99V1y9k+xiXfFew=
44,87,3WnUNNTIFi6BiM3YGTxFgszqgqs=,nQuiG0v+7YgD99V1y9k+xiXfFew=
32,86,3WnUNNTIFi6BiM3YGTxFgszqgqs=,+jIlqh3fUUl4SXF994sR07L67hM=
39,94,3WnUNNTIFi6BiM3YGTxFgszqgqs=,9iIph2eq8HqJomv2PzeJ5yXtRP4=
43,93,3WnUNNTIFi6BiM3YGTxFgszqgqs=,FOEqwDDG0bcXJoycPrUhPM3ap3c=
44,85,3WnUNNTIFi6BiM3YGTxFgszqgqs=,nQuiG0v+7YgD99V1y9k+xiXfFew=
44,94,3WnUNNTIFi6BiM3YGTxFgszqgqs=,FOEqwDDG0bcXJoycPrUhPM3ap3c=
42,93,3WnUNNTIFi6BiM3YGTxFgszqgqs=,FOEqwDDG0bcXJoycPrUhPM3ap3c=
40,93,3WnUNNTIFi6BiM3YGTxFgszqgqs=,FOEqwDDG0bcXJoycPrUhPM3ap3c=
33,83,3WnUNNTIFi6BiM3YGTxFgszqgqs=,+jIlqh3fUUl4SXF994sR07L67hM=
46,94,3WnUNNTIFi6BiM3YGTxFgszqgqs=,FOEqwDDG0bcXJoycPrUhPM3ap3c=
46,85,3WnUNNTIFi6BiM3YGTxFgszqgqs=,nQuiG0v+7YgD99V1y9k+xiXfFew=
45,94,3WnUNNTIFi6BiM3YGTxFgszqgqs=,FOEqwDDG0bcXJoycPrUhPM3ap3c=
45,92,3WnUNNTIFi6BiM3YGTxFgszqgqs=,FOEqwDDG0bcXJoycPrUhPM3ap3c=
45,85,xjAZ+4dHi1vRezxoQUkGlKtcavg=,nQuiG0v+7YgD99V1y9k+xiXfFew=
34,83,xjAZ+4dHi1vRezxoQUkGlKtcavg=,+jIlqh3fUUl4SXF994sR07L67hM=
39,93,xjAZ+4dHi1vRezxoQUkGlKtcavg=,9iIph2eq8HqJomv2PzeJ5yXtRP4=
40,94,xjAZ+4dHi1vRezxoQUkGlKtcavg=,FOEqwDDG0bcXJoycPrUhPM3ap3c=
35,83,xjAZ+4dHi1vRezxoQUkGlKtcavg=,+jIlqh3fUUl4SXF994sR07L67hM=
33,82,xjAZ+4dHi1vRezxoQUkGlKtcavg=,+jIlqh3fUUl4SXF994sR07L67hM=
32,92,xjAZ+4dHi1vRezxoQUkGlKtcavg=,9iIph2eq8HqJomv2PzeJ5yXtRP4=
43,94,xjAZ+4dHi1vRezxoQUkGlKtcavg=,FOEqwDDG0bcXJoycPrUhPM3ap3c=
41,86,xjAZ+4dHi1vRezxoQUkGlKtcavg=,nQuiG0v+7YgD99V1y9k+xiXfFew=
41,93,xjAZ+4dHi1vRezxoQUkGlKtcavg=,FOEqwDDG0bcXJoycPrUhPM3ap3c=
40,86,xjAZ+4dHi1vRezxoQUkGlKtcavg=,nQuiG0v+7YgD99V1y9k+xiXfFew=
32,83,xjAZ+4dHi1vRezxoQUkGlKtcavg=,+jIlqh3fUUl4SXF994sR07L67hM=
35,81,xjAZ+4dHi1vRezxoQUkGlKtcavg=,+jIlqh3fUUl4SXF994sR07L67hM=
42,86,xjAZ+4dHi1vRezxoQUkGlKtcavg=,nQuiG0v+7YgD99V1y9k+xiXfFew=
42,94,xjAZ+4dHi1vRezxoQUkGlKtcavg=,FOEqwDDG0bcXJoycPrUhPM3ap3c=
39,92,xjAZ+4dHi1vRezxoQUkGlKtcavg=,9iIph2eq8HqJomv2PzeJ5yXtRP4=
41,94,xjAZ+4dHi1vRezxoQUkGlKtcavg=,FOEqwDDG0bcXJoycPrUhPM3ap3c=
32,89,xjAZ+4dHi1vRezxoQUkGlKtcavg=,9iIph2eq8HqJomv2PzeJ5yXtRP4=
40,88,xjAZ+4dHi1vRezxoQUkGlKtcavg=,FOEqwDDG0bcXJoycPrUhPM3ap3c=
36,90,xjAZ+4dHi1vRezxoQUkGlKtcavg=,9iIph2eq8HqJomv2PzeJ5yXtRP4=
34,81,xjAZ+4dHi1vRezxoQUkGlKtcavg=,+jIlqh3fUUl4SXF994sR07L67hM=
40,85,xjAZ+4dHi1vRezxoQUkGlKtcavg=,nQuiG0v+7YgD99V1y9k+xiXfFew=
33,95,xjAZ+4dHi1vRezxoQUkGlKtcavg=,9iIph2eq8HqJomv2PzeJ5yXtRP4=
35,95,xjAZ+4dHi1vRezxoQUkGlKtcavg=,9iIph2eq8HqJomv2PzeJ5yXtRP4=
33,81,xjAZ+4dHi1vRezxoQUkGlKtcavg=,+jIlqh3fUUl4SXF994sR07L67hM=
40,84,xjAZ+4dHi1vRezxoQUkGlKtcavg=,nQuiG0v+7YgD99V1y9k+xiXfFew=
46,86,xjAZ+4dHi1vRezxoQUkGlKtcavg=,nQuiG0v+7YgD99V1y9k+xiXfFew=
34,95,xjAZ+4dHi1vRezxoQUkGlKtcavg=,9iIph2eq8HqJomv2PzeJ5yXtRP4=
35,94,xjAZ+4dHi1vRezxoQUkGlKtcavg=,9iIph2eq8HqJomv2PzeJ5yXtRP4=
45,86,xjAZ+4dHi1vRezxoQUkGlKtcavg=,nQuiG0v+7YgD99V1y9k+xiXfFew=
44,86,xjAZ+4dHi1vRezxoQUkGlKtcavg=,nQuiG0v+7YgD99V1y9k+xiXfFew=
41,88,xjAZ+4dHi1vRezxoQUkGlKtcavg=,FOEqwDDG0bcXJoycPrUhPM3ap3c=
32,91,xjAZ+4dHi1vRezxoQUkGlKtcavg=,9iIph2eq8HqJomv2PzeJ5yXtRP4=
35,82,xjAZ+4dHi1vRezxoQUkGlKtcavg=,+jIlqh3fUUl4SXF994sR07L67hM=
43,86,xjAZ+4dHi1vRezxoQUkGlKtcavg=,nQuiG0v+7YgD99V1y9k+xiXfFew=
33,94,46vlTqAUCWwfpbq/kO965zuiyXI=,9iIph2eq8HqJomv2PzeJ5yXtRP4=
32,81,46vlTqAUCWwfpbq/kO965zuiyXI=,+jIlqh3fUUl4SXF994sR07L67hM=
34,94,46vlTqAUCWwfpbq/kO965zuiyXI=,9iIph2eq8HqJomv2PzeJ5yXtRP4=
35,93,46vlTqAUCWwfpbq/kO965zuiyXI=,9iIph2eq8HqJomv2PzeJ5yXtRP4=
35,92,46vlTqAUCWwfpbq/kO965zuiyXI=,9iIph2eq8HqJomv2PzeJ5yXtRP4=
34,82,46vlTqAUCWwfpbq/kO965zuiyXI=,+jIlqh3fUUl4SXF994sR07L67hM=
32,84,46vlTqAUCWwfpbq/kO965zuiyXI=,+jIlqh3fUUl4SXF994sR07L67hM=
32,82,46vlTqAUCWwfpbq/kO965zuiyXI=,+jIlqh3fUUl4SXF994sR07L67hM=
34,92,46vlTqAUCWwfpbq/kO965zuiyXI=,9iIph2eq8HqJomv2PzeJ5yXtRP4=
42,88,46vlTqAUCWwfpbq/kO965zuiyXI=,FOEqwDDG0bcXJoycPrUhPM3ap3c=
37,90,46vlTqAUCWwfpbq/kO965zuiyXI=,9iIph2eq8HqJomv2PzeJ5yXtRP4=
36,91,46vlTqAUCWwfpbq/kO965zuiyXI=,9iIph2eq8HqJomv2PzeJ5yXtRP4=
32,87,46vlTqAUCWwfpbq/kO965zuiyXI=,+jIlqh3fUUl4SXF994sR07L67hM=
32,85,3ZYwrlzIIUiHOmqlImvqDADwKlE=,+jIlqh3fUUl4SXF994sR07L67hM=
34,90,3ZYwrlzIIUiHOmqlImvqDADwKlE=,9iIph2eq8HqJomv2PzeJ5yXtRP4=
32,90,3ZYwrlzIIUiHOmqlImvqDADwKlE=,9iIph2eq8HqJomv2PzeJ5yXtRP4=
35,91,3ZYwrlzIIUiHOmqlImvqDADwKlE=,9iIph2eq8HqJomv2PzeJ5yXtRP4=
33,93,3ZYwrlzIIUiHOmqlImvqDADwKlE=,9iIph2eq8HqJomv2PzeJ5yXtRP4=
33,91,3ZYwrlzIIUiHOmqlImvqDADwKlE=,9iIph2eq8HqJomv2PzeJ5yXtRP4=
34,93,3ZYwrlzIIUiHOmqlImvqDADwKlE=,9iIph2eq8HqJomv2PzeJ5yXtRP4=
33,87,3ZYwrlzIIUiHOmqlImvqDADwKlE=,+jIlqh3fUUl4SXF994sR07L67hM=
34,89,3ZYwrlzIIUiHOmqlImvqDADwKlE=,9iIph2eq8HqJomv2PzeJ5yXtRP4=
33,86,3ZYwrlzIIUiHOmqlImvqDADwKlE=,+jIlqh3fUUl4SXF994sR07L67hM=
33,90,3ZYwrlzIIUiHOmqlImvqDADwKlE=,9iIph2eq8HqJomv2PzeJ5yXtRP4=
34,85,3ZYwrlzIIUiHOmqlImvqDADwKlE=,+jIlqh3fUUl4SXF994sR07L67hM=
35,90,3ZYwrlzIIUiHOmqlImvqDADwKlE=,9iIph2eq8HqJomv2PzeJ5yXtRP4=
35,89,3ZYwrlzIIUiHOmqlImvqDADwKlE=,9iIph2eq8HqJomv2PzeJ5yXtRP4=
38,90,3ZYwrlzIIUiHOmqlImvqDADwKlE=,9iIph2eq8HqJomv2PzeJ5yXtRP4=
35,85,3ZYwrlzIIUiHOmqlImvqDADwKlE=,+jIlqh3fUUl4SXF994sR07L67hM=
34,91,3ZYwrlzIIUiHOmqlImvqDADwKlE=,9iIph2eq8HqJomv2PzeJ5yXtRP4=
33,85,3ZYwrlzIIUiHOmqlImvqDADwKlE=,+jIlqh3fUUl4SXF994sR07L67hM=
34,84,3ZYwrlzIIUiHOmqlImvqDADwKlE=,+jIlqh3fUUl4SXF994sR07L67hM=
33,89,3ZYwrlzIIUiHOmqlImvqDADwKlE=,9iIph2eq8HqJomv2PzeJ5yXtRP4=
35,84,3ZYwrlzIIUiHOmqlImvqDADwKlE=,+jIlqh3fUUl4SXF994sR07L67hM=
35,88,3ZYwrlzIIUiHOmqlImvqDADwKlE=,9iIph2eq8HqJomv2PzeJ5yXtRP4=
34,86,3ZYwrlzIIUiHOmqlImvqDADwKlE=,+jIlqh3fUUl4SXF994sR07L67hM=
43,88,3ZYwrlzIIUiHOmqlImvqDADwKlE=,FOEqwDDG0bcXJoycPrUhPM3ap3c=
34,87,3ZYwrlzIIUiHOmqlImvqDADwKlE=,+jIlqh3fUUl4SXF994sR07L67hM=
35,87,3ZYwrlzIIUiHOmqlImvqDADwKlE=,+jIlqh3fUUl4SXF994sR07L67hM=
33,84,3ZYwrlzIIUiHOmqlImvqDADwKlE=,+jIlqh3fUUl4SXF994sR07L67hM=
35,86,3ZYwrlzIIUiHOmqlImvqDADwKlE=,+jIlqh3fUUl4SXF994sR07L67hM=
38,91,3ZYwrlzIIUiHOmqlImvqDADwKlE=,9iIph2eq8HqJomv2PzeJ5yXtRP4=
38,94,3ZYwrlzIIUiHOmqlImvqDADwKlE=,9iIph2eq8HqJomv2PzeJ5yXtRP4=
34,88,3ZYwrlzIIUiHOmqlImvqDADwKlE=,9iIph2eq8HqJomv2PzeJ5yXtRP4=
37,92,3ZYwrlzIIUiHOmqlImvqDADwKlE=,9iIph2eq8HqJomv2PzeJ5yXtRP4=
38,93,3ZYwrlzIIUiHOmqlImvqDADwKlE=,9iIph2eq8HqJomv2PzeJ5yXtRP4=
38,92,3ZYwrlzIIUiHOmqlImvqDADwKlE=,9iIph2eq8HqJomv2PzeJ5yXtRP4=
36,93,3ZYwrlzIIUiHOmqlImvqDADwKlE=,9iIph2eq8HqJomv2PzeJ5yXtRP4=
44,88,3ZYwrlzIIUiHOmqlImvqDADwKlE=,FOEqwDDG0bcXJoycPrUhPM3ap3c=
37,93,3ZYwrlzIIUiHOmqlImvqDADwKlE=,9iIph2eq8HqJomv2PzeJ5yXtRP4=
33,88,3ZYwrlzIIUiHOmqlImvqDADwKlE=,9iIph2eq8HqJomv2PzeJ5yXtRP4=
37,91,3ZYwrlzIIUiHOmqlImvqDADwKlE=,9iIph2eq8HqJomv2PzeJ5yXtRP4=
36,92,3ZYwrlzIIUiHOmqlImvqDADwKlE=,9iIph2eq8HqJomv2PzeJ5yXtRP4=
37,94,3ZYwrlzIIUiHOmqlImvqDADwKlE=,9iIph2eq8HqJomv2PzeJ5yXtRP4=
45,90,3ZYwrlzIIUiHOmqlImvqDADwKlE=,FOEqwDDG0bcXJoycPrUhPM3ap3c=
44,90,3ZYwrlzIIUiHOmqlImvqDADwKlE=,FOEqwDDG0bcXJoycPrUhPM3ap3c=
46,90,3ZYwrlzIIUiHOmqlImvqDADwKlE=,FOEqwDDG0bcXJoycPrUhPM3ap3c=
36,94,3ZYwrlzIIUiHOmqlImvqDADwKlE=,9iIph2eq8HqJomv2PzeJ5yXtRP4=
36,89,3ZYwrlzIIUiHOmqlImvqDADwKlE=,9iIph2eq8HqJomv2PzeJ5yXtRP4=
45,88,3ZYwrlzIIUiHOmqlImvqDADwKlE=,FOEqwDDG0bcXJoycPrUhPM3ap3c=
38,89,3ZYwrlzIIUiHOmqlImvqDADwKlE=,9iIph2eq8HqJomv2PzeJ5yXtRP4=
37,89,kd8n6WOXYdhNlu2L5aOWjIjKsgs=,9iIph2eq8HqJomv2PzeJ5yXtRP4=
46,88,kd8n6WOXYdhNlu2L5aOWjIjKsgs=,FOEqwDDG0bcXJoycPrUhPM3ap3c=
37,88,kd8n6WOXYdhNlu2L5aOWjIjKsgs=,9iIph2eq8HqJomv2PzeJ5yXtRP4=
36,88,kd8n6WOXYdhNlu2L5aOWjIjKsgs=,9iIph2eq8HqJomv2PzeJ5yXtRP4=
38,88,kd8n6WOXYdhNlu2L5aOWjIjKsgs=,9iIph2eq8HqJomv2PzeJ5yXtRP4=
42,91,kd8n6WOXYdhNlu2L5aOWjIjKsgs=,FOEqwDDG0bcXJoycPrUhPM3ap3c=
41,91,kd8n6WOXYdhNlu2L5aOWjIjKsgs=,FOEqwDDG0bcXJoycPrUhPM3ap3c=
40,91,kd8n6WOXYdhNlu2L5aOWjIjKsgs=,FOEqwDDG0bcXJoycPrUhPM3ap3c=
46,89,kd8n6WOXYdhNlu2L5aOWjIjKsgs=,FOEqwDDG0bcXJoycPrUhPM3ap3c=
44,89,kd8n6WOXYdhNlu2L5aOWjIjKsgs=,FOEqwDDG0bcXJoycPrUhPM3ap3c=
45,89,kd8n6WOXYdhNlu2L5aOWjIjKsgs=,FOEqwDDG0bcXJoycPrUhPM3ap3c=
47,95,kd8n6WOXYdhNlu2L5aOWjIjKsgs=,FOEqwDDG0bcXJoycPrUhPM3ap3c=
40,89,kd8n6WOXYdhNlu2L5aOWjIjKsgs=,FOEqwDDG0bcXJoycPrUhPM3ap3c=
46,95,kd8n6WOXYdhNlu2L5aOWjIjKsgs=,FOEqwDDG0bcXJoycPrUhPM3ap3c=
44,95,kd8n6WOXYdhNlu2L5aOWjIjKsgs=,FOEqwDDG0bcXJoycPrUhPM3ap3c=
45,95,kd8n6WOXYdhNlu2L5aOWjIjKsgs=,FOEqwDDG0bcXJoycPrUhPM3ap3c=
39,88,kd8n6WOXYdhNlu2L5aOWjIjKsgs=,9iIph2eq8HqJomv2PzeJ5yXtRP4=
41,89,kd8n6WOXYdhNlu2L5aOWjIjKsgs=,FOEqwDDG0bcXJoycPrUhPM3ap3c=
42,89,kd8n6WOXYdhNlu2L5aOWjIjKsgs=,FOEqwDDG0bcXJoycPrUhPM3ap3c=
39,89,kd8n6WOXYdhNlu2L5aOWjIjKsgs=,9iIph2eq8HqJomv2PzeJ5yXtRP4=
43,95,kd8n6WOXYdhNlu2L5aOWjIjKsgs=,FOEqwDDG0bcXJoycPrUhPM3ap3c=
47,88,kd8n6WOXYdhNlu2L5aOWjIjKsgs=,FOEqwDDG0bcXJoycPrUhPM3ap3c=
42,95,kd8n6WOXYdhNlu2L5aOWjIjKsgs=,FOEqwDDG0bcXJoycPrUhPM3ap3c=
39,95,kd8n6WOXYdhNlu2L5aOWjIjKsgs=,9iIph2eq8HqJomv2PzeJ5yXtRP4=
41,95,kd8n6WOXYdhNlu2L5aOWjIjKsgs=,FOEqwDDG0bcXJoycPrUhPM3ap3c=
40,90,kd8n6WOXYdhNlu2L5aOWjIjKsgs=,FOEqwDDG0bcXJoycPrUhPM3ap3c=
44,92,Mybzp4hE3fP/SwrPNAYTBmsaFf4=,FOEqwDDG0bcXJoycPrUhPM3ap3c=
38,95,Mybzp4hE3fP/SwrPNAYTBmsaFf4=,9iIph2eq8HqJomv2PzeJ5yXtRP4=
43,89,Mybzp4hE3fP/SwrPNAYTBmsaFf4=,FOEqwDDG0bcXJoycPrUhPM3ap3c=
47,94,Mybzp4hE3fP/SwrPNAYTBmsaFf4=,FOEqwDDG0bcXJoycPrUhPM3ap3c=
47,89,Mybzp4hE3fP/SwrPNAYTBmsaFf4=,FOEqwDDG0bcXJoycPrUhPM3ap3c=
37,95,Mybzp4hE3fP/SwrPNAYTBmsaFf4=,9iIph2eq8HqJomv2PzeJ5yXtRP4=
47,93,Mybzp4hE3fP/SwrPNAYTBmsaFf4=,FOEqwDDG0bcXJoycPrUhPM3ap3c=
43,92,Mybzp4hE3fP/SwrPNAYTBmsaFf4=,FOEqwDDG0bcXJoycPrUhPM3ap3c=
47,91,Mybzp4hE3fP/SwrPNAYTBmsaFf4=,FOEqwDDG0bcXJoycPrUhPM3ap3c=
47,92,Mybzp4hE3fP/SwrPNAYTBmsaFf4=,FOEqwDDG0bcXJoycPrUhPM3ap3c=
47,90,Mybzp4hE3fP/SwrPNAYTBmsaFf4=,FOEqwDDG0bcXJoycPrUhPM3ap3c=
43,90,Mybzp4hE3fP/SwrPNAYTBmsaFf4=,FOEqwDDG0bcXJoycPrUhPM3ap3c=
42,90,Mybzp4hE3fP/SwrPNAYTBmsaFf4=,FOEqwDDG0bcXJoycPrUhPM3ap3c=
41,92,Mybzp4hE3fP/SwrPNAYTBmsaFf4=,FOEqwDDG0bcXJoycPrUhPM3ap3c=
44,91,Mybzp4hE3fP/SwrPNAYTBmsaFf4=,FOEqwDDG0bcXJoycPrUhPM3ap3c=
46,91,Mybzp4hE3fP/SwrPNAYTBmsaFf4=,FOEqwDDG0bcXJoycPrUhPM3ap3c=
45,91,Mybzp4hE3fP/SwrPNAYTBmsaFf4=,FOEqwDDG0bcXJoycPrUhPM3ap3c=
36,95,Mybzp4hE3fP/SwrPNAYTBmsaFf4=,9iIph2eq8HqJomv2PzeJ5yXtRP4=
41,90,Mybzp4hE3fP/SwrPNAYTBmsaFf4=,FOEqwDDG0bcXJoycPrUhPM3ap3c=
40,95,Mybzp4hE3fP/SwrPNAYTBmsaFf4=,FOEqwDDG0bcXJoycPrUhPM3ap3c=
40,92,Mybzp4hE3fP/SwrPNAYTBmsaFf4=,FOEqwDDG0bcXJoycPrUhPM3ap3c=
42,92,Mybzp4hE3fP/SwrPNAYTBmsaFf4=,FOEqwDDG0bcXJoycPrUhPM3ap3c=
39,91,Mybzp4hE3fP/SwrPNAYTBmsaFf4=,9iIph2eq8HqJomv2PzeJ5yXtRP4=
39,90,Mybzp4hE3fP/SwrPNAYTBmsaFf4=,9iIph2eq8HqJomv2PzeJ5yXtRP4=
43,91,Mybzp4hE3fP/SwrPNAYTBmsaFf4=,FOEqwDDG0bcXJoycPrUhPM3ap3c=
55,85,eUW09/x21D10tUzYlccKyQDlVA0=,smCMVf3kI2WLB+6ju/CS1uH53wQ=
54,85,eUW09/x21D10tUzYlccKyQDlVA0=,smCMVf3kI2WLB+6ju/CS1uH53wQ=
59,87,eUW09/x21D10tUzYlccKyQDlVA0=,xv1PRjBvebkIqxrvF16j+dsI49w=
58,87,eUW09/x21D10tUzYlccKyQDlVA0=,xv1PRjBvebkIqxrvF16j+dsI49w=
57,87,eUW09/x21D10tUzYlccKyQDlVA0=,xv1PRjBvebkIqxrvF16j+dsI49w=
59,86,eUW09/x21D10tUzYlccKyQDlVA0=,xv1PRjBvebkIqxrvF16j+dsI49w=
58,86,eUW09/x21D10tUzYlccKyQDlVA0=,xv1PRjBvebkIqxrvF16j+dsI49w=
57,86,eUW09/x21D10tUzYlccKyQDlVA0=,xv1PRjBvebkIqxrvF16j+dsI49w=
55,86,eUW09/x21D10tUzYlccKyQDlVA0=,smCMVf3kI2WLB+6ju/CS1uH53wQ=
59,85,eUW09/x21D10tUzYlccKyQDlVA0=,xv1PRjBvebkIqxrvF16j+dsI49w=
58,85,eUW09/x21D10tUzYlccKyQDlVA0=,xv1PRjBvebkIqxrvF16j+dsI49w=
56,87,eUW09/x21D10tUzYlccKyQDlVA0=,xv1PRjBvebkIqxrvF16j+dsI49w=
57,85,eUW09/x21D10tUzYlccKyQDlVA0=,xv1PRjBvebkIqxrvF16j+dsI49w=
54,86,eUW09/x21D10tUzYlccKyQDlVA0=,smCMVf3kI2WLB+6ju/CS1uH53wQ=
55,87,eUW09/x21D10tUzYlccKyQDlVA0=,smCMVf3kI2WLB+6ju/CS1uH53wQ=
48,85,s168Z808OZ0s6/B7XIR4TnmxNbI=,smCMVf3kI2WLB+6ju/CS1uH53wQ=
48,84,s168Z808OZ0s6/B7XIR4TnmxNbI=,smCMVf3kI2WLB+6ju/CS1uH53wQ=
55,80,s168Z808OZ0s6/B7XIR4TnmxNbI=,smCMVf3kI2WLB+6ju/CS1uH53wQ=
48,86,s168Z808OZ0s6/B7XIR4TnmxNbI=,smCMVf3kI2WLB+6ju/CS1uH53wQ=
50,84,s168Z808OZ0s6/B7XIR4TnmxNbI=,smCMVf3kI2WLB+6ju/CS1uH53wQ=
51,84,s168Z808OZ0s6/B7XIR4TnmxNbI=,smCMVf3kI2WLB+6ju/CS1uH53wQ=
48,87,s168Z808OZ0s6/B7XIR4TnmxNbI=,smCMVf3kI2WLB+6ju/CS1uH53wQ=
54,80,s168Z808OZ0s6/B7XIR4TnmxNbI=,smCMVf3kI2WLB+6ju/CS1uH53wQ=
56,86,s168Z808OZ0s6/B7XIR4TnmxNbI=,xv1PRjBvebkIqxrvF16j+dsI49w=
55,88,s168Z808OZ0s6/B7XIR4TnmxNbI=,JFOKfaYiPaaGqahKjpGiuAZyySA=
49,90,s168Z808OZ0s6/B7XIR4TnmxNbI=,JFOKfaYiPaaGqahKjpGiuAZyySA=
48,89,s168Z808OZ0s6/B7XIR4TnmxNbI=,JFOKfaYiPaaGqahKjpGiuAZyySA=
55,81,s168Z808OZ0s6/B7XIR4TnmxNbI=,smCMVf3kI2WLB+6ju/CS1uH53wQ=
59,88,s168Z808OZ0s6/B7XIR4TnmxNbI=,DRpPvE4Ip5+cskBJLLyK/ETI8w8=
59,80,s168Z808OZ0s6/B7XIR4TnmxNbI=,xv1PRjBvebkIqxrvF16j+dsI49w=
53,86,s168Z808OZ0s6/B7XIR4TnmxNbI=,smCMVf3kI2WLB+6ju/CS1uH53wQ=
54,88,s168Z808OZ0s6/B7XIR4TnmxNbI=,JFOKfaYiPaaGqahKjpGiuAZyySA=
49,91,s168Z808OZ0s6/B7XIR4TnmxNbI=,JFOKfaYiPaaGqahKjpGiuAZyySA=
51,90,s168Z808OZ0s6/B7XIR4TnmxNbI=,JFOKfaYiPaaGqahKjpGiuAZyySA=
52,86,s168Z808OZ0s6/B7XIR4TnmxNbI=,smCMVf3kI2WLB+6ju/CS1uH53wQ=
48,91,s168Z808OZ0s6/B7XIR4TnmxNbI=,JFOKfaYiPaaGqahKjpGiuAZyySA=
58,80,s168Z808OZ0s6/B7XIR4TnmxNbI=,xv1PRjBvebkIqxrvF16j+dsI49w=
50,91,s168Z808OZ0s6/B7XIR4TnmxNbI=,JFOKfaYiPaaGqahKjpGiuAZyySA=
50,90,s168Z808OZ0s6/B7XIR4TnmxNbI=,JFOKfaYiPaaGqahKjpGiuAZyySA=
51,91,s168Z808OZ0s6/B7XIR4TnmxNbI=,JFOKfaYiPaaGqahKjpGiuAZyySA=
49,88,huinufGDJ99GHeLlYj2xMURL/fQ=,JFOKfaYiPaaGqahKjpGiuAZyySA=
48,90,huinufGDJ99GHeLlYj2xMURL/fQ=,JFOKfaYiPaaGqahKjpGiuAZyySA=
49,89,huinufGDJ99GHeLlYj2xMURL/fQ=,JFOKfaYiPaaGqahKjpGiuAZyySA=
56,95,huinufGDJ99GHeLlYj2xMURL/fQ=,DRpPvE4Ip5+cskBJLLyK/ETI8w8=
57,95,huinufGDJ99GHeLlYj2xMURL/fQ=,DRpPvE4Ip5+cskBJLLyK/ETI8w8=
51,89,huinufGDJ99GHeLlYj2xMURL/fQ=,JFOKfaYiPaaGqahKjpGiuAZyySA=
50,89,huinufGDJ99GHeLlYj2xMURL/fQ=,JFOKfaYiPaaGqahKjpGiuAZyySA=
56,94,huinufGDJ99GHeLlYj2xMURL/fQ=,DRpPvE4Ip5+cskBJLLyK/ETI8w8=
54,95,huinufGDJ99GHeLlYj2xMURL/fQ=,JFOKfaYiPaaGqahKjpGiuAZyySA=
58,88,huinufGDJ99GHeLlYj2xMURL/fQ=,DRpPvE4Ip5+cskBJLLyK/ETI8w8=
56,93,huinufGDJ99GHeLlYj2xMURL/fQ=,DRpPvE4Ip5+cskBJLLyK/ETI8w8=
58,95,huinufGDJ99GHeLlYj2xMURL/fQ=,DRpPvE4Ip5+cskBJLLyK/ETI8w8=
53,88,huinufGDJ99GHeLlYj2xMURL/fQ=,JFOKfaYiPaaGqahKjpGiuAZyySA=
56,92,huinufGDJ99GHeLlYj2xMURL/fQ=,DRpPvE4Ip5+cskBJLLyK/ETI8w8=
59,94,huinufGDJ99GHeLlYj2xMURL/fQ=,DRpPvE4Ip5+cskBJLLyK/ETI8w8=
57,94,huinufGDJ99GHeLlYj2xMURL/fQ=,DRpPvE4Ip5+cskBJLLyK/ETI8w8=
58,93,huinufGDJ99GHeLlYj2xMURL/fQ=,DRpPvE4Ip5+cskBJLLyK/ETI8w8=
57,93,huinufGDJ99GHeLlYj2xMURL/fQ=,DRpPvE4Ip5+cskBJLLyK/ETI8w8=
57,80,huinufGDJ99GHeLlYj2xMURL/fQ=,xv1PRjBvebkIqxrvF16j+dsI49w=
48,88,huinufGDJ99GHeLlYj2xMURL/fQ=,JFOKfaYiPaaGqahKjpGiuAZyySA=
53,82,huinufGDJ99GHeLlYj2xMURL/fQ=,smCMVf3kI2WLB+6ju/CS1uH53wQ=
56,82,huinufGDJ99GHeLlYj2xMURL/fQ=,xv1PRjBvebkIqxrvF16j+dsI49w=
56,81,huinufGDJ99GHeLlYj2xMURL/fQ=,xv1PRjBvebkIqxrvF16j+dsI49w=
52,82,huinufGDJ99GHeLlYj2xMURL/fQ=,smCMVf3kI2WLB+6ju/CS1uH53wQ=
58,94,huinufGDJ99GHeLlYj2xMURL/fQ=,DRpPvE4Ip5+cskBJLLyK/ETI8w8=
59,82,huinufGDJ99GHeLlYj2xMURL/fQ=,xv1PRjBvebkIqxrvF16j+dsI49w=
59,83,huinufGDJ99GHeLlYj2xMURL/fQ=,xv1PRjBvebkIqxrvF16j+dsI49w=
57,83,huinufGDJ99GHeLlYj2xMURL/fQ=,xv1PRjBvebkIqxrvF16j+dsI49w=
58,83,huinufGDJ99GHeLlYj2xMURL/fQ=,xv1PRjBvebkIqxrvF16j+dsI49w=
52,83,huinufGDJ99GHeLlYj2xMURL/fQ=,smCMVf3kI2WLB+6ju/CS1uH53wQ=
57,82,huinufGDJ99GHeLlYj2xMURL/fQ=,xv1PRjBvebkIqxrvF16j+dsI49w=
58,81,huinufGDJ99GHeLlYj2xMURL/fQ=,xv1PRjBvebkIqxrvF16j+dsI49w=
56,80,huinufGDJ99GHeLlYj2xMURL/fQ=,xv1PRjBvebkIqxrvF16j+dsI49w=
58,82,huinufGDJ99GHeLlYj2xMURL/fQ=,xv1PRjBvebkIqxrvF16j+dsI49w=
59,93,huinufGDJ99GHeLlYj2xMURL/fQ=,DRpPvE4Ip5+cskBJLLyK/ETI8w8=
59,81,huinufGDJ99GHeLlYj2xMURL/fQ=,xv1PRjBvebkIqxrvF16j+dsI49w=
52,80,huinufGDJ99GHeLlYj2xMURL/fQ=,smCMVf3kI2WLB+6ju/CS1uH53wQ=
53,80,huinufGDJ99GHeLlYj2xMURL/fQ=,smCMVf3kI2WLB+6ju/CS1uH53wQ=
53,95,huinufGDJ99GHeLlYj2xMURL/fQ=,JFOKfaYiPaaGqahKjpGiuAZyySA=
57,81,huinufGDJ99GHeLlYj2xMURL/fQ=,xv1PRjBvebkIqxrvF16j+dsI49w=
57,88,huinufGDJ99GHeLlYj2xMURL/fQ=,DRpPvE4Ip5+cskBJLLyK/ETI8w8=
59,84,huinufGDJ99GHeLlYj2xMURL/fQ=,xv1PRjBvebkIqxrvF16j+dsI49w=
63,87,huinufGDJ99GHeLlYj2xMURL/fQ=,xv1PRjBvebkIqxrvF16j+dsI49w=
63,86,huinufGDJ99GHeLlYj2xMURL/fQ=,xv1PRjBvebkIqxrvF16j+dsI49w=
59,92,X6hdshMxtJtlva6dZkKoAPQ3lAk=,DRpPvE4Ip5+cskBJLLyK/ETI8w8=
63,85,X6hdshMxtJtlva6dZkKoAPQ3lAk=,xv1PRjBvebkIqxrvF16j+dsI49w=
58,84,X6hdshMxtJtlva6dZkKoAPQ3lAk=,xv1PRjBvebkIqxrvF16j+dsI49w=
63,84,X6hdshMxtJtlva6dZkKoAPQ3lAk=,xv1PRjBvebkIqxrvF16j+dsI49w=
57,84,X6hdshMxtJtlva6dZkKoAPQ3lAk=,xv1PRjBvebkIqxrvF16j+dsI49w=
62,86,X6hdshMxtJtlva6dZkKoAPQ3lAk=,xv1PRjBvebkIqxrvF16j+dsI49w=
61,86,X6hdshMxtJtlva6dZkKoAPQ3lAk=,xv1PRjBvebkIqxrvF16j+dsI49w=
60,86,X6hdshMxtJtlva6dZkKoAPQ3lAk=,xv1PRjBvebkIqxrvF16j+dsI49w=
62,85,X6hdshMxtJtlva6dZkKoAPQ3lAk=,xv1PRjBvebkIqxrvF16j+dsI49w=
61,85,X6hdshMxtJtlva6dZkKoAPQ3lAk=,xv1PRjBvebkIqxrvF16j+dsI49w=
57,92,X6hdshMxtJtlva6dZkKoAPQ3lAk=,DRpPvE4Ip5+cskBJLLyK/ETI8w8=
60,85,X6hdshMxtJtlva6dZkKoAPQ3lAk=,xv1PRjBvebkIqxrvF16j+dsI49w=
62,84,X6hdshMxtJtlva6dZkKoAPQ3lAk=,xv1PRjBvebkIqxrvF16j+dsI49w=
61,84,X6hdshMxtJtlva6dZkKoAPQ3lAk=,xv1PRjBvebkIqxrvF16j+dsI49w=
60,84,X6hdshMxtJtlva6dZkKoAPQ3lAk=,xv1PRjBvebkIqxrvF16j+dsI49w=
51,86,X6hdshMxtJtlva6dZkKoAPQ3lAk=,smCMVf3kI2WLB+6ju/CS1uH53wQ=
62,87,X6hdshMxtJtlva6dZkKoAPQ3lAk=,xv1PRjBvebkIqxrvF16j+dsI49w=
61,87,X6hdshMxtJtlva6dZkKoAPQ3lAk=,xv1PRjBvebkIqxrvF16j+dsI49w=
60,87,X6hdshMxtJtlva6dZkKoAPQ3lAk=,xv1PRjBvebkIqxrvF16j+dsI49w=
58,92,X6hdshMxtJtlva6dZkKoAPQ3lAk=,DRpPvE4Ip5+cskBJLLyK/ETI8w8=
62,80,X6hdshMxtJtlva6dZkKoAPQ3lAk=,xv1PRjBvebkIqxrvF16j+dsI49w=
61,80,X6hdshMxtJtlva6dZkKoAPQ3lAk=,xv1PRjBvebkIqxrvF16j+dsI49w=
63,80,X6hdshMxtJtlva6dZkKoAPQ3lAk=,xv1PRjBvebkIqxrvF16j+dsI49w=
60,81,X6hdshMxtJtlva6dZkKoAPQ3lAk=,xv1PRjBvebkIqxrvF16j+dsI49w=
60,80,X6hdshMxtJtlva6dZkKoAPQ3lAk=,xv1PRjBvebkIqxrvF16j+dsI49w=
61,81,X6hdshMxtJtlva6dZkKoAPQ3lAk=,xv1PRjBvebkIqxrvF16j+dsI49w=
63,83,X6hdshMxtJtlva6dZkKoAPQ3lAk=,xv1PRjBvebkIqxrvF16j+dsI49w=
62,81,X6hdshMxtJtlva6dZkKoAPQ3lAk=,xv1PRjBvebkIqxrvF16j+dsI49w=
56,85,X6hdshMxtJtlva6dZkKoAPQ3lAk=,xv1PRjBvebkIqxrvF16j+dsI49w=
63,82,X6hdshMxtJtlva6dZkKoAPQ3lAk=,xv1PRjBvebkIqxrvF16j+dsI49w=
63,81,X6hdshMxtJtlva6dZkKoAPQ3lAk=,xv1PRjBvebkIqxrvF16j+dsI49w=
60,82,X6hdshMxtJtlva6dZkKoAPQ3lAk=,xv1PRjBvebkIqxrvF16j+dsI49w=
61,82,X6hdshMxtJtlva6dZkKoAPQ3lAk=,xv1PRjBvebkIqxrvF16j+dsI49w=
62,83,X6hdshMxtJtlva6dZkKoAPQ3lAk=,xv1PRjBvebkIqxrvF16j+dsI49w=
61,83,X6hdshMxtJtlva6dZkKoAPQ3lAk=,xv1PRjBvebkIqxrvF16j+dsI49w=
55,95,X6hdshMxtJtlva6dZkKoAPQ3lAk=,JFOKfaYiPaaGqahKjpGiuAZyySA=
49,80,X6hdshMxtJtlva6dZkKoAPQ3lAk=,smCMVf3kI2WLB+6ju/CS1uH53wQ=
60,83,X6hdshMxtJtlva6dZkKoAPQ3lAk=,xv1PRjBvebkIqxrvF16j+dsI49w=
62,82,X6hdshMxtJtlva6dZkKoAPQ3lAk=,xv1PRjBvebkIqxrvF16j+dsI49w=
48,95,X6hdshMxtJtlva6dZkKoAPQ3lAk=,JFOKfaYiPaaGqahKjpGiuAZyySA=
50,83,X6hdshMxtJtlva6dZkKoAPQ3lAk=,smCMVf3kI2WLB+6ju/CS1uH53wQ=
55,89,X6hdshMxtJtlva6dZkKoAPQ3lAk=,JFOKfaYiPaaGqahKjpGiuAZyySA=
50,82,X6hdshMxtJtlva6dZkKoAPQ3lAk=,smCMVf3kI2WLB+6ju/CS1uH53wQ=
51,83,X6hdshMxtJtlva6dZkKoAPQ3lAk=,smCMVf3kI2WLB+6ju/CS1uH53wQ=
48,80,X6hdshMxtJtlva6dZkKoAPQ3lAk=,smCMVf3kI2WLB+6ju/CS1uH53wQ=
59,95,X6hdshMxtJtlva6dZkKoAPQ3lAk=,DRpPvE4Ip5+cskBJLLyK/ETI8w8=
51,95,X6hdshMxtJtlva6dZkKoAPQ3lAk=,JFOKfaYiPaaGqahKjpGiuAZyySA=
49,82,X6hdshMxtJtlva6dZkKoAPQ3lAk=,smCMVf3kI2WLB+6ju/CS1uH53wQ=
49,83,X6hdshMxtJtlva6dZkKoAPQ3lAk=,smCMVf3kI2WLB+6ju/CS1uH53wQ=
52,92,X6hdshMxtJtlva6dZkKoAPQ3lAk=,JFOKfaYiPaaGqahKjpGiuAZyySA=
52,95,X6hdshMxtJtlva6dZkKoAPQ3lAk=,JFOKfaYiPaaGqahKjpGiuAZyySA=
50,92,X6hdshMxtJtlva6dZkKoAPQ3lAk=,JFOKfaYiPaaGqahKjpGiuAZyySA=
49,92,X6hdshMxtJtlva6dZkKoAPQ3lAk=,JFOKfaYiPaaGqahKjpGiuAZyySA=
63,95,X6hdshMxtJtlva6dZkKoAPQ3lAk=,DRpPvE4Ip5+cskBJLLyK/ETI8w8=
51,80,X6hdshMxtJtlva6dZkKoAPQ3lAk=,smCMVf3kI2WLB+6ju/CS1uH53wQ=
50,80,X6hdshMxtJtlva6dZkKoAPQ3lAk=,smCMVf3kI2WLB+6ju/CS1uH53wQ=
55,94,X6hdshMxtJtlva6dZkKoAPQ3lAk=,JFOKfaYiPaaGqahKjpGiuAZyySA=
50,95,A1vUiylfAkIl4lkYFVx8AXI9RLA=,JFOKfaYiPaaGqahKjpGiuAZyySA=
54,92,A1vUiylfAkIl4lkYFVx8AXI9RLA=,JFOKfaYiPaaGqahKjpGiuAZyySA=
56,90,A1vUiylfAkIl4lkYFVx8AXI9RLA=,DRpPvE4Ip5+cskBJLLyK/ETI8w8=
54,89,A1vUiylfAkIl4lkYFVx8AXI9RLA=,JFOKfaYiPaaGqahKjpGiuAZyySA=
53,92,A1vUiylfAkIl4lkYFVx8AXI9RLA=,JFOKfaYiPaaGqahKjpGiuAZyySA=
53,89,A1vUiylfAkIl4lkYFVx8AXI9RLA=,JFOKfaYiPaaGqahKjpGiuAZyySA=
48,83,A1vUiylfAkIl4lkYFVx8AXI9RLA=,smCMVf3kI2WLB+6ju/CS1uH53wQ=
63,89,A1vUiylfAkIl4lkYFVx8AXI9RLA=,DRpPvE4Ip5+cskBJLLyK/ETI8w8=
55,92,A1vUiylfAkIl4lkYFVx8AXI9RLA=,JFOKfaYiPaaGqahKjpGiuAZyySA=
48,81,A1vUiylfAkIl4lkYFVx8AXI9RLA=,smCMVf3kI2WLB+6ju/CS1uH53wQ=
52,89,A1vUiylfAkIl4lkYFVx8AXI9RLA=,JFOKfaYiPaaGqahKjpGiuAZyySA=
49,95,A1vUiylfAkIl4lkYFVx8AXI9RLA=,JFOKfaYiPaaGqahKjpGiuAZyySA=
55,91,A1vUiylfAkIl4lkYFVx8AXI9RLA=,JFOKfaYiPaaGqahKjpGiuAZyySA=
54,91,A1vUiylfAkIl4lkYFVx8AXI9RLA=,JFOKfaYiPaaGqahKjpGiuAZyySA=
48,82,A1vUiylfAkIl4lkYFVx8AXI9RLA=,smCMVf3kI2WLB+6ju/CS1uH53wQ=
52,91,A1vUiylfAkIl4lkYFVx8AXI9RLA=,JFOKfaYiPaaGqahKjpGiuAZyySA=
63,88,A1vUiylfAkIl4lkYFVx8AXI9RLA=,DRpPvE4Ip5+cskBJLLyK/ETI8w8=
50,81,A1vUiylfAkIl4lkYFVx8AXI9RLA=,smCMVf3kI2WLB+6ju/CS1uH53wQ=
54,94,A1vUiylfAkIl4lkYFVx8AXI9RLA=,JFOKfaYiPaaGqahKjpGiuAZyySA=
56,89,A1vUiylfAkIl4lkYFVx8AXI9RLA=,DRpPvE4Ip5+cskBJLLyK/ETI8w8=
49,81,A1vUiylfAkIl4lkYFVx8AXI9RLA=,smCMVf3kI2WLB+6ju/CS1uH53wQ=
48,93,A1vUiylfAkIl4lkYFVx8AXI9RLA=,JFOKfaYiPaaGqahKjpGiuAZyySA=
53,91,A1vUiylfAkIl4lkYFVx8AXI9RLA=,JFOKfaYiPaaGqahKjpGiuAZyySA=
54,90,A1vUiylfAkIl4lkYFVx8AXI9RLA=,JFOKfaYiPaaGqahKjpGiuAZyySA=
53,90,A1vUiylfAkIl4lkYFVx8AXI9RLA=,JFOKfaYiPaaGqahKjpGiuAZyySA=
55,90,A1vUiylfAkIl4lkYFVx8AXI9RLA=,JFOKfaYiPaaGqahKjpGiuAZyySA=
52,90,A1vUiylfAkIl4lkYFVx8AXI9RLA=,JFOKfaYiPaaGqahKjpGiuAZyySA=
56,83,A1vUiylfAkIl4lkYFVx8AXI9RLA=,xv1PRjBvebkIqxrvF16j+dsI49w=
51,82,xRYtDmEUK3584ejanDbWcN0+qrc=,smCMVf3kI2WLB+6ju/CS1uH53wQ=
56,84,xRYtDmEUK3584ejanDbWcN0+qrc=,xv1PRjBvebkIqxrvF16j+dsI49w=
53,83,xRYtDmEUK3584ejanDbWcN0+qrc=,smCMVf3kI2WLB+6ju/CS1uH53wQ=
49,86,xRYtDmEUK3584ejanDbWcN0+qrc=,smCMVf3kI2WLB+6ju/CS1uH53wQ=
63,94,xRYtDmEUK3584ejanDbWcN0+qrc=,DRpPvE4Ip5+cskBJLLyK/ETI8w8=
52,84,xRYtDmEUK3584ejanDbWcN0+qrc=,smCMVf3kI2WLB+6ju/CS1uH53wQ=
54,83,xRYtDmEUK3584ejanDbWcN0+qrc=,smCMVf3kI2WLB+6ju/CS1uH53wQ=
49,87,xRYtDmEUK3584ejanDbWcN0+qrc=,smCMVf3kI2WLB+6ju/CS1uH53wQ=
50,87,xRYtDmEUK3584ejanDbWcN0+qrc=,smCMVf3kI2WLB+6ju/CS1uH53wQ=
56,91,xRYtDmEUK3584ejanDbWcN0+qrc=,DRpPvE4Ip5+cskBJLLyK/ETI8w8=
52,87,xRYtDmEUK3584ejanDbWcN0+qrc=,smCMVf3kI2WLB+6ju/CS1uH53wQ=
53,87,xRYtDmEUK3584ejanDbWcN0+qrc=,smCMVf3kI2WLB+6ju/CS1uH53wQ=
51,87,xRYtDmEUK3584ejanDbWcN0+qrc=,smCMVf3kI2WLB+6ju/CS1uH53wQ=
51,81,xRYtDmEUK3584ejanDbWcN0+qrc=,smCMVf3kI2WLB+6ju/CS1uH53wQ=
57,90,xRYtDmEUK3584ejanDbWcN0+qrc=,DRpPvE4Ip5+cskBJLLyK/ETI8w8=
58,89,xRYtDmEUK3584ejanDbWcN0+qrc=,DRpPvE4Ip5+cskBJLLyK/ETI8w8=
50,86,xRYtDmEUK3584ejanDbWcN0+qrc=,smCMVf3kI2WLB+6ju/CS1uH53wQ=
53,84,xRYtDmEUK3584ejanDbWcN0+qrc=,smCMVf3kI2WLB+6ju/CS1uH53wQ=
52,81,xRYtDmEUK3584ejanDbWcN0+qrc=,smCMVf3kI2WLB+6ju/CS1uH53wQ=
49,84,xRYtDmEUK3584ejanDbWcN0+qrc=,smCMVf3kI2WLB+6ju/CS1uH53wQ=
48,94,xRYtDmEUK3584ejanDbWcN0+qrc=,JFOKfaYiPaaGqahKjpGiuAZyySA=
59,91,xRYtDmEUK3584ejanDbWcN0+qrc=,DRpPvE4Ip5+cskBJLLyK/ETI8w8=
53,81,xRYtDmEUK3584ejanDbWcN0+qrc=,smCMVf3kI2WLB+6ju/CS1uH53wQ=
54,84,xRYtDmEUK3584ejanDbWcN0+qrc=,smCMVf3kI2WLB+6ju/CS1uH53wQ=
55,84,xRYtDmEUK3584ejanDbWcN0+qrc=,smCMVf3kI2WLB+6ju/CS1uH53wQ=
49,85,xRYtDmEUK3584ejanDbWcN0+qrc=,smCMVf3kI2WLB+6ju/CS1uH53wQ=
55,82,xRYtDmEUK3584ejanDbWcN0+qrc=,smCMVf3kI2WLB+6ju/CS1uH53wQ=
54,82,xRYtDmEUK3584ejanDbWcN0+qrc=,smCMVf3kI2WLB+6ju/CS1uH53wQ=
55,83,xRYtDmEUK3584ejanDbWcN0+qrc=,smCMVf3kI2WLB+6ju/CS1uH53wQ=
54,81,xRYtDmEUK3584ejanDbWcN0+qrc=,smCMVf3kI2WLB+6ju/CS1uH53wQ=
50,88,xRYtDmEUK3584ejanDbWcN0+qrc=,JFOKfaYiPaaGqahKjpGiuAZyySA=
51,88,xRYtDmEUK3584ejanDbWcN0+qrc=,JFOKfaYiPaaGqahKjpGiuAZyySA=
59,90,xRYtDmEUK3584ejanDbWcN0+qrc=,DRpPvE4Ip5+cskBJLLyK/ETI8w8=
50,85,xRYtDmEUK3584ejanDbWcN0+qrc=,smCMVf3kI2WLB+6ju/CS1uH53wQ=
51,85,xRYtDmEUK3584ejanDbWcN0+qrc=,smCMVf3kI2WLB+6ju/CS1uH53wQ=
52,85,xRYtDmEUK3584ejanDbWcN0+qrc=,smCMVf3kI2WLB+6ju/CS1uH53wQ=
53,85,xRYtDmEUK3584ejanDbWcN0+qrc=,smCMVf3kI2WLB+6ju/CS1uH53wQ=
54,87,xRYtDmEUK3584ejanDbWcN0+qrc=,smCMVf3kI2WLB+6ju/CS1uH53wQ=
63,93,xRYtDmEUK3584ejanDbWcN0+qrc=,DRpPvE4Ip5+cskBJLLyK/ETI8w8=
53,94,xRYtDmEUK3584ejanDbWcN0+qrc=,JFOKfaYiPaaGqahKjpGiuAZyySA=
58,90,xRYtDmEUK3584ejanDbWcN0+qrc=,DRpPvE4Ip5+cskBJLLyK/ETI8w8=
57,89,xRYtDmEUK3584ejanDbWcN0+qrc=,DRpPvE4Ip5+cskBJLLyK/ETI8w8=
57,91,xRYtDmEUK3584ejanDbWcN0+qrc=,DRpPvE4Ip5+cskBJLLyK/ETI8w8=
59,89,xRYtDmEUK3584ejanDbWcN0+qrc=,DRpPvE4Ip5+cskBJLLyK/ETI8w8=
58,91,xRYtDmEUK3584ejanDbWcN0+qrc=,DRpPvE4Ip5+cskBJLLyK/ETI8w8=
52,88,xRYtDmEUK3584ejanDbWcN0+qrc=,JFOKfaYiPaaGqahKjpGiuAZyySA=
56,88,xRYtDmEUK3584ejanDbWcN0+qrc=,DRpPvE4Ip5+cskBJLLyK/ETI8w8=
51,92,xRYtDmEUK3584ejanDbWcN0+qrc=,JFOKfaYiPaaGqahKjpGiuAZyySA=
48,92,xRYtDmEUK3584ejanDbWcN0+qrc=,JFOKfaYiPaaGqahKjpGiuAZyySA=
49,94,BcSRArSAz6JYNjwi4xyFHa3hR70=,JFOKfaYiPaaGqahKjpGiuAZyySA=
50,94,BcSRArSAz6JYNjwi4xyFHa3hR70=,JFOKfaYiPaaGqahKjpGiuAZyySA=
63,92,BcSRArSAz6JYNjwi4xyFHa3hR70=,DRpPvE4Ip5+cskBJLLyK/ETI8w8=
51,93,BcSRArSAz6JYNjwi4xyFHa3hR70=,JFOKfaYiPaaGqahKjpGiuAZyySA=
49,93,BcSRArSAz6JYNjwi4xyFHa3hR70=,JFOKfaYiPaaGqahKjpGiuAZyySA=
50,93,BcSRArSAz6JYNjwi4xyFHa3hR70=,JFOKfaYiPaaGqahKjpGiuAZyySA=
53,93,BcSRArSAz6JYNjwi4xyFHa3hR70=,JFOKfaYiPaaGqahKjpGiuAZyySA=
61,90,BcSRArSAz6JYNjwi4xyFHa3hR70=,DRpPvE4Ip5+cskBJLLyK/ETI8w8=
51,94,BcSRArSAz6JYNjwi4xyFHa3hR70=,JFOKfaYiPaaGqahKjpGiuAZyySA=
60,90,BcSRArSAz6JYNjwi4xyFHa3hR70=,DRpPvE4Ip5+cskBJLLyK/ETI8w8=
62,90,BcSRArSAz6JYNjwi4xyFHa3hR70=,DRpPvE4Ip5+cskBJLLyK/ETI8w8=
62,91,BcSRArSAz6JYNjwi4xyFHa3hR70=,DRpPvE4Ip5+cskBJLLyK/ETI8w8=
61,91,BcSRArSAz6JYNjwi4xyFHa3hR70=,DRpPvE4Ip5+cskBJLLyK/ETI8w8=
55,93,BcSRArSAz6JYNjwi4xyFHa3hR70=,JFOKfaYiPaaGqahKjpGiuAZyySA=
52,93,BcSRArSAz6JYNjwi4xyFHa3hR70=,JFOKfaYiPaaGqahKjpGiuAZyySA=
60,92,BcSRArSAz6JYNjwi4xyFHa3hR70=,DRpPvE4Ip5+cskBJLLyK/ETI8w8=
61,92,BcSRArSAz6JYNjwi4xyFHa3hR70=,DRpPvE4Ip5+cskBJLLyK/ETI8w8=
52,94,BcSRArSAz6JYNjwi4xyFHa3hR70=,JFOKfaYiPaaGqahKjpGiuAZyySA=
54,93,BcSRArSAz6JYNjwi4xyFHa3hR70=,JFOKfaYiPaaGqahKjpGiuAZyySA=
60,91,BcSRArSAz6JYNjwi4xyFHa3hR70=,DRpPvE4Ip5+cskBJLLyK/ETI8w8=
63,91,BcSRArSAz6JYNjwi4xyFHa3hR70=,DRpPvE4Ip5+cskBJLLyK/ETI8w8=
60,93,hOOCHsUOi/agQeB+j2SERe51qrc=,DRpPvE4Ip5+cskBJLLyK/ETI8w8=
62,92,hOOCHsUOi/agQeB+j2SERe51qrc=,DRpPvE4Ip5+cskBJLLyK/ETI8w8=
61,93,hOOCHsUOi/agQeB+j2SERe51qrc=,DRpPvE4Ip5+cskBJLLyK/ETI8w8=
60,89,hOOCHsUOi/agQeB+j2SERe51qrc=,DRpPvE4Ip5+cskBJLLyK/ETI8w8=
61,94,hOOCHsUOi/agQeB+j2SERe51qrc=,DRpPvE4Ip5+cskBJLLyK/ETI8w8=
61,89,hOOCHsUOi/agQeB+j2SERe51qrc=,DRpPvE4Ip5+cskBJLLyK/ETI8w8=
60,88,hOOCHsUOi/agQeB+j2SERe51qrc=,DRpPvE4Ip5+cskBJLLyK/ETI8w8=
62,93,hOOCHsUOi/agQeB+j2SERe51qrc=,DRpPvE4Ip5+cskBJLLyK/ETI8w8=
62,95,hOOCHsUOi/agQeB+j2SERe51qrc=,DRpPvE4Ip5+cskBJLLyK/ETI8w8=
60,94,hOOCHsUOi/agQeB+j2SERe51qrc=,DRpPvE4Ip5+cskBJLLyK/ETI8w8=
62,94,hOOCHsUOi/agQeB+j2SERe51qrc=,DRpPvE4Ip5+cskBJLLyK/ETI8w8=
62,89,hOOCHsUOi/agQeB+j2SERe51qrc=,DRpPvE4Ip5+cskBJLLyK/ETI8w8=
61,88,hOOCHsUOi/agQeB+j2SERe51qrc=,DRpPvE4Ip5+cskBJLLyK/ETI8w8=
60,95,hOOCHsUOi/agQeB+j2SERe51qrc=,DRpPvE4Ip5+cskBJLLyK/ETI8w8=
62,88,hOOCHsUOi/agQeB+j2SERe51qrc=,DRpPvE4Ip5+cskBJLLyK/ETI8w8=
63,90,hOOCHsUOi/agQeB+j2SERe51qrc=,DRpPvE4Ip5+cskBJLLyK/ETI8w8=
61,95,hOOCHsUOi/agQeB+j2SERe51qrc=,DRpPvE4Ip5+cskBJLLyK/ETI8w8=
52,72,9l2m9hzhUJvzr0m303KO/v6DDP0=,ZOynaUpphi4HOPni0nvG8L+vCSg=
55,72,9l2m9hzhUJvzr0m303KO/v6DDP0=,ZOynaUpphi4HOPni0nvG8L+vCSg=
53,72,9l2m9hzhUJvzr0m303KO/v6DDP0=,ZOynaUpphi4HOPni0nvG8L+vCSg=
55,68,9l2m9hzhUJvzr0m303KO/v6DDP0=,eQFbcrLt/JUZLj3VccgaqpJGSJo=
54,72,9l2m9hzhUJvzr0m303KO/v6DDP0=,ZOynaUpphi4HOPni0nvG8L+vCSg=
55,71,9l2m9hzhUJvzr0m303KO/v6DDP0=,eQFbcrLt/JUZLj3VccgaqpJGSJo=
54,68,6pJ2/T2wv1g1XG6I+Gv2hA9Hs/w=,eQFbcrLt/JUZLj3VccgaqpJGSJo=
56,64,6pJ2/T2wv1g1XG6I+Gv2hA9Hs/w=,akhmbZPRnhkDCJEzosuYKa8CeF8=
53,64,6pJ2/T2wv1g1XG6I+Gv2hA9Hs/w=,eQFbcrLt/JUZLj3VccgaqpJGSJo=
56,71,6pJ2/T2wv1g1XG6I+Gv2hA9Hs/w=,akhmbZPRnhkDCJEzosuYKa8CeF8=
59,64,6pJ2/T2wv1g1XG6I+Gv2hA9Hs/w=,akhmbZPRnhkDCJEzosuYKa8CeF8=
53,68,6pJ2/T2wv1g1XG6I+Gv2hA9Hs/w=,eQFbcrLt/JUZLj3VccgaqpJGSJo=
55,64,6pJ2/T2wv1g1XG6I+Gv2hA9Hs/w=,eQFbcrLt/JUZLj3VccgaqpJGSJo=
52,64,6pJ2/T2wv1g1XG6I+Gv2hA9Hs/w=,eQFbcrLt/JUZLj3VccgaqpJGSJo=
54,64,6pJ2/T2wv1g1XG6I+Gv2hA9Hs/w=,eQFbcrLt/JUZLj3VccgaqpJGSJo=
63,71,6pJ2/T2wv1g1XG6I+Gv2hA9Hs/w=,akhmbZPRnhkDCJEzosuYKa8CeF8=
59,65,7k9BH1YoHZq/P+pkqgQRt4gYTZM=,akhmbZPRnhkDCJEzosuYKa8CeF8=
58,64,7k9BH1YoHZq/P+pkqgQRt4gYTZM=,akhmbZPRnhkDCJEzosuYKa8CeF8=
55,69,7k9BH1YoHZq/P+pkqgQRt4gYTZM=,eQFbcrLt/JUZLj3VccgaqpJGSJo=
48,71,7k9BH1YoHZq/P+pkqgQRt4gYTZM=,eQFbcrLt/JUZLj3VccgaqpJGSJo=
63,73,7k9BH1YoHZq/P+pkqgQRt4gYTZM=,2tR8kgb5dVLQW8ID+6Qm4BGDG8o=
57,65,7k9BH1YoHZq/P+pkqgQRt4gYTZM=,akhmbZPRnhkDCJEzosuYKa8CeF8=
57,66,7k9BH1YoHZq/P+pkqgQRt4gYTZM=,akhmbZPRnhkDCJEzosuYKa8CeF8=
63,70,7k9BH1YoHZq/P+pkqgQRt4gYTZM=,akhmbZPRnhkDCJEzosuYKa8CeF8=
58,65,7k9BH1YoHZq/P+pkqgQRt4gYTZM=,akhmbZPRnhkDCJEzosuYKa8CeF8=
56,70,7k9BH1YoHZq/P+pkqgQRt4gYTZM=,akhmbZPRnhkDCJEzosuYKa8CeF8=
63,69,7k9BH1YoHZq/P+pkqgQRt4gYTZM=,akhmbZPRnhkDCJEzosuYKa8CeF8=
63,79,7k9BH1YoHZq/P+pkqgQRt4gYTZM=,2tR8kgb5dVLQW8ID+6Qm4BGDG8o=
48,68,7k9BH1YoHZq/P+pkqgQRt4gYTZM=,eQFbcrLt/JUZLj3VccgaqpJGSJo=
55,70,7k9BH1YoHZq/P+pkqgQRt4gYTZM=,eQFbcrLt/JUZLj3VccgaqpJGSJo=
57,64,7k9BH1YoHZq/P+pkqgQRt4gYTZM=,akhmbZPRnhkDCJEzosuYKa8CeF8=
59,66,7k9BH1YoHZq/P+pkqgQRt4gYTZM=,akhmbZPRnhkDCJEzosuYKa8CeF8=
58,66,7k9BH1YoHZq/P+pkqgQRt4gYTZM=,akhmbZPRnhkDCJEzosuYKa8CeF8=
63,72,7k9BH1YoHZq/P+pkqgQRt4gYTZM=,2tR8kgb5dVLQW8ID+6Qm4BGDG8o=
60,74,8bIV56vfEqMUDzurQcUjA9yCVw0=,2tR8kgb5dVLQW8ID+6Qm4BGDG8o=
57,67,8bIV56vfEqMUDzurQcUjA9yCVw0=,akhmbZPRnhkDCJEzosuYKa8CeF8=
61,74,8bIV56vfEqMUDzurQcUjA9yCVw0=,2tR8kgb5dVLQW8ID+6Qm4BGDG8o=
63,68,8bIV56vfEqMUDzurQcUjA9yCVw0=,akhmbZPRnhkDCJEzosuYKa8CeF8=
60,71,8bIV56vfEqMUDzurQcUjA9yCVw0=,akhmbZPRnhkDCJEzosuYKa8CeF8=
58,67,8bIV56vfEqMUDzurQcUjA9yCVw0=,akhmbZPRnhkDCJEzosuYKa8CeF8=
62,69,8bIV56vfEqMUDzurQcUjA9yCVw0=,akhmbZPRnhkDCJEzosuYKa8CeF8=
62,70,8bIV56vfEqMUDzurQcUjA9yCVw0=,akhmbZPRnhkDCJEzosuYKa8CeF8=
62,79,8bIV56vfEqMUDzurQcUjA9yCVw0=,2tR8kgb5dVLQW8ID+6Qm4BGDG8o=
60,79,8bIV56vfEqMUDzurQcUjA9yCVw0=,2tR8kgb5dVLQW8ID+6Qm4BGDG8o=
61,68,8bIV56vfEqMUDzurQcUjA9yCVw0=,akhmbZPRnhkDCJEzosuYKa8CeF8=
61,69,8bIV56vfEqMUDzurQcUjA9yCVw0=,akhmbZPRnhkDCJEzosuYKa8CeF8=
63,78,8bIV56vfEqMUDzurQcUjA9yCVw0=,2tR8kgb5dVLQW8ID+6Qm4BGDG8o=
61,79,8bIV56vfEqMUDzurQcUjA9yCVw0=,2tR8kgb5dVLQW8ID+6Qm4BGDG8o=
62,68,8bIV56vfEqMUDzurQcUjA9yCVw0=,akhmbZPRnhkDCJEzosuYKa8CeF8=
63,77,8bIV56vfEqMUDzurQcUjA9yCVw0=,2tR8kgb5dVLQW8ID+6Qm4BGDG8o=
54,70,8bIV56vfEqMUDzurQcUjA9yCVw0=,eQFbcrLt/JUZLj3VccgaqpJGSJo=
63,76,8bIV56vfEqMUDzurQcUjA9yCVw0=,2tR8kgb5dVLQW8ID+6Qm4BGDG8o=
60,68,8bIV56vfEqMUDzurQcUjA9yCVw0=,akhmbZPRnhkDCJEzosuYKa8CeF8=
61,78,8bIV56vfEqMUDzurQcUjA9yCVw0=,2tR8kgb5dVLQW8ID+6Qm4BGDG8o=
56,66,8bIV56vfEqMUDzurQcUjA9yCVw0=,akhmbZPRnhkDCJEzosuYKa8CeF8=
60,78,8bIV56vfEqMUDzurQcUjA9yCVw0=,2tR8kgb5dVLQW8ID+6Qm4BGDG8o=
62,78,8bIV56vfEqMUDzurQcUjA9yCVw0=,2tR8kgb5dVLQW8ID+6Qm4BGDG8o=
62,77,8bIV56vfEqMUDzurQcUjA9yCVw0=,2tR8kgb5dVLQW8ID+6Qm4BGDG8o=
60,77,8bIV56vfEqMUDzurQcUjA9yCVw0=,2tR8kgb5dVLQW8ID+6Qm4BGDG8o=
62,76,8bIV56vfEqMUDzurQcUjA9yCVw0=,2tR8kgb5dVLQW8ID+6Qm4BGDG8o=
60,69,8bIV56vfEqMUDzurQcUjA9yCVw0=,akhmbZPRnhkDCJEzosuYKa8CeF8=
60,76,8bIV56vfEqMUDzurQcUjA9yCVw0=,2tR8kgb5dVLQW8ID+6Qm4BGDG8o=
61,77,8bIV56vfEqMUDzurQcUjA9yCVw0=,2tR8kgb5dVLQW8ID+6Qm4BGDG8o=
61,76,8bIV56vfEqMUDzurQcUjA9yCVw0=,2tR8kgb5dVLQW8ID+6Qm4BGDG8o=
63,75,8bIV56vfEqMUDzurQcUjA9yCVw0=,2tR8kgb5dVLQW8ID+6Qm4BGDG8o=
62,71,TrkOOTviV/fT4iPv9xZZ3BbNX9M=,akhmbZPRnhkDCJEzosuYKa8CeF8=
60,70,TrkOOTviV/fT4iPv9xZZ3BbNX9M=,akhmbZPRnhkDCJEzosuYKa8CeF8=
61,70,TrkOOTviV/fT4iPv9xZZ3BbNX9M=,akhmbZPRnhkDCJEzosuYKa8CeF8=
48,72,TrkOOTviV/fT4iPv9xZZ3BbNX9M=,ZOynaUpphi4HOPni0nvG8L+vCSg=
49,74,TrkOOTviV/fT4iPv9xZZ3BbNX9M=,ZOynaUpphi4HOPni0nvG8L+vCSg=
48,70,TrkOOTviV/fT4iPv9xZZ3BbNX9M=,eQFbcrLt/JUZLj3VccgaqpJGSJo=
50,70,TrkOOTviV/fT4iPv9xZZ3BbNX9M=,eQFbcrLt/JUZLj3VccgaqpJGSJo=
49,70,TrkOOTviV/fT4iPv9xZZ3BbNX9M=,eQFbcrLt/JUZLj3VccgaqpJGSJo=
61,71,TrkOOTviV/fT4iPv9xZZ3BbNX9M=,akhmbZPRnhkDCJEzosuYKa8CeF8=
51,71,TrkOOTviV/fT4iPv9xZZ3BbNX9M=,eQFbcrLt/JUZLj3VccgaqpJGSJo=
48,69,TrkOOTviV/fT4iPv9xZZ3BbNX9M=,eQFbcrLt/JUZLj3VccgaqpJGSJo=
50,71,TrkOOTviV/fT4iPv9xZZ3BbNX9M=,eQFbcrLt/JUZLj3VccgaqpJGSJo=
49,71,TrkOOTviV/fT4iPv9xZZ3BbNX9M=,eQFbcrLt/JUZLj3VccgaqpJGSJo=
52,68,TrkOOTviV/fT4iPv9xZZ3BbNX9M=,eQFbcrLt/JUZLj3VccgaqpJGSJo=
56,65,TrkOOTviV/fT4iPv9xZZ3BbNX9M=,akhmbZPRnhkDCJEzosuYKa8CeF8=
61,72,TrkOOTviV/fT4iPv9xZZ3BbNX9M=,2tR8kgb5dVLQW8ID+6Qm4BGDG8o=
62,72,TrkOOTviV/fT4iPv9xZZ3BbNX9M=,2tR8kgb5dVLQW8ID+6Qm4BGDG8o=
63,74,TrkOOTviV/fT4iPv9xZZ3BbNX9M=,2tR8kgb5dVLQW8ID+6Qm4BGDG8o=
62,73,TrkOOTviV/fT4iPv9xZZ3BbNX9M=,2tR8kgb5dVLQW8ID+6Qm4BGDG8o=
61,73,TrkOOTviV/fT4iPv9xZZ3BbNX9M=,2tR8kgb5dVLQW8ID+6Qm4BGDG8o=
60,72,TrkOOTviV/fT4iPv9xZZ3BbNX9M=,2tR8kgb5dVLQW8ID+6Qm4BGDG8o=
48,75,TrkOOTviV/fT4iPv9xZZ3BbNX9M=,ZOynaUpphi4HOPni0nvG8L+vCSg=
60,73,TrkOOTviV/fT4iPv9xZZ3BbNX9M=,2tR8kgb5dVLQW8ID+6Qm4BGDG8o=
54,69,TrkOOTviV/fT4iPv9xZZ3BbNX9M=,eQFbcrLt/JUZLj3VccgaqpJGSJo=
51,72,TrkOOTviV/fT4iPv9xZZ3BbNX9M=,ZOynaUpphi4HOPni0nvG8L+vCSg=
61,75,TrkOOTviV/fT4iPv9xZZ3BbNX9M=,2tR8kgb5dVLQW8ID+6Qm4BGDG8o=
62,75,TrkOOTviV/fT4iPv9xZZ3BbNX9M=,2tR8kgb5dVLQW8ID+6Qm4BGDG8o=
59,67,TrkOOTviV/fT4iPv9xZZ3BbNX9M=,akhmbZPRnhkDCJEzosuYKa8CeF8=
62,74,TrkOOTviV/fT4iPv9xZZ3BbNX9M=,2tR8kgb5dVLQW8ID+6Qm4BGDG8o=
60,75,TrkOOTviV/fT4iPv9xZZ3BbNX9M=,2tR8kgb5dVLQW8ID+6Qm4BGDG8o=
48,74,lHqNhelXZbWpUrsMb3dIrAf0v84=,ZOynaUpphi4HOPni0nvG8L+vCSg=
48,73,lHqNhelXZbWpUrsMb3dIrAf0v84=,ZOynaUpphi4HOPni0nvG8L+vCSg=
50,72,lHqNhelXZbWpUrsMb3dIrAf0v84=,ZOynaUpphi4HOPni0nvG8L+vCSg=
51,73,lHqNhelXZbWpUrsMb3dIrAf0v84=,ZOynaUpphi4HOPni0nvG8L+vCSg=
50,75,lHqNhelXZbWpUrsMb3dIrAf0v84=,ZOynaUpphi4HOPni0nvG8L+vCSg=
50,73,lHqNhelXZbWpUrsMb3dIrAf0v84=,ZOynaUpphi4HOPni0nvG8L+vCSg=
50,74,lHqNhelXZbWpUrsMb3dIrAf0v84=,ZOynaUpphi4HOPni0nvG8L+vCSg=
51,75,lHqNhelXZbWpUrsMb3dIrAf0v84=,ZOynaUpphi4HOPni0nvG8L+vCSg=
49,73,lHqNhelXZbWpUrsMb3dIrAf0v84=,ZOynaUpphi4HOPni0nvG8L+vCSg=
49,75,lHqNhelXZbWpUrsMb3dIrAf0v84=,ZOynaUpphi4HOPni0nvG8L+vCSg=
51,74,lHqNhelXZbWpUrsMb3dIrAf0v84=,ZOynaUpphi4HOPni0nvG8L+vCSg=
55,79,lHqNhelXZbWpUrsMb3dIrAf0v84=,ZOynaUpphi4HOPni0nvG8L+vCSg=
56,79,lHqNhelXZbWpUrsMb3dIrAf0v84=,2tR8kgb5dVLQW8ID+6Qm4BGDG8o=
55,73,lHqNhelXZbWpUrsMb3dIrAf0v84=,ZOynaUpphi4HOPni0nvG8L+vCSg=
51,79,lHqNhelXZbWpUrsMb3dIrAf0v84=,ZOynaUpphi4HOPni0nvG8L+vCSg=
54,79,lHqNhelXZbWpUrsMb3dIrAf0v84=,ZOynaUpphi4HOPni0nvG8L+vCSg=
57,76,lHqNhelXZbWpUrsMb3dIrAf0v84=,2tR8kgb5dVLQW8ID+6Qm4BGDG8o=
50,79,s18F28f/Ed/msvX/X46e42hKpYA=,ZOynaUpphi4HOPni0nvG8L+vCSg=
49,72,s18F28f/Ed/msvX/X46e42hKpYA=,ZOynaUpphi4HOPni0nvG8L+vCSg=
58,76,s18F28f/Ed/msvX/X46e42hKpYA=,2tR8kgb5dVLQW8ID+6Qm4BGDG8o=
53,79,s18F28f/Ed/msvX/X46e42hKpYA=,ZOynaUpphi4HOPni0nvG8L+vCSg=
61,65,s18F28f/Ed/msvX/X46e42hKpYA=,akhmbZPRnhkDCJEzosuYKa8CeF8=
54,73,s18F28f/Ed/msvX/X46e42hKpYA=,ZOynaUpphi4HOPni0nvG8L+vCSg=
60,65,s18F28f/Ed/msvX/X46e42hKpYA=,akhmbZPRnhkDCJEzosuYKa8CeF8=
63,67,s18F28f/Ed/msvX/X46e42hKpYA=,akhmbZPRnhkDCJEzosuYKa8CeF8=
52,79,s18F28f/Ed/msvX/X46e42hKpYA=,ZOynaUpphi4HOPni0nvG8L+vCSg=
59,79,s18F28f/Ed/msvX/X46e42hKpYA=,2tR8kgb5dVLQW8ID+6Qm4BGDG8o=
55,65,s18F28f/Ed/msvX/X46e42hKpYA=,eQFbcrLt/JUZLj3VccgaqpJGSJo=
58,79,s18F28f/Ed/msvX/X46e42hKpYA=,2tR8kgb5dVLQW8ID+6Qm4BGDG8o=
54,71,s18F28f/Ed/msvX/X46e42hKpYA=,eQFbcrLt/JUZLj3VccgaqpJGSJo=
63,64,s18F28f/Ed/msvX/X46e42hKpYA=,akhmbZPRnhkDCJEzosuYKa8CeF8=
62,65,s18F28f/Ed/msvX/X46e42hKpYA=,akhmbZPRnhkDCJEzosuYKa8CeF8=
55,78,s18F28f/Ed/msvX/X46e42hKpYA=,ZOynaUpphi4HOPni0nvG8L+vCSg=
56,78,s18F28f/Ed/msvX/X46e42hKpYA=,2tR8kgb5dVLQW8ID+6Qm4BGDG8o=
57,79,s18F28f/Ed/msvX/X46e42hKpYA=,2tR8kgb5dVLQW8ID+6Qm4BGDG8o=
53,78,s18F28f/Ed/msvX/X46e42hKpYA=,ZOynaUpphi4HOPni0nvG8L+vCSg=
54,78,s18F28f/Ed/msvX/X46e42hKpYA=,ZOynaUpphi4HOPni0nvG8L+vCSg=
48,64,s18F28f/Ed/msvX/X46e42hKpYA=,eQFbcrLt/JUZLj3VccgaqpJGSJo=
53,77,s18F28f/Ed/msvX/X46e42hKpYA=,ZOynaUpphi4HOPni0nvG8L+vCSg=
54,77,s18F28f/Ed/msvX/X46e42hKpYA=,ZOynaUpphi4HOPni0nvG8L+vCSg=
52,78,s18F28f/Ed/msvX/X46e42hKpYA=,ZOynaUpphi4HOPni0nvG8L+vCSg=
55,77,s18F28f/Ed/msvX/X46e42hKpYA=,ZOynaUpphi4HOPni0nvG8L+vCSg=
52,77,s18F28f/Ed/msvX/X46e42hKpYA=,ZOynaUpphi4HOPni0nvG8L+vCSg=
55,76,s18F28f/Ed/msvX/X46e42hKpYA=,ZOynaUpphi4HOPni0nvG8L+vCSg=
56,77,s18F28f/Ed/msvX/X46e42hKpYA=,2tR8kgb5dVLQW8ID+6Qm4BGDG8o=
54,76,s18F28f/Ed/msvX/X46e42hKpYA=,ZOynaUpphi4HOPni0nvG8L+vCSg=
53,76,s18F28f/Ed/msvX/X46e42hKpYA=,ZOynaUpphi4HOPni0nvG8L+vCSg=
52,76,s18F28f/Ed/msvX/X46e42hKpYA=,ZOynaUpphi4HOPni0nvG8L+vCSg=
56,74,s18F28f/Ed/msvX/X46e42hKpYA=,2tR8kgb5dVLQW8ID+6Qm4BGDG8o=
59,78,s18F28f/Ed/msvX/X46e42hKpYA=,2tR8kgb5dVLQW8ID+6Qm4BGDG8o=
58,78,s18F28f/Ed/msvX/X46e42hKpYA=,2tR8kgb5dVLQW8ID+6Qm4BGDG8o=
57,78,s18F28f/Ed/msvX/X46e42hKpYA=,2tR8kgb5dVLQW8ID+6Qm4BGDG8o=
56,76,s18F28f/Ed/msvX/X46e42hKpYA=,2tR8kgb5dVLQW8ID+6Qm4BGDG8o=
59,77,s18F28f/Ed/msvX/X46e42hKpYA=,2tR8kgb5dVLQW8ID+6Qm4BGDG8o=
58,77,s18F28f/Ed/msvX/X46e42hKpYA=,2tR8kgb5dVLQW8ID+6Qm4BGDG8o=
63,66,s18F28f/Ed/msvX/X46e42hKpYA=,akhmbZPRnhkDCJEzosuYKa8CeF8=
49,79,s18F28f/Ed/msvX/X46e42hKpYA=,ZOynaUpphi4HOPni0nvG8L+vCSg=
48,77,s18F28f/Ed/msvX/X46e42hKpYA=,ZOynaUpphi4HOPni0nvG8L+vCSg=
57,77,s18F28f/Ed/msvX/X46e42hKpYA=,2tR8kgb5dVLQW8ID+6Qm4BGDG8o=
59,76,s18F28f/Ed/msvX/X46e42hKpYA=,2tR8kgb5dVLQW8ID+6Qm4BGDG8o=
51,78,s18F28f/Ed/msvX/X46e42hKpYA=,ZOynaUpphi4HOPni0nvG8L+vCSg=
48,78,s18F28f/Ed/msvX/X46e42hKpYA=,ZOynaUpphi4HOPni0nvG8L+vCSg=
51,77,s18F28f/Ed/msvX/X46e42hKpYA=,ZOynaUpphi4HOPni0nvG8L+vCSg=
50,77,s18F28f/Ed/msvX/X46e42hKpYA=,ZOynaUpphi4HOPni0nvG8L+vCSg=
48,76,s18F28f/Ed/msvX/X46e42hKpYA=,ZOynaUpphi4HOPni0nvG8L+vCSg=
51,76,s18F28f/Ed/msvX/X46e42hKpYA=,ZOynaUpphi4HOPni0nvG8L+vCSg=
50,78,s18F28f/Ed/msvX/X46e42hKpYA=,ZOynaUpphi4HOPni0nvG8L+vCSg=
49,78,s18F28f/Ed/msvX/X46e42hKpYA=,ZOynaUpphi4HOPni0nvG8L+vCSg=
48,79,s18F28f/Ed/msvX/X46e42hKpYA=,ZOynaUpphi4HOPni0nvG8L+vCSg=
50,76,s18F28f/Ed/msvX/X46e42hKpYA=,ZOynaUpphi4HOPni0nvG8L+vCSg=
49,76,s18F28f/Ed/msvX/X46e42hKpYA=,ZOynaUpphi4HOPni0nvG8L+vCSg=
49,77,s18F28f/Ed/msvX/X46e42hKpYA=,ZOynaUpphi4HOPni0nvG8L+vCSg=
53,73,s18F28f/Ed/msvX/X46e42hKpYA=,ZOynaUpphi4HOPni0nvG8L+vCSg=
61,67,s18F28f/Ed/msvX/X46e42hKpYA=,akhmbZPRnhkDCJEzosuYKa8CeF8=
48,66,s18F28f/Ed/msvX/X46e42hKpYA=,eQFbcrLt/JUZLj3VccgaqpJGSJo=
62,66,s18F28f/Ed/msvX/X46e42hKpYA=,akhmbZPRnhkDCJEzosuYKa8CeF8=
53,70,w4iLx59Bjl3suSwNycATHgwbqO0=,eQFbcrLt/JUZLj3VccgaqpJGSJo=
49,65,w4iLx59Bjl3suSwNycATHgwbqO0=,eQFbcrLt/JUZLj3VccgaqpJGSJo=
54,65,w4iLx59Bjl3suSwNycATHgwbqO0=,eQFbcrLt/JUZLj3VccgaqpJGSJo=
63,65,w4iLx59Bjl3suSwNycATHgwbqO0=,akhmbZPRnhkDCJEzosuYKa8CeF8=
60,67,w4iLx59Bjl3suSwNycATHgwbqO0=,akhmbZPRnhkDCJEzosuYKa8CeF8=
60,66,w4iLx59Bjl3suSwNycATHgwbqO0=,akhmbZPRnhkDCJEzosuYKa8CeF8=
52,73,w4iLx59Bjl3suSwNycATHgwbqO0=,ZOynaUpphi4HOPni0nvG8L+vCSg=
61,66,w4iLx59Bjl3suSwNycATHgwbqO0=,akhmbZPRnhkDCJEzosuYKa8CeF8=
55,75,w4iLx59Bjl3suSwNycATHgwbqO0=,ZOynaUpphi4HOPni0nvG8L+vCSg=
54,75,w4iLx59Bjl3suSwNycATHgwbqO0=,ZOynaUpphi4HOPni0nvG8L+vCSg=
52,75,w4iLx59Bjl3suSwNycATHgwbqO0=,ZOynaUpphi4HOPni0nvG8L+vCSg=
55,74,w4iLx59Bjl3suSwNycATHgwbqO0=,ZOynaUpphi4HOPni0nvG8L+vCSg=
56,73,w4iLx59Bjl3suSwNycATHgwbqO0=,2tR8kgb5dVLQW8ID+6Qm4BGDG8o=
50,67,w4iLx59Bjl3suSwNycATHgwbqO0=,eQFbcrLt/JUZLj3VccgaqpJGSJo=
52,74,w4iLx59Bjl3suSwNycATHgwbqO0=,ZOynaUpphi4HOPni0nvG8L+vCSg=
53,75,w4iLx59Bjl3suSwNycATHgwbqO0=,ZOynaUpphi4HOPni0nvG8L+vCSg=
53,74,w4iLx59Bjl3suSwNycATHgwbqO0=,ZOynaUpphi4HOPni0nvG8L+vCSg=
54,74,w4iLx59Bjl3suSwNycATHgwbqO0=,ZOynaUpphi4HOPni0nvG8L+vCSg=
58,68,w4iLx59Bjl3suSwNycATHgwbqO0=,akhmbZPRnhkDCJEzosuYKa8CeF8=
62,64,w4iLx59Bjl3suSwNycATHgwbqO0=,akhmbZPRnhkDCJEzosuYKa8CeF8=
48,67,MD7pg1/xDfr0fl2Zg4t+aKH2IhE=,eQFbcrLt/JUZLj3VccgaqpJGSJo=
59,68,MD7pg1/xDfr0fl2Zg4t+aKH2IhE=,akhmbZPRnhkDCJEzosuYKa8CeF8=
58,70,MD7pg1/xDfr0fl2Zg4t+aKH2IhE=,akhmbZPRnhkDCJEzosuYKa8CeF8=
59,72,MD7pg1/xDfr0fl2Zg4t+aKH2IhE=,2tR8kgb5dVLQW8ID+6Qm4BGDG8o=
57,71,MD7pg1/xDfr0fl2Zg4t+aKH2IhE=,akhmbZPRnhkDCJEzosuYKa8CeF8=
59,71,MD7pg1/xDfr0fl2Zg4t+aKH2IhE=,akhmbZPRnhkDCJEzosuYKa8CeF8=
56,75,MD7pg1/xDfr0fl2Zg4t+aKH2IhE=,2tR8kgb5dVLQW8ID+6Qm4BGDG8o=
57,68,MD7pg1/xDfr0fl2Zg4t+aKH2IhE=,akhmbZPRnhkDCJEzosuYKa8CeF8=
57,72,MD7pg1/xDfr0fl2Zg4t+aKH2IhE=,2tR8kgb5dVLQW8ID+6Qm4BGDG8o=
59,69,MD7pg1/xDfr0fl2Zg4t+aKH2IhE=,akhmbZPRnhkDCJEzosuYKa8CeF8=
58,69,MD7pg1/xDfr0fl2Zg4t+aKH2IhE=,akhmbZPRnhkDCJEzosuYKa8CeF8=
59,74,MD7pg1/xDfr0fl2Zg4t+aKH2IhE=,2tR8kgb5dVLQW8ID+6Qm4BGDG8o=
59,70,MD7pg1/xDfr0fl2Zg4t+aKH2IhE=,akhmbZPRnhkDCJEzosuYKa8CeF8=
57,74,MD7pg1/xDfr0fl2Zg4t+aKH2IhE=,2tR8kgb5dVLQW8ID+6Qm4BGDG8o=
58,71,MD7pg1/xDfr0fl2Zg4t+aKH2IhE=,akhmbZPRnhkDCJEzosuYKa8CeF8=
58,72,MD7pg1/xDfr0fl2Zg4t+aKH2IhE=,2tR8kgb5dVLQW8ID+6Qm4BGDG8o=
59,73,MD7pg1/xDfr0fl2Zg4t+aKH2IhE=,2tR8kgb5dVLQW8ID+6Qm4BGDG8o=
57,69,MD7pg1/xDfr0fl2Zg4t+aKH2IhE=,akhmbZPRnhkDCJEzosuYKa8CeF8=
58,73,MD7pg1/xDfr0fl2Zg4t+aKH2IhE=,2tR8kgb5dVLQW8ID+6Qm4BGDG8o=
57,75,MD7pg1/xDfr0fl2Zg4t+aKH2IhE=,2tR8kgb5dVLQW8ID+6Qm4BGDG8o=
57,70,MD7pg1/xDfr0fl2Zg4t+aKH2IhE=,akhmbZPRnhkDCJEzosuYKa8CeF8=
49,69,MD7pg1/xDfr0fl2Zg4t+aKH2IhE=,eQFbcrLt/JUZLj3VccgaqpJGSJo=
51,69,MD7pg1/xDfr0fl2Zg4t+aKH2IhE=,eQFbcrLt/JUZLj3VccgaqpJGSJo=
53,69,MD7pg1/xDfr0fl2Zg4t+aKH2IhE=,eQFbcrLt/JUZLj3VccgaqpJGSJo=
61,64,MD7pg1/xDfr0fl2Zg4t+aKH2IhE=,akhmbZPRnhkDCJEzosuYKa8CeF8=
56,67,MD7pg1/xDfr0fl2Zg4t+aKH2IhE=,akhmbZPRnhkDCJEzosuYKa8CeF8=
58,74,f+3StqxrUetKOfjY903+7lpn2jM=,2tR8kgb5dVLQW8ID+6Qm4BGDG8o=
56,68,f+3StqxrUetKOfjY903+7lpn2jM=,akhmbZPRnhkDCJEzosuYKa8CeF8=
57,73,f+3StqxrUetKOfjY903+7lpn2jM=,2tR8kgb5dVLQW8ID+6Qm4BGDG8o=
59,75,f+3StqxrUetKOfjY903+7lpn2jM=,2tR8kgb5dVLQW8ID+6Qm4BGDG8o=
58,75,f+3StqxrUetKOfjY903+7lpn2jM=,2tR8kgb5dVLQW8ID+6Qm4BGDG8o=
48,65,f+3StqxrUetKOfjY903+7lpn2jM=,eQFbcrLt/JUZLj3VccgaqpJGSJo=
50,69,f+3StqxrUetKOfjY903+7lpn2jM=,eQFbcrLt/JUZLj3VccgaqpJGSJo=
52,65,f+3StqxrUetKOfjY903+7lpn2jM=,eQFbcrLt/JUZLj3VccgaqpJGSJo=
52,69,f+3StqxrUetKOfjY903+7lpn2jM=,eQFbcrLt/JUZLj3VccgaqpJGSJo=
51,65,f+3StqxrUetKOfjY903+7lpn2jM=,eQFbcrLt/JUZLj3VccgaqpJGSJo=
51,70,f+3StqxrUetKOfjY903+7lpn2jM=,eQFbcrLt/JUZLj3VccgaqpJGSJo=
56,72,f+3StqxrUetKOfjY903+7lpn2jM=,2tR8kgb5dVLQW8ID+6Qm4BGDG8o=
52,71,f+3StqxrUetKOfjY903+7lpn2jM=,eQFbcrLt/JUZLj3VccgaqpJGSJo=
52,67,f+3StqxrUetKOfjY903+7lpn2jM=,eQFbcrLt/JUZLj3VccgaqpJGSJo=
49,64,f+3StqxrUetKOfjY903+7lpn2jM=,eQFbcrLt/JUZLj3VccgaqpJGSJo=
50,66,f+3StqxrUetKOfjY903+7lpn2jM=,eQFbcrLt/JUZLj3VccgaqpJGSJo=
53,65,f+3StqxrUetKOfjY903+7lpn2jM=,eQFbcrLt/JUZLj3VccgaqpJGSJo=
52,70,f+3StqxrUetKOfjY903+7lpn2jM=,eQFbcrLt/JUZLj3VccgaqpJGSJo=
51,66,oOR2QHTHI0lw0RWalPeE9ZKERi4=,eQFbcrLt/JUZLj3VccgaqpJGSJo=
52,66,oOR2QHTHI0lw0RWalPeE9ZKERi4=,eQFbcrLt/JUZLj3VccgaqpJGSJo=
50,68,oOR2QHTHI0lw0RWalPeE9ZKERi4=,eQFbcrLt/JUZLj3VccgaqpJGSJo=
56,69,oOR2QHTHI0lw0RWalPeE9ZKERi4=,akhmbZPRnhkDCJEzosuYKa8CeF8=
51,68,oOR2QHTHI0lw0RWalPeE9ZKERi4=,eQFbcrLt/JUZLj3VccgaqpJGSJo=
55,67,oOR2QHTHI0lw0RWalPeE9ZKERi4=,eQFbcrLt/JUZLj3VccgaqpJGSJo=
53,71,oOR2QHTHI0lw0RWalPeE9ZKERi4=,eQFbcrLt/JUZLj3VccgaqpJGSJo=
60,64,oOR2QHTHI0lw0RWalPeE9ZKERi4=,akhmbZPRnhkDCJEzosuYKa8CeF8=
49,68,oOR2QHTHI0lw0RWalPeE9ZKERi4=,eQFbcrLt/JUZLj3VccgaqpJGSJo=
53,67,oOR2QHTHI0lw0RWalPeE9ZKERi4=,eQFbcrLt/JUZLj3VccgaqpJGSJo=
53,66,oOR2QHTHI0lw0RWalPeE9ZKERi4=,eQFbcrLt/JUZLj3VccgaqpJGSJo=
50,65,oOR2QHTHI0lw0RWalPeE9ZKERi4=,eQFbcrLt/JUZLj3VccgaqpJGSJo=
55,66,oOR2QHTHI0lw0RWalPeE9ZKERi4=,eQFbcrLt/JUZLj3VccgaqpJGSJo=
50,64,oOR2QHTHI0lw0RWalPeE9ZKERi4=,eQFbcrLt/JUZLj3VccgaqpJGSJo=
54,67,oOR2QHTHI0lw0RWalPeE9ZKERi4=,eQFbcrLt/JUZLj3VccgaqpJGSJo=
62,67,oOR2QHTHI0lw0RWalPeE9ZKERi4=,akhmbZPRnhkDCJEzosuYKa8CeF8=
54,66,oOR2QHTHI0lw0RWalPeE9ZKERi4=,eQFbcrLt/JUZLj3VccgaqpJGSJo=
51,64,oOR2QHTHI0lw0RWalPeE9ZKERi4=,eQFbcrLt/JUZLj3VccgaqpJGSJo=
49,67,oOR2QHTHI0lw0RWalPeE9ZKERi4=,eQFbcrLt/JUZLj3VccgaqpJGSJo=
49,66,oOR2QHTHI0lw0RWalPeE9ZKERi4=,eQFbcrLt/JUZLj3VccgaqpJGSJo=
51,67,tKaZxBDKhmNUw6+o4pF6YzMxx60=,eQFbcrLt/JUZLj3VccgaqpJGSJo=
