56,-69,XvwlzgoQhb1QB28ICiYngeG5qmc=,l38esOwwdGpD0PJ44U+WISHgvm0=
56,-71,XvwlzgoQhb1QB28ICiYngeG5qmc=,l38esOwwdGpD0PJ44U+WISHgvm0=
56,-70,XvwlzgoQhb1QB28ICiYngeG5qmc=,l38esOwwdGpD0PJ44U+WISHgvm0=
57,-69,XvwlzgoQhb1QB28ICiYngeG5qmc=,l38esOwwdGpD0PJ44U+WISHgvm0=
57,-72,XvwlzgoQhb1QB28ICiYngeG5qmc=,l38esOwwdGpD0PJ44U+WISHgvm0=
59,-70,XvwlzgoQhb1QB28ICiYngeG5qmc=,l38esOwwdGpD0PJ44U+WISHgvm0=
56,-72,XvwlzgoQhb1QB28ICiYngeG5qmc=,l38esOwwdGpD0PJ44U+WISHgvm0=
58,-70,XvwlzgoQhb1QB28ICiYngeG5qmc=,l38esOwwdGpD0PJ44U+WISHgvm0=
59,-71,XvwlzgoQhb1QB28ICiYngeG5qmc=,l38esOwwdGpD0PJ44U+WISHgvm0=
58,-71,XvwlzgoQhb1QB28ICiYngeG5qmc=,l38esOwwdGpD0PJ44U+WISHgvm0=
57,-71,XvwlzgoQhb1QB28ICiYngeG5qmc=,l38esOwwdGpD0PJ44U+WISHgvm0=
57,-70,XvwlzgoQhb1QB28ICiYngeG5qmc=,l38esOwwdGpD0PJ44U+WISHgvm0=
59,-69,XvwlzgoQhb1QB28ICiYngeG5qmc=,l38esOwwdGpD0PJ44U+WISHgvm0=
52,-71,g5TxSaWZD3GVUKA0w7i7Lou8YtY=,zGnt5ZMsYbvX9XA3lBqX8XPviHk=
59,-72,g5TxSaWZD3GVUKA0w7i7Lou8YtY=,l38esOwwdGpD0PJ44U+WISHgvm0=
58,-69,g5TxSaWZD3GVUKA0w7i7Lou8YtY=,l38esOwwdGpD0PJ44U+WISHgvm0=
53,-72,g5TxSaWZD3GVUKA0w7i7Lou8YtY=,zGnt5ZMsYbvX9XA3lBqX8XPviHk=
58,-72,g5TxSaWZD3GVUKA0w7i7Lou8YtY=,l38esOwwdGpD0PJ44U+WISHgvm0=
56,-75,g5TxSaWZD3GVUKA0w7i7Lou8YtY=,zZvH4li4thBr48GWvA5xBqZwjfU=
55,-73,g5TxSaWZD3GVUKA0w7i7Lou8YtY=,LSqBhrC+S68udLZD17cjbFn6VzM=
54,-73,g5TxSaWZD3GVUKA0w7i7Lou8YtY=,LSqBhrC+S68udLZD17cjbFn6VzM=
55,-71,g5TxSaWZD3GVUKA0w7i7Lou8YtY=,zGnt5ZMsYbvX9XA3lBqX8XPviHk=
53,-73,g5TxSaWZD3GVUKA0w7i7Lou8YtY=,LSqBhrC+S68udLZD17cjbFn6VzM=
52,-72,g5TxSaWZD3GVUKA0w7i7Lou8YtY=,zGnt5ZMsYbvX9XA3lBqX8XPviHk=
52,-73,g5TxSaWZD3GVUKA0w7i7Lou8YtY=,LSqBhrC+S68udLZD17cjbFn6VzM=
57,-76,g5TxSaWZD3GVUKA0w7i7Lou8YtY=,zZvH4li4thBr48GWvA5xBqZwjfU=
55,-74,g5TxSaWZD3GVUKA0w7i7Lou8YtY=,LSqBhrC+S68udLZD17cjbFn6VzM=
54,-74,g5TxSaWZD3GVUKA0w7i7Lou8YtY=,LSqBhrC+S68udLZD17cjbFn6VzM=
53,-74,g5TxSaWZD3GVUKA0w7i7Lou8YtY=,LSqBhrC+S68udLZD17cjbFn6VzM=
52,-70,g5TxSaWZD3GVUKA0w7i7Lou8YtY=,zGnt5ZMsYbvX9XA3lBqX8XPviHk=
52,-74,g5TxSaWZD3GVUKA0w7i7Lou8YtY=,LSqBhrC+S68udLZD17cjbFn6VzM=
56,-76,g5TxSaWZD3GVUKA0w7i7Lou8YtY=,zZvH4li4thBr48GWvA5xBqZwjfU=
53,-70,g5TxSaWZD3GVUKA0w7i7Lou8YtY=,zGnt5ZMsYbvX9XA3lBqX8XPviHk=
58,-76,g5TxSaWZD3GVUKA0w7i7Lou8YtY=,zZvH4li4thBr48GWvA5xBqZwjfU=
59,-76,g5TxSaWZD3GVUKA0w7i7Lou8YtY=,zZvH4li4thBr48GWvA5xBqZwjfU=
55,-75,g5TxSaWZD3GVUKA0w7i7Lou8YtY=,LSqBhrC+S68udLZD17cjbFn6VzM=
57,-75,g5TxSaWZD3GVUKA0w7i7Lou8YtY=,zZvH4li4thBr48GWvA5xBqZwjfU=
58,-75,g5TxSaWZD3GVUKA0w7i7Lou8YtY=,zZvH4li4thBr48GWvA5xBqZwjfU=
59,-75,g5TxSaWZD3GVUKA0w7i7Lou8YtY=,zZvH4li4thBr48GWvA5xBqZwjfU=
54,-75,g5TxSaWZD3GVUKA0w7i7Lou8YtY=,LSqBhrC+S68udLZD17cjbFn6VzM=
57,-74,g5TxSaWZD3GVUKA0w7i7Lou8YtY=,zZvH4li4thBr48GWvA5xBqZwjfU=
53,-75,g5TxSaWZD3GVUKA0w7i7Lou8YtY=,LSqBhrC+S68udLZD17cjbFn6VzM=
52,-75,g5TxSaWZD3GVUKA0w7i7Lou8YtY=,LSqBhrC+S68udLZD17cjbFn6VzM=
55,-76,g5TxSaWZD3GVUKA0w7i7Lou8YtY=,LSqBhrC+S68udLZD17cjbFn6VzM=
54,-72,g5TxSaWZD3GVUKA0w7i7Lou8YtY=,zGnt5ZMsYbvX9XA3lBqX8XPviHk=
54,-76,g5TxSaWZD3GVUKA0w7i7Lou8YtY=,LSqBhrC+S68udLZD17cjbFn6VzM=
53,-76,g5TxSaWZD3GVUKA0w7i7Lou8YtY=,LSqBhrC+S68udLZD17cjbFn6VzM=
54,-70,g5TxSaWZD3GVUKA0w7i7Lou8YtY=,zGnt5ZMsYbvX9XA3lBqX8XPviHk=
52,-76,g5TxSaWZD3GVUKA0w7i7Lou8YtY=,LSqBhrC+S68udLZD17cjbFn6VzM=
56,-74,g5TxSaWZD3GVUKA0w7i7Lou8YtY=,zZvH4li4thBr48GWvA5xBqZwjfU=
53,-71,g5TxSaWZD3GVUKA0w7i7Lou8YtY=,zGnt5ZMsYbvX9XA3lBqX8XPviHk=
56,-73,g5TxSaWZD3GVUKA0w7i7Lou8YtY=,zZvH4li4thBr48GWvA5xBqZwjfU=
59,-73,g5TxSaWZD3GVUKA0w7i7Lou8YtY=,zZvH4li4thBr48GWvA5xBqZwjfU=
58,-73,g5TxSaWZD3GVUKA0w7i7Lou8YtY=,zZvH4li4thBr48GWvA5xBqZwjfU=
57,-73,g5TxSaWZD3GVUKA0w7i7Lou8YtY=,zZvH4li4thBr48GWvA5xBqZwjfU=
59,-74,g5TxSaWZD3GVUKA0w7i7Lou8YtY=,zZvH4li4thBr48GWvA5xBqZwjfU=
54,-71,g5TxSaWZD3GVUKA0w7i7Lou8YtY=,zGnt5ZMsYbvX9XA3lBqX8XPviHk=
58,-74,g5TxSaWZD3GVUKA0w7i7Lou8YtY=,zZvH4li4thBr48GWvA5xBqZwjfU=
55,-70,g5TxSaWZD3GVUKA0w7i7Lou8YtY=,zGnt5ZMsYbvX9XA3lBqX8XPviHk=
48,-73,g5TxSaWZD3GVUKA0w7i7Lou8YtY=,LSqBhrC+S68udLZD17cjbFn6VzM=
48,-74,g5TxSaWZD3GVUKA0w7i7Lou8YtY=,LSqBhrC+S68udLZD17cjbFn6VzM=
55,-72,g5TxSaWZD3GVUKA0w7i7Lou8YtY=,zGnt5ZMsYbvX9XA3lBqX8XPviHk=
48,-75,g5TxSaWZD3GVUKA0w7i7Lou8YtY=,LSqBhrC+S68udLZD17cjbFn6VzM=
48,-76,g5TxSaWZD3GVUKA0w7i7Lou8YtY=,LSqBhrC+S68udLZD17cjbFn6VzM=
51,-73,g5TxSaWZD3GVUKA0w7i7Lou8YtY=,LSqBhrC+S68udLZD17cjbFn6VzM=
50,-73,g5TxSaWZD3GVUKA0w7i7Lou8YtY=,LSqBhrC+S68udLZD17cjbFn6VzM=
49,-73,g5TxSaWZD3GVUKA0w7i7Lou8YtY=,LSqBhrC+S68udLZD17cjbFn6VzM=
51,-74,g5TxSaWZD3GVUKA0w7i7Lou8YtY=,LSqBhrC+S68udLZD17cjbFn6VzM=
50,-74,g5TxSaWZD3GVUKA0w7i7Lou8YtY=,LSqBhrC+S68udLZD17cjbFn6VzM=
49,-74,g5TxSaWZD3GVUKA0w7i7Lou8YtY=,LSqBhrC+S68udLZD17cjbFn6VzM=
51,-75,g5TxSaWZD3GVUKA0w7i7Lou8YtY=,LSqBhrC+S68udLZD17cjbFn6VzM=
50,-75,g5TxSaWZD3GVUKA0w7i7Lou8YtY=,LSqBhrC+S68udLZD17cjbFn6VzM=
49,-75,g5TxSaWZD3GVUKA0w7i7Lou8YtY=,LSqBhrC+S68udLZD17cjbFn6VzM=
51,-76,g5TxSaWZD3GVUKA0w7i7Lou8YtY=,LSqBhrC+S68udLZD17cjbFn6VzM=
50,-76,g5TxSaWZD3GVUKA0w7i7Lou8YtY=,LSqBhrC+S68udLZD17cjbFn6VzM=
48,-72,g5TxSaWZD3GVUKA0w7i7Lou8YtY=,zGnt5ZMsYbvX9XA3lBqX8XPviHk=
52,-69,g5TxSaWZD3GVUKA0w7i7Lou8YtY=,zGnt5ZMsYbvX9XA3lBqX8XPviHk=
49,-76,g5TxSaWZD3GVUKA0w7i7Lou8YtY=,LSqBhrC+S68udLZD17cjbFn6VzM=
48,-69,g5TxSaWZD3GVUKA0w7i7Lou8YtY=,zGnt5ZMsYbvX9XA3lBqX8XPviHk=
55,-69,g5TxSaWZD3GVUKA0w7i7Lou8YtY=,zGnt5ZMsYbvX9XA3lBqX8XPviHk=
48,-70,g5TxSaWZD3GVUKA0w7i7Lou8YtY=,zGnt5ZMsYbvX9XA3lBqX8XPviHk=
48,-71,g5TxSaWZD3GVUKA0w7i7Lou8YtY=,zGnt5ZMsYbvX9XA3lBqX8XPviHk=
50,-72,g5TxSaWZD3GVUKA0w7i7Lou8YtY=,zGnt5ZMsYbvX9XA3lBqX8XPviHk=
54,-69,g5TxSaWZD3GVUKA0w7i7Lou8YtY=,zGnt5ZMsYbvX9XA3lBqX8XPviHk=
56,-80,g5TxSaWZD3GVUKA0w7i7Lou8YtY=,zZvH4li4thBr48GWvA5xBqZwjfU=
51,-71,g5TxSaWZD3GVUKA0w7i7Lou8YtY=,zGnt5ZMsYbvX9XA3lBqX8XPviHk=
50,-71,g5TxSaWZD3GVUKA0w7i7Lou8YtY=,zGnt5ZMsYbvX9XA3lBqX8XPviHk=
59,-80,g5TxSaWZD3GVUKA0w7i7Lou8YtY=,zZvH4li4thBr48GWvA5xBqZwjfU=
58,-80,g5TxSaWZD3GVUKA0w7i7Lou8YtY=,zZvH4li4thBr48GWvA5xBqZwjfU=
57,-80,g5TxSaWZD3GVUKA0w7i7Lou8YtY=,zZvH4li4thBr48GWvA5xBqZwjfU=
56,-77,g5TxSaWZD3GVUKA0w7i7Lou8YtY=,zZvH4li4thBr48GWvA5xBqZwjfU=
56,-79,g5TxSaWZD3GVUKA0w7i7Lou8YtY=,zZvH4li4thBr48GWvA5xBqZwjfU=
56,-78,g5TxSaWZD3GVUKA0w7i7Lou8YtY=,zZvH4li4thBr48GWvA5xBqZwjfU=
59,-79,g5TxSaWZD3GVUKA0w7i7Lou8YtY=,zZvH4li4thBr48GWvA5xBqZwjfU=
58,-79,g5TxSaWZD3GVUKA0w7i7Lou8YtY=,zZvH4li4thBr48GWvA5xBqZwjfU=
57,-79,g5TxSaWZD3GVUKA0w7i7Lou8YtY=,zZvH4li4thBr48GWvA5xBqZwjfU=
49,-70,g5TxSaWZD3GVUKA0w7i7Lou8YtY=,zGnt5ZMsYbvX9XA3lBqX8XPviHk=
49,-72,g5TxSaWZD3GVUKA0w7i7Lou8YtY=,zGnt5ZMsYbvX9XA3lBqX8XPviHk=
50,-70,g5TxSaWZD3GVUKA0w7i7Lou8YtY=,zGnt5ZMsYbvX9XA3lBqX8XPviHk=
59,-77,g5TxSaWZD3GVUKA0w7i7Lou8YtY=,zZvH4li4thBr48GWvA5xBqZwjfU=
58,-77,g5TxSaWZD3GVUKA0w7i7Lou8YtY=,zZvH4li4thBr48GWvA5xBqZwjfU=
57,-77,g5TxSaWZD3GVUKA0w7i7Lou8YtY=,zZvH4li4thBr48GWvA5xBqZwjfU=
51,-72,g5TxSaWZD3GVUKA0w7i7Lou8YtY=,zGnt5ZMsYbvX9XA3lBqX8XPviHk=
59,-78,g5TxSaWZD3GVUKA0w7i7Lou8YtY=,zZvH4li4thBr48GWvA5xBqZwjfU=
51,-70,g5TxSaWZD3GVUKA0w7i7Lou8YtY=,zGnt5ZMsYbvX9XA3lBqX8XPviHk=
58,-78,g5TxSaWZD3GVUKA0w7i7Lou8YtY=,zZvH4li4thBr48GWvA5xBqZwjfU=
57,-78,g5TxSaWZD3GVUKA0w7i7Lou8YtY=,zZvH4li4thBr48GWvA5xBqZwjfU=
49,-69,g5TxSaWZD3GVUKA0w7i7Lou8YtY=,zGnt5ZMsYbvX9XA3lBqX8XPviHk=
49,-71,g5TxSaWZD3GVUKA0w7i7Lou8YtY=,zGnt5ZMsYbvX9XA3lBqX8XPviHk=
51,-69,g5TxSaWZD3GVUKA0w7i7Lou8YtY=,zGnt5ZMsYbvX9XA3lBqX8XPviHk=
55,-80,g5TxSaWZD3GVUKA0w7i7Lou8YtY=,LSqBhrC+S68udLZD17cjbFn6VzM=
55,-77,g5TxSaWZD3GVUKA0w7i7Lou8YtY=,LSqBhrC+S68udLZD17cjbFn6VzM=
54,-77,g5TxSaWZD3GVUKA0w7i7Lou8YtY=,LSqBhrC+S68udLZD17cjbFn6VzM=
53,-77,g5TxSaWZD3GVUKA0w7i7Lou8YtY=,LSqBhrC+S68udLZD17cjbFn6VzM=
54,-80,g5TxSaWZD3GVUKA0w7i7Lou8YtY=,LSqBhrC+S68udLZD17cjbFn6VzM=
52,-77,g5TxSaWZD3GVUKA0w7i7Lou8YtY=,LSqBhrC+S68udLZD17cjbFn6VzM=
63,-74,g5TxSaWZD3GVUKA0w7i7Lou8YtY=,zZvH4li4thBr48GWvA5xBqZwjfU=
63,-75,g5TxSaWZD3GVUKA0w7i7Lou8YtY=,zZvH4li4thBr48GWvA5xBqZwjfU=
53,-69,g5TxSaWZD3GVUKA0w7i7Lou8YtY=,zGnt5ZMsYbvX9XA3lBqX8XPviHk=
63,-76,g5TxSaWZD3GVUKA0w7i7Lou8YtY=,zZvH4li4thBr48GWvA5xBqZwjfU=
62,-73,g5TxSaWZD3GVUKA0w7i7Lou8YtY=,zZvH4li4thBr48GWvA5xBqZwjfU=
61,-73,g5TxSaWZD3GVUKA0w7i7Lou8YtY=,zZvH4li4thBr48GWvA5xBqZwjfU=
60,-73,g5TxSaWZD3GVUKA0w7i7Lou8YtY=,zZvH4li4thBr48GWvA5xBqZwjfU=
62,-74,g5TxSaWZD3GVUKA0w7i7Lou8YtY=,zZvH4li4thBr48GWvA5xBqZwjfU=
61,-74,g5TxSaWZD3GVUKA0w7i7Lou8YtY=,zZvH4li4thBr48GWvA5xBqZwjfU=
60,-74,g5TxSaWZD3GVUKA0w7i7Lou8YtY=,zZvH4li4thBr48GWvA5xBqZwjfU=
62,-75,g5TxSaWZD3GVUKA0w7i7Lou8YtY=,zZvH4li4thBr48GWvA5xBqZwjfU=
53,-80,g5TxSaWZD3GVUKA0w7i7Lou8YtY=,LSqBhrC+S68udLZD17cjbFn6VzM=
61,-75,g5TxSaWZD3GVUKA0w7i7Lou8YtY=,zZvH4li4thBr48GWvA5xBqZwjfU=
60,-75,g5TxSaWZD3GVUKA0w7i7Lou8YtY=,zZvH4li4thBr48GWvA5xBqZwjfU=
62,-76,g5TxSaWZD3GVUKA0w7i7Lou8YtY=,zZvH4li4thBr48GWvA5xBqZwjfU=
63,-79,g5TxSaWZD3GVUKA0w7i7Lou8YtY=,zZvH4li4thBr48GWvA5xBqZwjfU=
61,-76,g5TxSaWZD3GVUKA0w7i7Lou8YtY=,zZvH4li4thBr48GWvA5xBqZwjfU=
63,-77,g5TxSaWZD3GVUKA0w7i7Lou8YtY=,zZvH4li4thBr48GWvA5xBqZwjfU=
60,-76,g5TxSaWZD3GVUKA0w7i7Lou8YtY=,zZvH4li4thBr48GWvA5xBqZwjfU=
63,-78,g5TxSaWZD3GVUKA0w7i7Lou8YtY=,zZvH4li4thBr48GWvA5xBqZwjfU=
62,-80,g5TxSaWZD3GVUKA0w7i7Lou8YtY=,zZvH4li4thBr48GWvA5xBqZwjfU=
61,-80,g5TxSaWZD3GVUKA0w7i7Lou8YtY=,zZvH4li4thBr48GWvA5xBqZwjfU=
60,-80,g5TxSaWZD3GVUKA0w7i7Lou8YtY=,zZvH4li4thBr48GWvA5xBqZwjfU=
62,-79,g5TxSaWZD3GVUKA0w7i7Lou8YtY=,zZvH4li4thBr48GWvA5xBqZwjfU=
61,-79,g5TxSaWZD3GVUKA0w7i7Lou8YtY=,zZvH4li4thBr48GWvA5xBqZwjfU=
52,-80,g5TxSaWZD3GVUKA0w7i7Lou8YtY=,LSqBhrC+S68udLZD17cjbFn6VzM=
60,-79,g5TxSaWZD3GVUKA0w7i7Lou8YtY=,zZvH4li4thBr48GWvA5xBqZwjfU=
50,-69,g5TxSaWZD3GVUKA0w7i7Lou8YtY=,zGnt5ZMsYbvX9XA3lBqX8XPviHk=
63,-80,g5TxSaWZD3GVUKA0w7i7Lou8YtY=,zZvH4li4thBr48GWvA5xBqZwjfU=
60,-78,g5TxSaWZD3GVUKA0w7i7Lou8YtY=,zZvH4li4thBr48GWvA5xBqZwjfU=
61,-78,g5TxSaWZD3GVUKA0w7i7Lou8YtY=,zZvH4li4thBr48GWvA5xBqZwjfU=
63,-70,g5TxSaWZD3GVUKA0w7i7Lou8YtY=,l38esOwwdGpD0PJ44U+WISHgvm0=
63,-71,g5TxSaWZD3GVUKA0w7i7Lou8YtY=,l38esOwwdGpD0PJ44U+WISHgvm0=
62,-78,g5TxSaWZD3GVUKA0w7i7Lou8YtY=,zZvH4li4thBr48GWvA5xBqZwjfU=
60,-77,g5TxSaWZD3GVUKA0w7i7Lou8YtY=,zZvH4li4thBr48GWvA5xBqZwjfU=
63,-73,g5TxSaWZD3GVUKA0w7i7Lou8YtY=,zZvH4li4thBr48GWvA5xBqZwjfU=
61,-77,g5TxSaWZD3GVUKA0w7i7Lou8YtY=,zZvH4li4thBr48GWvA5xBqZwjfU=
63,-69,g5TxSaWZD3GVUKA0w7i7Lou8YtY=,l38esOwwdGpD0PJ44U+WISHgvm0=
63,-72,g5TxSaWZD3GVUKA0w7i7Lou8YtY=,l38esOwwdGpD0PJ44U+WISHgvm0=
62,-70,g5TxSaWZD3GVUKA0w7i7Lou8YtY=,l38esOwwdGpD0PJ44U+WISHgvm0=
61,-70,g5TxSaWZD3GVUKA0w7i7Lou8YtY=,l38esOwwdGpD0PJ44U+WISHgvm0=
61,-72,g5TxSaWZD3GVUKA0w7i7Lou8YtY=,l38esOwwdGpD0PJ44U+WISHgvm0=
60,-70,g5TxSaWZD3GVUKA0w7i7Lou8YtY=,l38esOwwdGpD0PJ44U+WISHgvm0=
62,-71,g5TxSaWZD3GVUKA0w7i7Lou8YtY=,l38esOwwdGpD0PJ44U+WISHgvm0=
60,-72,g5TxSaWZD3GVUKA0w7i7Lou8YtY=,l38esOwwdGpD0PJ44U+WISHgvm0=
61,-71,g5TxSaWZD3GVUKA0w7i7Lou8YtY=,l38esOwwdGpD0PJ44U+WISHgvm0=
60,-71,g5TxSaWZD3GVUKA0w7i7Lou8YtY=,l38esOwwdGpD0PJ44U+WISHgvm0=
62,-77,g5TxSaWZD3GVUKA0w7i7Lou8YtY=,zZvH4li4thBr48GWvA5xBqZwjfU=
62,-69,g5TxSaWZD3GVUKA0w7i7Lou8YtY=,l38esOwwdGpD0PJ44U+WISHgvm0=
61,-69,g5TxSaWZD3GVUKA0w7i7Lou8YtY=,l38esOwwdGpD0PJ44U+WISHgvm0=
48,-66,g5TxSaWZD3GVUKA0w7i7Lou8YtY=,zGnt5ZMsYbvX9XA3lBqX8XPviHk=
60,-69,g5TxSaWZD3GVUKA0w7i7Lou8YtY=,l38esOwwdGpD0PJ44U+WISHgvm0=
62,-72,g5TxSaWZD3GVUKA0w7i7Lou8YtY=,l38esOwwdGpD0PJ44U+WISHgvm0=
55,-78,g5TxSaWZD3GVUKA0w7i7Lou8YtY=,LSqBhrC+S68udLZD17cjbFn6VzM=
51,-68,g5TxSaWZD3GVUKA0w7i7Lou8YtY=,zGnt5ZMsYbvX9XA3lBqX8XPviHk=
50,-67,g5TxSaWZD3GVUKA0w7i7Lou8YtY=,zGnt5ZMsYbvX9XA3lBqX8XPviHk=
51,-67,g5TxSaWZD3GVUKA0w7i7Lou8YtY=,zGnt5ZMsYbvX9XA3lBqX8XPviHk=
55,-79,g5TxSaWZD3GVUKA0w7i7Lou8YtY=,LSqBhrC+S68udLZD17cjbFn6VzM=
54,-79,g5TxSaWZD3GVUKA0w7i7Lou8YtY=,LSqBhrC+S68udLZD17cjbFn6VzM=
53,-79,g5TxSaWZD3GVUKA0w7i7Lou8YtY=,LSqBhrC+S68udLZD17cjbFn6VzM=
52,-79,g5TxSaWZD3GVUKA0w7i7Lou8YtY=,LSqBhrC+S68udLZD17cjbFn6VzM=
54,-78,g5TxSaWZD3GVUKA0w7i7Lou8YtY=,LSqBhrC+S68udLZD17cjbFn6VzM=
53,-78,g5TxSaWZD3GVUKA0w7i7Lou8YtY=,LSqBhrC+S68udLZD17cjbFn6VzM=
52,-78,g5TxSaWZD3GVUKA0w7i7Lou8YtY=,LSqBhrC+S68udLZD17cjbFn6VzM=
49,-80,g5TxSaWZD3GVUKA0w7i7Lou8YtY=,LSqBhrC+S68udLZD17cjbFn6VzM=
50,-80,g5TxSaWZD3GVUKA0w7i7Lou8YtY=,LSqBhrC+S68udLZD17cjbFn6VzM=
51,-80,g5TxSaWZD3GVUKA0w7i7Lou8YtY=,LSqBhrC+S68udLZD17cjbFn6VzM=
48,-78,g5TxSaWZD3GVUKA0w7i7Lou8YtY=,LSqBhrC+S68udLZD17cjbFn6VzM=
48,-79,g5TxSaWZD3GVUKA0w7i7Lou8YtY=,LSqBhrC+S68udLZD17cjbFn6VzM=
48,-77,g5TxSaWZD3GVUKA0w7i7Lou8YtY=,LSqBhrC+S68udLZD17cjbFn6VzM=
48,-65,g5TxSaWZD3GVUKA0w7i7Lou8YtY=,zGnt5ZMsYbvX9XA3lBqX8XPviHk=
51,-77,g5TxSaWZD3GVUKA0w7i7Lou8YtY=,LSqBhrC+S68udLZD17cjbFn6VzM=
50,-77,g5TxSaWZD3GVUKA0w7i7Lou8YtY=,LSqBhrC+S68udLZD17cjbFn6VzM=
49,-77,g5TxSaWZD3GVUKA0w7i7Lou8YtY=,LSqBhrC+S68udLZD17cjbFn6VzM=
49,-79,g5TxSaWZD3GVUKA0w7i7Lou8YtY=,LSqBhrC+S68udLZD17cjbFn6VzM=
48,-80,g5TxSaWZD3GVUKA0w7i7Lou8YtY=,LSqBhrC+S68udLZD17cjbFn6VzM=
51,-78,g5TxSaWZD3GVUKA0w7i7Lou8YtY=,LSqBhrC+S68udLZD17cjbFn6VzM=
50,-78,g5TxSaWZD3GVUKA0w7i7Lou8YtY=,LSqBhrC+S68udLZD17cjbFn6VzM=
49,-78,g5TxSaWZD3GVUKA0w7i7Lou8YtY=,LSqBhrC+S68udLZD17cjbFn6VzM=
50,-79,g5TxSaWZD3GVUKA0w7i7Lou8YtY=,LSqBhrC+S68udLZD17cjbFn6VzM=
51,-79,g5TxSaWZD3GVUKA0w7i7Lou8YtY=,LSqBhrC+S68udLZD17cjbFn6VzM=
49,-68,g5TxSaWZD3GVUKA0w7i7Lou8YtY=,zGnt5ZMsYbvX9XA3lBqX8XPviHk=
56,-65,g5TxSaWZD3GVUKA0w7i7Lou8YtY=,l38esOwwdGpD0PJ44U+WISHgvm0=
51,-66,pNxxeR3oVJR07HLLN1/4ZbOY0Ug=,zGnt5ZMsYbvX9XA3lBqX8XPviHk=
57,-65,pNxxeR3oVJR07HLLN1/4ZbOY0Ug=,l38esOwwdGpD0PJ44U+WISHgvm0=
57,-68,pNxxeR3oVJR07HLLN1/4ZbOY0Ug=,l38esOwwdGpD0PJ44U+WISHgvm0=
58,-65,pNxxeR3oVJR07HLLN1/4ZbOY0Ug=,l38esOwwdGpD0PJ44U+WISHgvm0=
50,-65,pNxxeR3oVJR07HLLN1/4ZbOY0Ug=,zGnt5ZMsYbvX9XA3lBqX8XPviHk=
48,-68,pNxxeR3oVJR07HLLN1/4ZbOY0Ug=,zGnt5ZMsYbvX9XA3lBqX8XPviHk=
59,-65,pNxxeR3oVJR07HLLN1/4ZbOY0Ug=,l38esOwwdGpD0PJ44U+WISHgvm0=
50,-68,pNxxeR3oVJR07HLLN1/4ZbOY0Ug=,zGnt5ZMsYbvX9XA3lBqX8XPviHk=
49,-67,pNxxeR3oVJR07HLLN1/4ZbOY0Ug=,zGnt5ZMsYbvX9XA3lBqX8XPviHk=
52,-68,pNxxeR3oVJR07HLLN1/4ZbOY0Ug=,zGnt5ZMsYbvX9XA3lBqX8XPviHk=
60,-65,pNxxeR3oVJR07HLLN1/4ZbOY0Ug=,l38esOwwdGpD0PJ44U+WISHgvm0=
53,-68,pNxxeR3oVJR07HLLN1/4ZbOY0Ug=,zGnt5ZMsYbvX9XA3lBqX8XPviHk=
50,-66,pNxxeR3oVJR07HLLN1/4ZbOY0Ug=,zGnt5ZMsYbvX9XA3lBqX8XPviHk=
61,-65,pNxxeR3oVJR07HLLN1/4ZbOY0Ug=,l38esOwwdGpD0PJ44U+WISHgvm0=
49,-66,pNxxeR3oVJR07HLLN1/4ZbOY0Ug=,zGnt5ZMsYbvX9XA3lBqX8XPviHk=
53,-67,pNxxeR3oVJR07HLLN1/4ZbOY0Ug=,zGnt5ZMsYbvX9XA3lBqX8XPviHk=
55,-65,pNxxeR3oVJR07HLLN1/4ZbOY0Ug=,zGnt5ZMsYbvX9XA3lBqX8XPviHk=
54,-67,pNxxeR3oVJR07HLLN1/4ZbOY0Ug=,zGnt5ZMsYbvX9XA3lBqX8XPviHk=
51,-65,pNxxeR3oVJR07HLLN1/4ZbOY0Ug=,zGnt5ZMsYbvX9XA3lBqX8XPviHk=
54,-68,pNxxeR3oVJR07HLLN1/4ZbOY0Ug=,zGnt5ZMsYbvX9XA3lBqX8XPviHk=
55,-67,pNxxeR3oVJR07HLLN1/4ZbOY0Ug=,zGnt5ZMsYbvX9XA3lBqX8XPviHk=
49,-65,pNxxeR3oVJR07HLLN1/4ZbOY0Ug=,zGnt5ZMsYbvX9XA3lBqX8XPviHk=
63,-65,pNxxeR3oVJR07HLLN1/4ZbOY0Ug=,l38esOwwdGpD0PJ44U+WISHgvm0=
63,-66,pNxxeR3oVJR07HLLN1/4ZbOY0Ug=,l38esOwwdGpD0PJ44U+WISHgvm0=
54,-66,pNxxeR3oVJR07HLLN1/4ZbOY0Ug=,zGnt5ZMsYbvX9XA3lBqX8XPviHk=
48,-67,pNxxeR3oVJR07HLLN1/4ZbOY0Ug=,zGnt5ZMsYbvX9XA3lBqX8XPviHk=
52,-65,pNxxeR3oVJR07HLLN1/4ZbOY0Ug=,zGnt5ZMsYbvX9XA3lBqX8XPviHk=
54,-65,pNxxeR3oVJR07HLLN1/4ZbOY0Ug=,zGnt5ZMsYbvX9XA3lBqX8XPviHk=
56,-66,pNxxeR3oVJR07HLLN1/4ZbOY0Ug=,l38esOwwdGpD0PJ44U+WISHgvm0=
62,-65,pNxxeR3oVJR07HLLN1/4ZbOY0Ug=,l38esOwwdGpD0PJ44U+WISHgvm0=
59,-67,pNxxeR3oVJR07HLLN1/4ZbOY0Ug=,l38esOwwdGpD0PJ44U+WISHgvm0=
52,-67,pNxxeR3oVJR07HLLN1/4ZbOY0Ug=,zGnt5ZMsYbvX9XA3lBqX8XPviHk=
56,-68,pNxxeR3oVJR07HLLN1/4ZbOY0Ug=,l38esOwwdGpD0PJ44U+WISHgvm0=
55,-68,pNxxeR3oVJR07HLLN1/4ZbOY0Ug=,zGnt5ZMsYbvX9XA3lBqX8XPviHk=
56,-67,pNxxeR3oVJR07HLLN1/4ZbOY0Ug=,l38esOwwdGpD0PJ44U+WISHgvm0=
58,-67,pNxxeR3oVJR07HLLN1/4ZbOY0Ug=,l38esOwwdGpD0PJ44U+WISHgvm0=
57,-67,pNxxeR3oVJR07HLLN1/4ZbOY0Ug=,l38esOwwdGpD0PJ44U+WISHgvm0=
63,-67,pNxxeR3oVJR07HLLN1/4ZbOY0Ug=,l38esOwwdGpD0PJ44U+WISHgvm0=
62,-68,pNxxeR3oVJR07HLLN1/4ZbOY0Ug=,l38esOwwdGpD0PJ44U+WISHgvm0=
62,-66,pNxxeR3oVJR07HLLN1/4ZbOY0Ug=,l38esOwwdGpD0PJ44U+WISHgvm0=
60,-66,pNxxeR3oVJR07HLLN1/4ZbOY0Ug=,l38esOwwdGpD0PJ44U+WISHgvm0=
63,-68,pNxxeR3oVJR07HLLN1/4ZbOY0Ug=,l38esOwwdGpD0PJ44U+WISHgvm0=
59,-66,pNxxeR3oVJR07HLLN1/4ZbOY0Ug=,l38esOwwdGpD0PJ44U+WISHgvm0=
57,-66,pNxxeR3oVJR07HLLN1/4ZbOY0Ug=,l38esOwwdGpD0PJ44U+WISHgvm0=
61,-66,pNxxeR3oVJR07HLLN1/4ZbOY0Ug=,l38esOwwdGpD0PJ44U+WISHgvm0=
58,-68,pNxxeR3oVJR07HLLN1/4ZbOY0Ug=,l38esOwwdGpD0PJ44U+WISHgvm0=
62,-67,pNxxeR3oVJR07HLLN1/4ZbOY0Ug=,l38esOwwdGpD0PJ44U+WISHgvm0=
53,-66,pNxxeR3oVJR07HLLN1/4ZbOY0Ug=,zGnt5ZMsYbvX9XA3lBqX8XPviHk=
61,-67,pNxxeR3oVJR07HLLN1/4ZbOY0Ug=,l38esOwwdGpD0PJ44U+WISHgvm0=
55,-66,pNxxeR3oVJR07HLLN1/4ZbOY0Ug=,zGnt5ZMsYbvX9XA3lBqX8XPviHk=
58,-66,pNxxeR3oVJR07HLLN1/4ZbOY0Ug=,l38esOwwdGpD0PJ44U+WISHgvm0=
60,-68,pNxxeR3oVJR07HLLN1/4ZbOY0Ug=,l38esOwwdGpD0PJ44U+WISHgvm0=
61,-68,pNxxeR3oVJR07HLLN1/4ZbOY0Ug=,l38esOwwdGpD0PJ44U+WISHgvm0=
59,-68,pNxxeR3oVJR07HLLN1/4ZbOY0Ug=,l38esOwwdGpD0PJ44U+WISHgvm0=
60,-67,pNxxeR3oVJR07HLLN1/4ZbOY0Ug=,l38esOwwdGpD0PJ44U+WISHgvm0=
52,-66,pNxxeR3oVJR07HLLN1/4ZbOY0Ug=,zGnt5ZMsYbvX9XA3lBqX8XPviHk=
53,-65,pNxxeR3oVJR07HLLN1/4ZbOY0Ug=,zGnt5ZMsYbvX9XA3lBqX8XPviHk=
57,-95,Hyn+S23rTeOvpXTyCKwaoMTHtn0=,04Q6NhsOZE7LH2v3zzv9Ax1bHzc=
57,-94,Hyn+S23rTeOvpXTyCKwaoMTHtn0=,04Q6NhsOZE7LH2v3zzv9Ax1bHzc=
58,-95,Hyn+S23rTeOvpXTyCKwaoMTHtn0=,04Q6NhsOZE7LH2v3zzv9Ax1bHzc=
58,-94,Hyn+S23rTeOvpXTyCKwaoMTHtn0=,04Q6NhsOZE7LH2v3zzv9Ax1bHzc=
59,-94,Hyn+S23rTeOvpXTyCKwaoMTHtn0=,04Q6NhsOZE7LH2v3zzv9Ax1bHzc=
60,-94,Hyn+S23rTeOvpXTyCKwaoMTHtn0=,04Q6NhsOZE7LH2v3zzv9Ax1bHzc=
61,-94,Hyn+S23rTeOvpXTyCKwaoMTHtn0=,04Q6NhsOZE7LH2v3zzv9Ax1bHzc=
62,-94,Hyn+S23rTeOvpXTyCKwaoMTHtn0=,04Q6NhsOZE7LH2v3zzv9Ax1bHzc=
57,-93,Hyn+S23rTeOvpXTyCKwaoMTHtn0=,04Q6NhsOZE7LH2v3zzv9Ax1bHzc=
58,-93,Hyn+S23rTeOvpXTyCKwaoMTHtn0=,04Q6NhsOZE7LH2v3zzv9Ax1bHzc=
59,-93,Hyn+S23rTeOvpXTyCKwaoMTHtn0=,04Q6NhsOZE7LH2v3zzv9Ax1bHzc=
52,-94,Hyn+S23rTeOvpXTyCKwaoMTHtn0=,KmkTZb0t2AyctlJFxEtLPJ2CCUo=
56,-95,Hyn+S23rTeOvpXTyCKwaoMTHtn0=,04Q6NhsOZE7LH2v3zzv9Ax1bHzc=
56,-94,Hyn+S23rTeOvpXTyCKwaoMTHtn0=,04Q6NhsOZE7LH2v3zzv9Ax1bHzc=
53,-94,Hyn+S23rTeOvpXTyCKwaoMTHtn0=,KmkTZb0t2AyctlJFxEtLPJ2CCUo=
54,-94,Hyn+S23rTeOvpXTyCKwaoMTHtn0=,KmkTZb0t2AyctlJFxEtLPJ2CCUo=
55,-94,Hyn+S23rTeOvpXTyCKwaoMTHtn0=,KmkTZb0t2AyctlJFxEtLPJ2CCUo=
56,-93,Hyn+S23rTeOvpXTyCKwaoMTHtn0=,04Q6NhsOZE7LH2v3zzv9Ax1bHzc=
49,-93,Hyn+S23rTeOvpXTyCKwaoMTHtn0=,KmkTZb0t2AyctlJFxEtLPJ2CCUo=
50,-93,Hyn+S23rTeOvpXTyCKwaoMTHtn0=,KmkTZb0t2AyctlJFxEtLPJ2CCUo=
51,-93,Hyn+S23rTeOvpXTyCKwaoMTHtn0=,KmkTZb0t2AyctlJFxEtLPJ2CCUo=
52,-93,Hyn+S23rTeOvpXTyCKwaoMTHtn0=,KmkTZb0t2AyctlJFxEtLPJ2CCUo=
53,-93,Hyn+S23rTeOvpXTyCKwaoMTHtn0=,KmkTZb0t2AyctlJFxEtLPJ2CCUo=
54,-93,Hyn+S23rTeOvpXTyCKwaoMTHtn0=,KmkTZb0t2AyctlJFxEtLPJ2CCUo=
55,-93,Hyn+S23rTeOvpXTyCKwaoMTHtn0=,KmkTZb0t2AyctlJFxEtLPJ2CCUo=
49,-95,Hyn+S23rTeOvpXTyCKwaoMTHtn0=,KmkTZb0t2AyctlJFxEtLPJ2CCUo=
50,-95,Hyn+S23rTeOvpXTyCKwaoMTHtn0=,KmkTZb0t2AyctlJFxEtLPJ2CCUo=
51,-95,Hyn+S23rTeOvpXTyCKwaoMTHtn0=,KmkTZb0t2AyctlJFxEtLPJ2CCUo=
52,-95,Hyn+S23rTeOvpXTyCKwaoMTHtn0=,KmkTZb0t2AyctlJFxEtLPJ2CCUo=
53,-95,Hyn+S23rTeOvpXTyCKwaoMTHtn0=,KmkTZb0t2AyctlJFxEtLPJ2CCUo=
54,-95,Hyn+S23rTeOvpXTyCKwaoMTHtn0=,KmkTZb0t2AyctlJFxEtLPJ2CCUo=
55,-95,Hyn+S23rTeOvpXTyCKwaoMTHtn0=,KmkTZb0t2AyctlJFxEtLPJ2CCUo=
49,-94,Hyn+S23rTeOvpXTyCKwaoMTHtn0=,KmkTZb0t2AyctlJFxEtLPJ2CCUo=
50,-94,Hyn+S23rTeOvpXTyCKwaoMTHtn0=,KmkTZb0t2AyctlJFxEtLPJ2CCUo=
51,-94,Hyn+S23rTeOvpXTyCKwaoMTHtn0=,KmkTZb0t2AyctlJFxEtLPJ2CCUo=
60,-93,Hyn+S23rTeOvpXTyCKwaoMTHtn0=,04Q6NhsOZE7LH2v3zzv9Ax1bHzc=
61,-93,Hyn+S23rTeOvpXTyCKwaoMTHtn0=,04Q6NhsOZE7LH2v3zzv9Ax1bHzc=
62,-93,Hyn+S23rTeOvpXTyCKwaoMTHtn0=,04Q6NhsOZE7LH2v3zzv9Ax1bHzc=
59,-95,Hyn+S23rTeOvpXTyCKwaoMTHtn0=,04Q6NhsOZE7LH2v3zzv9Ax1bHzc=
60,-95,Hyn+S23rTeOvpXTyCKwaoMTHtn0=,04Q6NhsOZE7LH2v3zzv9Ax1bHzc=
61,-95,Hyn+S23rTeOvpXTyCKwaoMTHtn0=,04Q6NhsOZE7LH2v3zzv9Ax1bHzc=
62,-95,Hyn+S23rTeOvpXTyCKwaoMTHtn0=,04Q6NhsOZE7LH2v3zzv9Ax1bHzc=
63,-94,Hyn+S23rTeOvpXTyCKwaoMTHtn0=,04Q6NhsOZE7LH2v3zzv9Ax1bHzc=
63,-95,Hyn+S23rTeOvpXTyCKwaoMTHtn0=,04Q6NhsOZE7LH2v3zzv9Ax1bHzc=
63,-93,Hyn+S23rTeOvpXTyCKwaoMTHtn0=,04Q6NhsOZE7LH2v3zzv9Ax1bHzc=
63,-92,tNvmcJ1KEZW/oMpDccJ6BMWUsoM=,04Q6NhsOZE7LH2v3zzv9Ax1bHzc=
63,-91,tNvmcJ1KEZW/oMpDccJ6BMWUsoM=,04Q6NhsOZE7LH2v3zzv9Ax1bHzc=
63,-90,tNvmcJ1KEZW/oMpDccJ6BMWUsoM=,04Q6NhsOZE7LH2v3zzv9Ax1bHzc=
62,-90,tNvmcJ1KEZW/oMpDccJ6BMWUsoM=,04Q6NhsOZE7LH2v3zzv9Ax1bHzc=
61,-90,tNvmcJ1KEZW/oMpDccJ6BMWUsoM=,04Q6NhsOZE7LH2v3zzv9Ax1bHzc=
60,-90,tNvmcJ1KEZW/oMpDccJ6BMWUsoM=,04Q6NhsOZE7LH2v3zzv9Ax1bHzc=
62,-91,tNvmcJ1KEZW/oMpDccJ6BMWUsoM=,04Q6NhsOZE7LH2v3zzv9Ax1bHzc=
61,-91,tNvmcJ1KEZW/oMpDccJ6BMWUsoM=,04Q6NhsOZE7LH2v3zzv9Ax1bHzc=
63,-89,tNvmcJ1KEZW/oMpDccJ6BMWUsoM=,04Q6NhsOZE7LH2v3zzv9Ax1bHzc=
62,-89,tNvmcJ1KEZW/oMpDccJ6BMWUsoM=,04Q6NhsOZE7LH2v3zzv9Ax1bHzc=
61,-89,tNvmcJ1KEZW/oMpDccJ6BMWUsoM=,04Q6NhsOZE7LH2v3zzv9Ax1bHzc=
60,-89,tNvmcJ1KEZW/oMpDccJ6BMWUsoM=,04Q6NhsOZE7LH2v3zzv9Ax1bHzc=
60,-85,tNvmcJ1KEZW/oMpDccJ6BMWUsoM=,AuBsmMPoyBV5m0+kHfNsT8aP7+o=
60,-88,tNvmcJ1KEZW/oMpDccJ6BMWUsoM=,AuBsmMPoyBV5m0+kHfNsT8aP7+o=
62,-88,tNvmcJ1KEZW/oMpDccJ6BMWUsoM=,AuBsmMPoyBV5m0+kHfNsT8aP7+o=
60,-92,tNvmcJ1KEZW/oMpDccJ6BMWUsoM=,04Q6NhsOZE7LH2v3zzv9Ax1bHzc=
61,-92,tNvmcJ1KEZW/oMpDccJ6BMWUsoM=,04Q6NhsOZE7LH2v3zzv9Ax1bHzc=
63,-88,tNvmcJ1KEZW/oMpDccJ6BMWUsoM=,AuBsmMPoyBV5m0+kHfNsT8aP7+o=
48,-93,tNvmcJ1KEZW/oMpDccJ6BMWUsoM=,KmkTZb0t2AyctlJFxEtLPJ2CCUo=
48,-95,tNvmcJ1KEZW/oMpDccJ6BMWUsoM=,KmkTZb0t2AyctlJFxEtLPJ2CCUo=
48,-94,tNvmcJ1KEZW/oMpDccJ6BMWUsoM=,KmkTZb0t2AyctlJFxEtLPJ2CCUo=
60,-91,tNvmcJ1KEZW/oMpDccJ6BMWUsoM=,04Q6NhsOZE7LH2v3zzv9Ax1bHzc=
61,-85,tNvmcJ1KEZW/oMpDccJ6BMWUsoM=,AuBsmMPoyBV5m0+kHfNsT8aP7+o=
62,-92,tNvmcJ1KEZW/oMpDccJ6BMWUsoM=,04Q6NhsOZE7LH2v3zzv9Ax1bHzc=
61,-88,tNvmcJ1KEZW/oMpDccJ6BMWUsoM=,AuBsmMPoyBV5m0+kHfNsT8aP7+o=
63,-87,tNvmcJ1KEZW/oMpDccJ6BMWUsoM=,AuBsmMPoyBV5m0+kHfNsT8aP7+o=
61,-87,tNvmcJ1KEZW/oMpDccJ6BMWUsoM=,AuBsmMPoyBV5m0+kHfNsT8aP7+o=
60,-86,tNvmcJ1KEZW/oMpDccJ6BMWUsoM=,AuBsmMPoyBV5m0+kHfNsT8aP7+o=
63,-86,tNvmcJ1KEZW/oMpDccJ6BMWUsoM=,AuBsmMPoyBV5m0+kHfNsT8aP7+o=
62,-86,tNvmcJ1KEZW/oMpDccJ6BMWUsoM=,AuBsmMPoyBV5m0+kHfNsT8aP7+o=
60,-87,tNvmcJ1KEZW/oMpDccJ6BMWUsoM=,AuBsmMPoyBV5m0+kHfNsT8aP7+o=
62,-85,tNvmcJ1KEZW/oMpDccJ6BMWUsoM=,AuBsmMPoyBV5m0+kHfNsT8aP7+o=
63,-85,tNvmcJ1KEZW/oMpDccJ6BMWUsoM=,AuBsmMPoyBV5m0+kHfNsT8aP7+o=
57,-89,tNvmcJ1KEZW/oMpDccJ6BMWUsoM=,04Q6NhsOZE7LH2v3zzv9Ax1bHzc=
62,-87,tNvmcJ1KEZW/oMpDccJ6BMWUsoM=,AuBsmMPoyBV5m0+kHfNsT8aP7+o=
61,-86,tNvmcJ1KEZW/oMpDccJ6BMWUsoM=,AuBsmMPoyBV5m0+kHfNsT8aP7+o=
48,-90,tNvmcJ1KEZW/oMpDccJ6BMWUsoM=,KmkTZb0t2AyctlJFxEtLPJ2CCUo=
49,-92,tNvmcJ1KEZW/oMpDccJ6BMWUsoM=,KmkTZb0t2AyctlJFxEtLPJ2CCUo=
54,-89,tNvmcJ1KEZW/oMpDccJ6BMWUsoM=,KmkTZb0t2AyctlJFxEtLPJ2CCUo=
58,-89,tNvmcJ1KEZW/oMpDccJ6BMWUsoM=,04Q6NhsOZE7LH2v3zzv9Ax1bHzc=
53,-89,tNvmcJ1KEZW/oMpDccJ6BMWUsoM=,KmkTZb0t2AyctlJFxEtLPJ2CCUo=
52,-89,tNvmcJ1KEZW/oMpDccJ6BMWUsoM=,KmkTZb0t2AyctlJFxEtLPJ2CCUo=
48,-91,tNvmcJ1KEZW/oMpDccJ6BMWUsoM=,KmkTZb0t2AyctlJFxEtLPJ2CCUo=
59,-89,tNvmcJ1KEZW/oMpDccJ6BMWUsoM=,04Q6NhsOZE7LH2v3zzv9Ax1bHzc=
57,-96,tNvmcJ1KEZW/oMpDccJ6BMWUsoM=,04Q6NhsOZE7LH2v3zzv9Ax1bHzc=
58,-96,tNvmcJ1KEZW/oMpDccJ6BMWUsoM=,04Q6NhsOZE7LH2v3zzv9Ax1bHzc=
59,-96,tNvmcJ1KEZW/oMpDccJ6BMWUsoM=,04Q6NhsOZE7LH2v3zzv9Ax1bHzc=
60,-96,tNvmcJ1KEZW/oMpDccJ6BMWUsoM=,04Q6NhsOZE7LH2v3zzv9Ax1bHzc=
61,-96,tNvmcJ1KEZW/oMpDccJ6BMWUsoM=,04Q6NhsOZE7LH2v3zzv9Ax1bHzc=
62,-96,tNvmcJ1KEZW/oMpDccJ6BMWUsoM=,04Q6NhsOZE7LH2v3zzv9Ax1bHzc=
63,-96,tNvmcJ1KEZW/oMpDccJ6BMWUsoM=,04Q6NhsOZE7LH2v3zzv9Ax1bHzc=
56,-96,tNvmcJ1KEZW/oMpDccJ6BMWUsoM=,04Q6NhsOZE7LH2v3zzv9Ax1bHzc=
49,-96,tNvmcJ1KEZW/oMpDccJ6BMWUsoM=,KmkTZb0t2AyctlJFxEtLPJ2CCUo=
50,-96,tNvmcJ1KEZW/oMpDccJ6BMWUsoM=,KmkTZb0t2AyctlJFxEtLPJ2CCUo=
51,-96,tNvmcJ1KEZW/oMpDccJ6BMWUsoM=,KmkTZb0t2AyctlJFxEtLPJ2CCUo=
52,-96,tNvmcJ1KEZW/oMpDccJ6BMWUsoM=,KmkTZb0t2AyctlJFxEtLPJ2CCUo=
53,-96,tNvmcJ1KEZW/oMpDccJ6BMWUsoM=,KmkTZb0t2AyctlJFxEtLPJ2CCUo=
54,-96,tNvmcJ1KEZW/oMpDccJ6BMWUsoM=,KmkTZb0t2AyctlJFxEtLPJ2CCUo=
55,-96,tNvmcJ1KEZW/oMpDccJ6BMWUsoM=,KmkTZb0t2AyctlJFxEtLPJ2CCUo=
48,-96,tNvmcJ1KEZW/oMpDccJ6BMWUsoM=,KmkTZb0t2AyctlJFxEtLPJ2CCUo=
59,-90,tNvmcJ1KEZW/oMpDccJ6BMWUsoM=,04Q6NhsOZE7LH2v3zzv9Ax1bHzc=
48,-92,tNvmcJ1KEZW/oMpDccJ6BMWUsoM=,KmkTZb0t2AyctlJFxEtLPJ2CCUo=
55,-90,tNvmcJ1KEZW/oMpDccJ6BMWUsoM=,KmkTZb0t2AyctlJFxEtLPJ2CCUo=
58,-90,tNvmcJ1KEZW/oMpDccJ6BMWUsoM=,04Q6NhsOZE7LH2v3zzv9Ax1bHzc=
51,-89,tNvmcJ1KEZW/oMpDccJ6BMWUsoM=,KmkTZb0t2AyctlJFxEtLPJ2CCUo=
50,-89,tNvmcJ1KEZW/oMpDccJ6BMWUsoM=,KmkTZb0t2AyctlJFxEtLPJ2CCUo=
49,-89,tNvmcJ1KEZW/oMpDccJ6BMWUsoM=,KmkTZb0t2AyctlJFxEtLPJ2CCUo=
50,-92,tNvmcJ1KEZW/oMpDccJ6BMWUsoM=,KmkTZb0t2AyctlJFxEtLPJ2CCUo=
57,-90,tNvmcJ1KEZW/oMpDccJ6BMWUsoM=,04Q6NhsOZE7LH2v3zzv9Ax1bHzc=
54,-90,tNvmcJ1KEZW/oMpDccJ6BMWUsoM=,KmkTZb0t2AyctlJFxEtLPJ2CCUo=
53,-90,tNvmcJ1KEZW/oMpDccJ6BMWUsoM=,KmkTZb0t2AyctlJFxEtLPJ2CCUo=
52,-90,tNvmcJ1KEZW/oMpDccJ6BMWUsoM=,KmkTZb0t2AyctlJFxEtLPJ2CCUo=
59,-91,tNvmcJ1KEZW/oMpDccJ6BMWUsoM=,04Q6NhsOZE7LH2v3zzv9Ax1bHzc=
48,-89,tNvmcJ1KEZW/oMpDccJ6BMWUsoM=,KmkTZb0t2AyctlJFxEtLPJ2CCUo=
51,-90,tNvmcJ1KEZW/oMpDccJ6BMWUsoM=,KmkTZb0t2AyctlJFxEtLPJ2CCUo=
58,-91,tNvmcJ1KEZW/oMpDccJ6BMWUsoM=,04Q6NhsOZE7LH2v3zzv9Ax1bHzc=
50,-90,tNvmcJ1KEZW/oMpDccJ6BMWUsoM=,KmkTZb0t2AyctlJFxEtLPJ2CCUo=
57,-91,tNvmcJ1KEZW/oMpDccJ6BMWUsoM=,04Q6NhsOZE7LH2v3zzv9Ax1bHzc=
59,-92,tNvmcJ1KEZW/oMpDccJ6BMWUsoM=,04Q6NhsOZE7LH2v3zzv9Ax1bHzc=
53,-87,tNvmcJ1KEZW/oMpDccJ6BMWUsoM=,7klTUuY84eHtlB4t2t+yUyIC6gY=
58,-88,tNvmcJ1KEZW/oMpDccJ6BMWUsoM=,AuBsmMPoyBV5m0+kHfNsT8aP7+o=
51,-92,tNvmcJ1KEZW/oMpDccJ6BMWUsoM=,KmkTZb0t2AyctlJFxEtLPJ2CCUo=
49,-90,tNvmcJ1KEZW/oMpDccJ6BMWUsoM=,KmkTZb0t2AyctlJFxEtLPJ2CCUo=
52,-87,tNvmcJ1KEZW/oMpDccJ6BMWUsoM=,7klTUuY84eHtlB4t2t+yUyIC6gY=
58,-92,tNvmcJ1KEZW/oMpDccJ6BMWUsoM=,04Q6NhsOZE7LH2v3zzv9Ax1bHzc=
54,-87,tNvmcJ1KEZW/oMpDccJ6BMWUsoM=,7klTUuY84eHtlB4t2t+yUyIC6gY=
57,-92,tNvmcJ1KEZW/oMpDccJ6BMWUsoM=,04Q6NhsOZE7LH2v3zzv9Ax1bHzc=
55,-91,tNvmcJ1KEZW/oMpDccJ6BMWUsoM=,KmkTZb0t2AyctlJFxEtLPJ2CCUo=
55,-87,tNvmcJ1KEZW/oMpDccJ6BMWUsoM=,7klTUuY84eHtlB4t2t+yUyIC6gY=
48,-86,tNvmcJ1KEZW/oMpDccJ6BMWUsoM=,7klTUuY84eHtlB4t2t+yUyIC6gY=
53,-91,tNvmcJ1KEZW/oMpDccJ6BMWUsoM=,KmkTZb0t2AyctlJFxEtLPJ2CCUo=
54,-91,tNvmcJ1KEZW/oMpDccJ6BMWUsoM=,KmkTZb0t2AyctlJFxEtLPJ2CCUo=
49,-86,tNvmcJ1KEZW/oMpDccJ6BMWUsoM=,7klTUuY84eHtlB4t2t+yUyIC6gY=
52,-91,tNvmcJ1KEZW/oMpDccJ6BMWUsoM=,KmkTZb0t2AyctlJFxEtLPJ2CCUo=
50,-86,tNvmcJ1KEZW/oMpDccJ6BMWUsoM=,7klTUuY84eHtlB4t2t+yUyIC6gY=
51,-86,tNvmcJ1KEZW/oMpDccJ6BMWUsoM=,7klTUuY84eHtlB4t2t+yUyIC6gY=
57,-86,tNvmcJ1KEZW/oMpDccJ6BMWUsoM=,AuBsmMPoyBV5m0+kHfNsT8aP7+o=
50,-91,tNvmcJ1KEZW/oMpDccJ6BMWUsoM=,KmkTZb0t2AyctlJFxEtLPJ2CCUo=
51,-91,tNvmcJ1KEZW/oMpDccJ6BMWUsoM=,KmkTZb0t2AyctlJFxEtLPJ2CCUo=
58,-85,tNvmcJ1KEZW/oMpDccJ6BMWUsoM=,AuBsmMPoyBV5m0+kHfNsT8aP7+o=
49,-91,tNvmcJ1KEZW/oMpDccJ6BMWUsoM=,KmkTZb0t2AyctlJFxEtLPJ2CCUo=
52,-86,tNvmcJ1KEZW/oMpDccJ6BMWUsoM=,7klTUuY84eHtlB4t2t+yUyIC6gY=
57,-84,tNvmcJ1KEZW/oMpDccJ6BMWUsoM=,AuBsmMPoyBV5m0+kHfNsT8aP7+o=
59,-84,tNvmcJ1KEZW/oMpDccJ6BMWUsoM=,AuBsmMPoyBV5m0+kHfNsT8aP7+o=
53,-86,tNvmcJ1KEZW/oMpDccJ6BMWUsoM=,7klTUuY84eHtlB4t2t+yUyIC6gY=
55,-92,tNvmcJ1KEZW/oMpDccJ6BMWUsoM=,KmkTZb0t2AyctlJFxEtLPJ2CCUo=
51,-87,tNvmcJ1KEZW/oMpDccJ6BMWUsoM=,7klTUuY84eHtlB4t2t+yUyIC6gY=
56,-92,tNvmcJ1KEZW/oMpDccJ6BMWUsoM=,04Q6NhsOZE7LH2v3zzv9Ax1bHzc=
54,-86,tNvmcJ1KEZW/oMpDccJ6BMWUsoM=,7klTUuY84eHtlB4t2t+yUyIC6gY=
54,-92,tNvmcJ1KEZW/oMpDccJ6BMWUsoM=,KmkTZb0t2AyctlJFxEtLPJ2CCUo=
56,-90,tNvmcJ1KEZW/oMpDccJ6BMWUsoM=,04Q6NhsOZE7LH2v3zzv9Ax1bHzc=
55,-86,tNvmcJ1KEZW/oMpDccJ6BMWUsoM=,7klTUuY84eHtlB4t2t+yUyIC6gY=
53,-92,tNvmcJ1KEZW/oMpDccJ6BMWUsoM=,KmkTZb0t2AyctlJFxEtLPJ2CCUo=
55,-89,tNvmcJ1KEZW/oMpDccJ6BMWUsoM=,KmkTZb0t2AyctlJFxEtLPJ2CCUo=
56,-89,tNvmcJ1KEZW/oMpDccJ6BMWUsoM=,04Q6NhsOZE7LH2v3zzv9Ax1bHzc=
48,-85,tNvmcJ1KEZW/oMpDccJ6BMWUsoM=,7klTUuY84eHtlB4t2t+yUyIC6gY=
52,-92,tNvmcJ1KEZW/oMpDccJ6BMWUsoM=,KmkTZb0t2AyctlJFxEtLPJ2CCUo=
58,-84,tNvmcJ1KEZW/oMpDccJ6BMWUsoM=,AuBsmMPoyBV5m0+kHfNsT8aP7+o=
57,-85,tNvmcJ1KEZW/oMpDccJ6BMWUsoM=,AuBsmMPoyBV5m0+kHfNsT8aP7+o=
59,-82,tNvmcJ1KEZW/oMpDccJ6BMWUsoM=,AuBsmMPoyBV5m0+kHfNsT8aP7+o=
49,-85,tNvmcJ1KEZW/oMpDccJ6BMWUsoM=,7klTUuY84eHtlB4t2t+yUyIC6gY=
57,-82,tNvmcJ1KEZW/oMpDccJ6BMWUsoM=,AuBsmMPoyBV5m0+kHfNsT8aP7+o=
59,-83,tNvmcJ1KEZW/oMpDccJ6BMWUsoM=,AuBsmMPoyBV5m0+kHfNsT8aP7+o=
58,-82,tNvmcJ1KEZW/oMpDccJ6BMWUsoM=,AuBsmMPoyBV5m0+kHfNsT8aP7+o=
57,-88,tNvmcJ1KEZW/oMpDccJ6BMWUsoM=,AuBsmMPoyBV5m0+kHfNsT8aP7+o=
58,-83,tNvmcJ1KEZW/oMpDccJ6BMWUsoM=,AuBsmMPoyBV5m0+kHfNsT8aP7+o=
59,-87,tNvmcJ1KEZW/oMpDccJ6BMWUsoM=,AuBsmMPoyBV5m0+kHfNsT8aP7+o=
58,-87,tNvmcJ1KEZW/oMpDccJ6BMWUsoM=,AuBsmMPoyBV5m0+kHfNsT8aP7+o=
50,-85,tNvmcJ1KEZW/oMpDccJ6BMWUsoM=,7klTUuY84eHtlB4t2t+yUyIC6gY=
57,-87,tNvmcJ1KEZW/oMpDccJ6BMWUsoM=,AuBsmMPoyBV5m0+kHfNsT8aP7+o=
57,-83,tNvmcJ1KEZW/oMpDccJ6BMWUsoM=,AuBsmMPoyBV5m0+kHfNsT8aP7+o=
59,-88,tNvmcJ1KEZW/oMpDccJ6BMWUsoM=,AuBsmMPoyBV5m0+kHfNsT8aP7+o=
59,-86,tNvmcJ1KEZW/oMpDccJ6BMWUsoM=,AuBsmMPoyBV5m0+kHfNsT8aP7+o=
58,-86,tNvmcJ1KEZW/oMpDccJ6BMWUsoM=,AuBsmMPoyBV5m0+kHfNsT8aP7+o=
59,-85,tNvmcJ1KEZW/oMpDccJ6BMWUsoM=,AuBsmMPoyBV5m0+kHfNsT8aP7+o=
52,-81,tNvmcJ1KEZW/oMpDccJ6BMWUsoM=,7klTUuY84eHtlB4t2t+yUyIC6gY=
51,-85,tNvmcJ1KEZW/oMpDccJ6BMWUsoM=,7klTUuY84eHtlB4t2t+yUyIC6gY=
56,-86,tNvmcJ1KEZW/oMpDccJ6BMWUsoM=,AuBsmMPoyBV5m0+kHfNsT8aP7+o=
54,-81,tNvmcJ1KEZW/oMpDccJ6BMWUsoM=,7klTUuY84eHtlB4t2t+yUyIC6gY=
53,-81,tNvmcJ1KEZW/oMpDccJ6BMWUsoM=,7klTUuY84eHtlB4t2t+yUyIC6gY=
48,-87,tNvmcJ1KEZW/oMpDccJ6BMWUsoM=,7klTUuY84eHtlB4t2t+yUyIC6gY=
50,-87,tNvmcJ1KEZW/oMpDccJ6BMWUsoM=,7klTUuY84eHtlB4t2t+yUyIC6gY=
49,-87,tNvmcJ1KEZW/oMpDccJ6BMWUsoM=,7klTUuY84eHtlB4t2t+yUyIC6gY=
55,-88,tNvmcJ1KEZW/oMpDccJ6BMWUsoM=,7klTUuY84eHtlB4t2t+yUyIC6gY=
52,-85,tNvmcJ1KEZW/oMpDccJ6BMWUsoM=,7klTUuY84eHtlB4t2t+yUyIC6gY=
55,-82,tNvmcJ1KEZW/oMpDccJ6BMWUsoM=,7klTUuY84eHtlB4t2t+yUyIC6gY=
54,-82,tNvmcJ1KEZW/oMpDccJ6BMWUsoM=,7klTUuY84eHtlB4t2t+yUyIC6gY=
53,-82,tNvmcJ1KEZW/oMpDccJ6BMWUsoM=,7klTUuY84eHtlB4t2t+yUyIC6gY=
56,-85,tNvmcJ1KEZW/oMpDccJ6BMWUsoM=,AuBsmMPoyBV5m0+kHfNsT8aP7+o=
54,-88,tNvmcJ1KEZW/oMpDccJ6BMWUsoM=,7klTUuY84eHtlB4t2t+yUyIC6gY=
52,-82,tNvmcJ1KEZW/oMpDccJ6BMWUsoM=,7klTUuY84eHtlB4t2t+yUyIC6gY=
53,-88,tNvmcJ1KEZW/oMpDccJ6BMWUsoM=,7klTUuY84eHtlB4t2t+yUyIC6gY=
53,-85,tNvmcJ1KEZW/oMpDccJ6BMWUsoM=,7klTUuY84eHtlB4t2t+yUyIC6gY=
52,-88,tNvmcJ1KEZW/oMpDccJ6BMWUsoM=,7klTUuY84eHtlB4t2t+yUyIC6gY=
54,-83,tNvmcJ1KEZW/oMpDccJ6BMWUsoM=,7klTUuY84eHtlB4t2t+yUyIC6gY=
56,-82,tNvmcJ1KEZW/oMpDccJ6BMWUsoM=,AuBsmMPoyBV5m0+kHfNsT8aP7+o=
55,-83,tNvmcJ1KEZW/oMpDccJ6BMWUsoM=,7klTUuY84eHtlB4t2t+yUyIC6gY=
56,-84,tNvmcJ1KEZW/oMpDccJ6BMWUsoM=,AuBsmMPoyBV5m0+kHfNsT8aP7+o=
51,-88,tNvmcJ1KEZW/oMpDccJ6BMWUsoM=,7klTUuY84eHtlB4t2t+yUyIC6gY=
50,-88,tNvmcJ1KEZW/oMpDccJ6BMWUsoM=,7klTUuY84eHtlB4t2t+yUyIC6gY=
54,-85,tNvmcJ1KEZW/oMpDccJ6BMWUsoM=,7klTUuY84eHtlB4t2t+yUyIC6gY=
49,-88,tNvmcJ1KEZW/oMpDccJ6BMWUsoM=,7klTUuY84eHtlB4t2t+yUyIC6gY=
56,-88,tNvmcJ1KEZW/oMpDccJ6BMWUsoM=,AuBsmMPoyBV5m0+kHfNsT8aP7+o=
48,-88,tNvmcJ1KEZW/oMpDccJ6BMWUsoM=,7klTUuY84eHtlB4t2t+yUyIC6gY=
56,-87,tNvmcJ1KEZW/oMpDccJ6BMWUsoM=,AuBsmMPoyBV5m0+kHfNsT8aP7+o=
53,-83,tNvmcJ1KEZW/oMpDccJ6BMWUsoM=,7klTUuY84eHtlB4t2t+yUyIC6gY=
56,-81,tNvmcJ1KEZW/oMpDccJ6BMWUsoM=,AuBsmMPoyBV5m0+kHfNsT8aP7+o=
55,-85,tNvmcJ1KEZW/oMpDccJ6BMWUsoM=,7klTUuY84eHtlB4t2t+yUyIC6gY=
58,-81,tNvmcJ1KEZW/oMpDccJ6BMWUsoM=,AuBsmMPoyBV5m0+kHfNsT8aP7+o=
55,-81,tNvmcJ1KEZW/oMpDccJ6BMWUsoM=,7klTUuY84eHtlB4t2t+yUyIC6gY=
59,-81,tNvmcJ1KEZW/oMpDccJ6BMWUsoM=,AuBsmMPoyBV5m0+kHfNsT8aP7+o=
56,-83,tNvmcJ1KEZW/oMpDccJ6BMWUsoM=,AuBsmMPoyBV5m0+kHfNsT8aP7+o=
52,-83,tNvmcJ1KEZW/oMpDccJ6BMWUsoM=,7klTUuY84eHtlB4t2t+yUyIC6gY=
55,-84,tNvmcJ1KEZW/oMpDccJ6BMWUsoM=,7klTUuY84eHtlB4t2t+yUyIC6gY=
54,-84,tNvmcJ1KEZW/oMpDccJ6BMWUsoM=,7klTUuY84eHtlB4t2t+yUyIC6gY=
52,-84,tNvmcJ1KEZW/oMpDccJ6BMWUsoM=,7klTUuY84eHtlB4t2t+yUyIC6gY=
62,-81,tNvmcJ1KEZW/oMpDccJ6BMWUsoM=,AuBsmMPoyBV5m0+kHfNsT8aP7+o=
53,-84,tNvmcJ1KEZW/oMpDccJ6BMWUsoM=,7klTUuY84eHtlB4t2t+yUyIC6gY=
63,-81,tNvmcJ1KEZW/oMpDccJ6BMWUsoM=,AuBsmMPoyBV5m0+kHfNsT8aP7+o=
62,-82,tNvmcJ1KEZW/oMpDccJ6BMWUsoM=,AuBsmMPoyBV5m0+kHfNsT8aP7+o=
60,-84,tNvmcJ1KEZW/oMpDccJ6BMWUsoM=,AuBsmMPoyBV5m0+kHfNsT8aP7+o=
63,-82,tNvmcJ1KEZW/oMpDccJ6BMWUsoM=,AuBsmMPoyBV5m0+kHfNsT8aP7+o=
61,-83,tNvmcJ1KEZW/oMpDccJ6BMWUsoM=,AuBsmMPoyBV5m0+kHfNsT8aP7+o=
60,-83,tNvmcJ1KEZW/oMpDccJ6BMWUsoM=,AuBsmMPoyBV5m0+kHfNsT8aP7+o=
61,-81,tNvmcJ1KEZW/oMpDccJ6BMWUsoM=,AuBsmMPoyBV5m0+kHfNsT8aP7+o=
61,-82,tNvmcJ1KEZW/oMpDccJ6BMWUsoM=,AuBsmMPoyBV5m0+kHfNsT8aP7+o=
60,-82,tNvmcJ1KEZW/oMpDccJ6BMWUsoM=,AuBsmMPoyBV5m0+kHfNsT8aP7+o=
63,-84,tNvmcJ1KEZW/oMpDccJ6BMWUsoM=,AuBsmMPoyBV5m0+kHfNsT8aP7+o=
62,-84,tNvmcJ1KEZW/oMpDccJ6BMWUsoM=,AuBsmMPoyBV5m0+kHfNsT8aP7+o=
56,-91,tNvmcJ1KEZW/oMpDccJ6BMWUsoM=,04Q6NhsOZE7LH2v3zzv9Ax1bHzc=
63,-83,tNvmcJ1KEZW/oMpDccJ6BMWUsoM=,AuBsmMPoyBV5m0+kHfNsT8aP7+o=
57,-81,tNvmcJ1KEZW/oMpDccJ6BMWUsoM=,AuBsmMPoyBV5m0+kHfNsT8aP7+o=
61,-84,tNvmcJ1KEZW/oMpDccJ6BMWUsoM=,AuBsmMPoyBV5m0+kHfNsT8aP7+o=
62,-83,tNvmcJ1KEZW/oMpDccJ6BMWUsoM=,AuBsmMPoyBV5m0+kHfNsT8aP7+o=
60,-81,tNvmcJ1KEZW/oMpDccJ6BMWUsoM=,AuBsmMPoyBV5m0+kHfNsT8aP7+o=
51,-81,tNvmcJ1KEZW/oMpDccJ6BMWUsoM=,7klTUuY84eHtlB4t2t+yUyIC6gY=
50,-81,tNvmcJ1KEZW/oMpDccJ6BMWUsoM=,7klTUuY84eHtlB4t2t+yUyIC6gY=
49,-81,tNvmcJ1KEZW/oMpDccJ6BMWUsoM=,7klTUuY84eHtlB4t2t+yUyIC6gY=
51,-82,tNvmcJ1KEZW/oMpDccJ6BMWUsoM=,7klTUuY84eHtlB4t2t+yUyIC6gY=
48,-81,tNvmcJ1KEZW/oMpDccJ6BMWUsoM=,7klTUuY84eHtlB4t2t+yUyIC6gY=
48,-84,tNvmcJ1KEZW/oMpDccJ6BMWUsoM=,7klTUuY84eHtlB4t2t+yUyIC6gY=
50,-82,tNvmcJ1KEZW/oMpDccJ6BMWUsoM=,7klTUuY84eHtlB4t2t+yUyIC6gY=
51,-83,tNvmcJ1KEZW/oMpDccJ6BMWUsoM=,7klTUuY84eHtlB4t2t+yUyIC6gY=
48,-82,tNvmcJ1KEZW/oMpDccJ6BMWUsoM=,7klTUuY84eHtlB4t2t+yUyIC6gY=
50,-83,tNvmcJ1KEZW/oMpDccJ6BMWUsoM=,7klTUuY84eHtlB4t2t+yUyIC6gY=
49,-84,tNvmcJ1KEZW/oMpDccJ6BMWUsoM=,7klTUuY84eHtlB4t2t+yUyIC6gY=
49,-82,tNvmcJ1KEZW/oMpDccJ6BMWUsoM=,7klTUuY84eHtlB4t2t+yUyIC6gY=
49,-83,tNvmcJ1KEZW/oMpDccJ6BMWUsoM=,7klTUuY84eHtlB4t2t+yUyIC6gY=
48,-83,tNvmcJ1KEZW/oMpDccJ6BMWUsoM=,7klTUuY84eHtlB4t2t+yUyIC6gY=
50,-84,tNvmcJ1KEZW/oMpDccJ6BMWUsoM=,7klTUuY84eHtlB4t2t+yUyIC6gY=
51,-84,tNvmcJ1KEZW/oMpDccJ6BMWUsoM=,7klTUuY84eHtlB4t2t+yUyIC6gY=
36,-94,omzb0K311mqeuojvAzKhCxfrlFI=,kzwgBlkbGh8hbuk3MgJscYn4g0g=
37,-94,omzb0K311mqeuojvAzKhCxfrlFI=,kzwgBlkbGh8hbuk3MgJscYn4g0g=
38,-94,omzb0K311mqeuojvAzKhCxfrlFI=,kzwgBlkbGh8hbuk3MgJscYn4g0g=
33,-93,omzb0K311mqeuojvAzKhCxfrlFI=,kzwgBlkbGh8hbuk3MgJscYn4g0g=
34,-93,omzb0K311mqeuojvAzKhCxfrlFI=,kzwgBlkbGh8hbuk3MgJscYn4g0g=
35,-93,omzb0K311mqeuojvAzKhCxfrlFI=,kzwgBlkbGh8hbuk3MgJscYn4g0g=
36,-93,omzb0K311mqeuojvAzKhCxfrlFI=,kzwgBlkbGh8hbuk3MgJscYn4g0g=
37,-93,omzb0K311mqeuojvAzKhCxfrlFI=,kzwgBlkbGh8hbuk3MgJscYn4g0g=
38,-93,omzb0K311mqeuojvAzKhCxfrlFI=,kzwgBlkbGh8hbuk3MgJscYn4g0g=
33,-95,omzb0K311mqeuojvAzKhCxfrlFI=,kzwgBlkbGh8hbuk3MgJscYn4g0g=
34,-95,omzb0K311mqeuojvAzKhCxfrlFI=,kzwgBlkbGh8hbuk3MgJscYn4g0g=
35,-95,omzb0K311mqeuojvAzKhCxfrlFI=,kzwgBlkbGh8hbuk3MgJscYn4g0g=
36,-95,omzb0K311mqeuojvAzKhCxfrlFI=,kzwgBlkbGh8hbuk3MgJscYn4g0g=
37,-95,omzb0K311mqeuojvAzKhCxfrlFI=,kzwgBlkbGh8hbuk3MgJscYn4g0g=
38,-95,omzb0K311mqeuojvAzKhCxfrlFI=,kzwgBlkbGh8hbuk3MgJscYn4g0g=
33,-94,omzb0K311mqeuojvAzKhCxfrlFI=,kzwgBlkbGh8hbuk3MgJscYn4g0g=
34,-94,omzb0K311mqeuojvAzKhCxfrlFI=,kzwgBlkbGh8hbuk3MgJscYn4g0g=
35,-94,omzb0K311mqeuojvAzKhCxfrlFI=,kzwgBlkbGh8hbuk3MgJscYn4g0g=
40,-94,omzb0K311mqeuojvAzKhCxfrlFI=,A0VsQFPgW4Nmej1Yo48mAcNzSPE=
39,-94,omzb0K311mqeuojvAzKhCxfrlFI=,kzwgBlkbGh8hbuk3MgJscYn4g0g=
41,-94,omzb0K311mqeuojvAzKhCxfrlFI=,A0VsQFPgW4Nmej1Yo48mAcNzSPE=
42,-94,omzb0K311mqeuojvAzKhCxfrlFI=,A0VsQFPgW4Nmej1Yo48mAcNzSPE=
43,-94,omzb0K311mqeuojvAzKhCxfrlFI=,A0VsQFPgW4Nmej1Yo48mAcNzSPE=
44,-94,omzb0K311mqeuojvAzKhCxfrlFI=,A0VsQFPgW4Nmej1Yo48mAcNzSPE=
45,-94,omzb0K311mqeuojvAzKhCxfrlFI=,A0VsQFPgW4Nmej1Yo48mAcNzSPE=
46,-94,omzb0K311mqeuojvAzKhCxfrlFI=,A0VsQFPgW4Nmej1Yo48mAcNzSPE=
40,-93,omzb0K311mqeuojvAzKhCxfrlFI=,A0VsQFPgW4Nmej1Yo48mAcNzSPE=
41,-93,omzb0K311mqeuojvAzKhCxfrlFI=,A0VsQFPgW4Nmej1Yo48mAcNzSPE=
39,-93,omzb0K311mqeuojvAzKhCxfrlFI=,kzwgBlkbGh8hbuk3MgJscYn4g0g=
42,-93,omzb0K311mqeuojvAzKhCxfrlFI=,A0VsQFPgW4Nmej1Yo48mAcNzSPE=
43,-93,omzb0K311mqeuojvAzKhCxfrlFI=,A0VsQFPgW4Nmej1Yo48mAcNzSPE=
44,-93,omzb0K311mqeuojvAzKhCxfrlFI=,A0VsQFPgW4Nmej1Yo48mAcNzSPE=
45,-93,omzb0K311mqeuojvAzKhCxfrlFI=,A0VsQFPgW4Nmej1Yo48mAcNzSPE=
46,-93,omzb0K311mqeuojvAzKhCxfrlFI=,A0VsQFPgW4Nmej1Yo48mAcNzSPE=
40,-95,omzb0K311mqeuojvAzKhCxfrlFI=,A0VsQFPgW4Nmej1Yo48mAcNzSPE=
41,-95,omzb0K311mqeuojvAzKhCxfrlFI=,A0VsQFPgW4Nmej1Yo48mAcNzSPE=
42,-95,omzb0K311mqeuojvAzKhCxfrlFI=,A0VsQFPgW4Nmej1Yo48mAcNzSPE=
43,-95,omzb0K311mqeuojvAzKhCxfrlFI=,A0VsQFPgW4Nmej1Yo48mAcNzSPE=
44,-95,omzb0K311mqeuojvAzKhCxfrlFI=,A0VsQFPgW4Nmej1Yo48mAcNzSPE=
45,-95,omzb0K311mqeuojvAzKhCxfrlFI=,A0VsQFPgW4Nmej1Yo48mAcNzSPE=
46,-95,omzb0K311mqeuojvAzKhCxfrlFI=,A0VsQFPgW4Nmej1Yo48mAcNzSPE=
39,-95,omzb0K311mqeuojvAzKhCxfrlFI=,kzwgBlkbGh8hbuk3MgJscYn4g0g=
43,-89,omzb0K311mqeuojvAzKhCxfrlFI=,A0VsQFPgW4Nmej1Yo48mAcNzSPE=
36,-89,omzb0K311mqeuojvAzKhCxfrlFI=,kzwgBlkbGh8hbuk3MgJscYn4g0g=
37,-89,omzb0K311mqeuojvAzKhCxfrlFI=,kzwgBlkbGh8hbuk3MgJscYn4g0g=
42,-89,omzb0K311mqeuojvAzKhCxfrlFI=,A0VsQFPgW4Nmej1Yo48mAcNzSPE=
38,-89,omzb0K311mqeuojvAzKhCxfrlFI=,kzwgBlkbGh8hbuk3MgJscYn4g0g=
41,-89,omzb0K311mqeuojvAzKhCxfrlFI=,A0VsQFPgW4Nmej1Yo48mAcNzSPE=
39,-89,omzb0K311mqeuojvAzKhCxfrlFI=,kzwgBlkbGh8hbuk3MgJscYn4g0g=
43,-90,omzb0K311mqeuojvAzKhCxfrlFI=,A0VsQFPgW4Nmej1Yo48mAcNzSPE=
39,-90,omzb0K311mqeuojvAzKhCxfrlFI=,kzwgBlkbGh8hbuk3MgJscYn4g0g=
42,-90,omzb0K311mqeuojvAzKhCxfrlFI=,A0VsQFPgW4Nmej1Yo48mAcNzSPE=
39,-91,omzb0K311mqeuojvAzKhCxfrlFI=,kzwgBlkbGh8hbuk3MgJscYn4g0g=
41,-90,omzb0K311mqeuojvAzKhCxfrlFI=,A0VsQFPgW4Nmej1Yo48mAcNzSPE=
38,-92,omzb0K311mqeuojvAzKhCxfrlFI=,kzwgBlkbGh8hbuk3MgJscYn4g0g=
36,-91,omzb0K311mqeuojvAzKhCxfrlFI=,kzwgBlkbGh8hbuk3MgJscYn4g0g=
36,-92,omzb0K311mqeuojvAzKhCxfrlFI=,kzwgBlkbGh8hbuk3MgJscYn4g0g=
37,-92,omzb0K311mqeuojvAzKhCxfrlFI=,kzwgBlkbGh8hbuk3MgJscYn4g0g=
40,-90,omzb0K311mqeuojvAzKhCxfrlFI=,A0VsQFPgW4Nmej1Yo48mAcNzSPE=
43,-91,Q2VbJZX31wG6gJtWJMVaRNbkRZs=,A0VsQFPgW4Nmej1Yo48mAcNzSPE=
39,-92,Q2VbJZX31wG6gJtWJMVaRNbkRZs=,kzwgBlkbGh8hbuk3MgJscYn4g0g=
42,-91,Q2VbJZX31wG6gJtWJMVaRNbkRZs=,A0VsQFPgW4Nmej1Yo48mAcNzSPE=
38,-90,Q2VbJZX31wG6gJtWJMVaRNbkRZs=,kzwgBlkbGh8hbuk3MgJscYn4g0g=
41,-91,Q2VbJZX31wG6gJtWJMVaRNbkRZs=,A0VsQFPgW4Nmej1Yo48mAcNzSPE=
37,-90,Q2VbJZX31wG6gJtWJMVaRNbkRZs=,kzwgBlkbGh8hbuk3MgJscYn4g0g=
40,-91,Q2VbJZX31wG6gJtWJMVaRNbkRZs=,A0VsQFPgW4Nmej1Yo48mAcNzSPE=
36,-90,Q2VbJZX31wG6gJtWJMVaRNbkRZs=,kzwgBlkbGh8hbuk3MgJscYn4g0g=
43,-92,Q2VbJZX31wG6gJtWJMVaRNbkRZs=,A0VsQFPgW4Nmej1Yo48mAcNzSPE=
38,-91,Q2VbJZX31wG6gJtWJMVaRNbkRZs=,kzwgBlkbGh8hbuk3MgJscYn4g0g=
37,-91,Q2VbJZX31wG6gJtWJMVaRNbkRZs=,kzwgBlkbGh8hbuk3MgJscYn4g0g=
40,-89,Q2VbJZX31wG6gJtWJMVaRNbkRZs=,A0VsQFPgW4Nmej1Yo48mAcNzSPE=
36,-86,Q2VbJZX31wG6gJtWJMVaRNbkRZs=,8MytjX9M1hAduuBDApz90kYCb+s=
41,-88,Q2VbJZX31wG6gJtWJMVaRNbkRZs=,Ceg8SoaGl2VTEd2/BQbrjCcVpA8=
43,-85,Q2VbJZX31wG6gJtWJMVaRNbkRZs=,Ceg8SoaGl2VTEd2/BQbrjCcVpA8=
37,-86,Q2VbJZX31wG6gJtWJMVaRNbkRZs=,8MytjX9M1hAduuBDApz90kYCb+s=
41,-87,Q2VbJZX31wG6gJtWJMVaRNbkRZs=,Ceg8SoaGl2VTEd2/BQbrjCcVpA8=
42,-87,Q2VbJZX31wG6gJtWJMVaRNbkRZs=,Ceg8SoaGl2VTEd2/BQbrjCcVpA8=
43,-87,Q2VbJZX31wG6gJtWJMVaRNbkRZs=,Ceg8SoaGl2VTEd2/BQbrjCcVpA8=
38,-86,Q2VbJZX31wG6gJtWJMVaRNbkRZs=,8MytjX9M1hAduuBDApz90kYCb+s=
41,-86,Q2VbJZX31wG6gJtWJMVaRNbkRZs=,Ceg8SoaGl2VTEd2/BQbrjCcVpA8=
42,-86,Q2VbJZX31wG6gJtWJMVaRNbkRZs=,Ceg8SoaGl2VTEd2/BQbrjCcVpA8=
41,-85,Q2VbJZX31wG6gJtWJMVaRNbkRZs=,Ceg8SoaGl2VTEd2/BQbrjCcVpA8=
42,-88,Q2VbJZX31wG6gJtWJMVaRNbkRZs=,Ceg8SoaGl2VTEd2/BQbrjCcVpA8=
43,-86,Q2VbJZX31wG6gJtWJMVaRNbkRZs=,Ceg8SoaGl2VTEd2/BQbrjCcVpA8=
39,-87,Q2VbJZX31wG6gJtWJMVaRNbkRZs=,8MytjX9M1hAduuBDApz90kYCb+s=
38,-87,Q2VbJZX31wG6gJtWJMVaRNbkRZs=,8MytjX9M1hAduuBDApz90kYCb+s=
39,-86,Q2VbJZX31wG6gJtWJMVaRNbkRZs=,8MytjX9M1hAduuBDApz90kYCb+s=
40,-88,Q2VbJZX31wG6gJtWJMVaRNbkRZs=,Ceg8SoaGl2VTEd2/BQbrjCcVpA8=
40,-87,Q2VbJZX31wG6gJtWJMVaRNbkRZs=,Ceg8SoaGl2VTEd2/BQbrjCcVpA8=
43,-88,Q2VbJZX31wG6gJtWJMVaRNbkRZs=,Ceg8SoaGl2VTEd2/BQbrjCcVpA8=
42,-85,Q2VbJZX31wG6gJtWJMVaRNbkRZs=,Ceg8SoaGl2VTEd2/BQbrjCcVpA8=
36,-85,Q2VbJZX31wG6gJtWJMVaRNbkRZs=,8MytjX9M1hAduuBDApz90kYCb+s=
40,-92,Q2VbJZX31wG6gJtWJMVaRNbkRZs=,A0VsQFPgW4Nmej1Yo48mAcNzSPE=
37,-87,Q2VbJZX31wG6gJtWJMVaRNbkRZs=,8MytjX9M1hAduuBDApz90kYCb+s=
36,-87,Q2VbJZX31wG6gJtWJMVaRNbkRZs=,8MytjX9M1hAduuBDApz90kYCb+s=
39,-88,Q2VbJZX31wG6gJtWJMVaRNbkRZs=,8MytjX9M1hAduuBDApz90kYCb+s=
38,-88,Q2VbJZX31wG6gJtWJMVaRNbkRZs=,8MytjX9M1hAduuBDApz90kYCb+s=
36,-88,Q2VbJZX31wG6gJtWJMVaRNbkRZs=,8MytjX9M1hAduuBDApz90kYCb+s=
37,-85,Q2VbJZX31wG6gJtWJMVaRNbkRZs=,8MytjX9M1hAduuBDApz90kYCb+s=
37,-88,Q2VbJZX31wG6gJtWJMVaRNbkRZs=,8MytjX9M1hAduuBDApz90kYCb+s=
40,-85,Q2VbJZX31wG6gJtWJMVaRNbkRZs=,Ceg8SoaGl2VTEd2/BQbrjCcVpA8=
40,-86,Q2VbJZX31wG6gJtWJMVaRNbkRZs=,Ceg8SoaGl2VTEd2/BQbrjCcVpA8=
39,-85,Q2VbJZX31wG6gJtWJMVaRNbkRZs=,8MytjX9M1hAduuBDApz90kYCb+s=
38,-85,Q2VbJZX31wG6gJtWJMVaRNbkRZs=,8MytjX9M1hAduuBDApz90kYCb+s=
42,-96,Q2VbJZX31wG6gJtWJMVaRNbkRZs=,A0VsQFPgW4Nmej1Yo48mAcNzSPE=
43,-96,Q2VbJZX31wG6gJtWJMVaRNbkRZs=,A0VsQFPgW4Nmej1Yo48mAcNzSPE=
41,-96,Q2VbJZX31wG6gJtWJMVaRNbkRZs=,A0VsQFPgW4Nmej1Yo48mAcNzSPE=
44,-96,Q2VbJZX31wG6gJtWJMVaRNbkRZs=,A0VsQFPgW4Nmej1Yo48mAcNzSPE=
46,-96,Q2VbJZX31wG6gJtWJMVaRNbkRZs=,A0VsQFPgW4Nmej1Yo48mAcNzSPE=
32,-93,Q2VbJZX31wG6gJtWJMVaRNbkRZs=,kzwgBlkbGh8hbuk3MgJscYn4g0g=
32,-95,Q2VbJZX31wG6gJtWJMVaRNbkRZs=,kzwgBlkbGh8hbuk3MgJscYn4g0g=
41,-92,Q2VbJZX31wG6gJtWJMVaRNbkRZs=,A0VsQFPgW4Nmej1Yo48mAcNzSPE=
47,-93,Q2VbJZX31wG6gJtWJMVaRNbkRZs=,A0VsQFPgW4Nmej1Yo48mAcNzSPE=
47,-94,Q2VbJZX31wG6gJtWJMVaRNbkRZs=,A0VsQFPgW4Nmej1Yo48mAcNzSPE=
42,-92,Q2VbJZX31wG6gJtWJMVaRNbkRZs=,A0VsQFPgW4Nmej1Yo48mAcNzSPE=
45,-96,Q2VbJZX31wG6gJtWJMVaRNbkRZs=,A0VsQFPgW4Nmej1Yo48mAcNzSPE=
39,-81,Q2VbJZX31wG6gJtWJMVaRNbkRZs=,8MytjX9M1hAduuBDApz90kYCb+s=
43,-81,Q2VbJZX31wG6gJtWJMVaRNbkRZs=,Ceg8SoaGl2VTEd2/BQbrjCcVpA8=
32,-89,Q2VbJZX31wG6gJtWJMVaRNbkRZs=,kzwgBlkbGh8hbuk3MgJscYn4g0g=
41,-82,Q2VbJZX31wG6gJtWJMVaRNbkRZs=,Ceg8SoaGl2VTEd2/BQbrjCcVpA8=
42,-82,Q2VbJZX31wG6gJtWJMVaRNbkRZs=,Ceg8SoaGl2VTEd2/BQbrjCcVpA8=
47,-86,Q2VbJZX31wG6gJtWJMVaRNbkRZs=,Ceg8SoaGl2VTEd2/BQbrjCcVpA8=
36,-84,Q2VbJZX31wG6gJtWJMVaRNbkRZs=,8MytjX9M1hAduuBDApz90kYCb+s=
42,-81,Q2VbJZX31wG6gJtWJMVaRNbkRZs=,Ceg8SoaGl2VTEd2/BQbrjCcVpA8=
46,-86,Q2VbJZX31wG6gJtWJMVaRNbkRZs=,Ceg8SoaGl2VTEd2/BQbrjCcVpA8=
37,-84,Q2VbJZX31wG6gJtWJMVaRNbkRZs=,8MytjX9M1hAduuBDApz90kYCb+s=
41,-81,Q2VbJZX31wG6gJtWJMVaRNbkRZs=,Ceg8SoaGl2VTEd2/BQbrjCcVpA8=
32,-90,Q2VbJZX31wG6gJtWJMVaRNbkRZs=,kzwgBlkbGh8hbuk3MgJscYn4g0g=
38,-84,Q2VbJZX31wG6gJtWJMVaRNbkRZs=,8MytjX9M1hAduuBDApz90kYCb+s=
40,-81,Q2VbJZX31wG6gJtWJMVaRNbkRZs=,Ceg8SoaGl2VTEd2/BQbrjCcVpA8=
32,-92,Q2VbJZX31wG6gJtWJMVaRNbkRZs=,kzwgBlkbGh8hbuk3MgJscYn4g0g=
32,-91,Q2VbJZX31wG6gJtWJMVaRNbkRZs=,kzwgBlkbGh8hbuk3MgJscYn4g0g=
45,-86,Q2VbJZX31wG6gJtWJMVaRNbkRZs=,Ceg8SoaGl2VTEd2/BQbrjCcVpA8=
39,-84,Q2VbJZX31wG6gJtWJMVaRNbkRZs=,8MytjX9M1hAduuBDApz90kYCb+s=
40,-84,Q2VbJZX31wG6gJtWJMVaRNbkRZs=,Ceg8SoaGl2VTEd2/BQbrjCcVpA8=
32,-86,Q2VbJZX31wG6gJtWJMVaRNbkRZs=,8MytjX9M1hAduuBDApz90kYCb+s=
44,-86,Q2VbJZX31wG6gJtWJMVaRNbkRZs=,Ceg8SoaGl2VTEd2/BQbrjCcVpA8=
36,-83,Q2VbJZX31wG6gJtWJMVaRNbkRZs=,8MytjX9M1hAduuBDApz90kYCb+s=
33,-86,Q2VbJZX31wG6gJtWJMVaRNbkRZs=,8MytjX9M1hAduuBDApz90kYCb+s=
40,-82,Q2VbJZX31wG6gJtWJMVaRNbkRZs=,Ceg8SoaGl2VTEd2/BQbrjCcVpA8=
43,-82,Q2VbJZX31wG6gJtWJMVaRNbkRZs=,Ceg8SoaGl2VTEd2/BQbrjCcVpA8=
47,-87,Q2VbJZX31wG6gJtWJMVaRNbkRZs=,Ceg8SoaGl2VTEd2/BQbrjCcVpA8=
37,-83,Q2VbJZX31wG6gJtWJMVaRNbkRZs=,8MytjX9M1hAduuBDApz90kYCb+s=
34,-86,Q2VbJZX31wG6gJtWJMVaRNbkRZs=,8MytjX9M1hAduuBDApz90kYCb+s=
40,-83,Q2VbJZX31wG6gJtWJMVaRNbkRZs=,Ceg8SoaGl2VTEd2/BQbrjCcVpA8=
46,-87,Q2VbJZX31wG6gJtWJMVaRNbkRZs=,Ceg8SoaGl2VTEd2/BQbrjCcVpA8=
38,-83,Q2VbJZX31wG6gJtWJMVaRNbkRZs=,8MytjX9M1hAduuBDApz90kYCb+s=
43,-83,Q2VbJZX31wG6gJtWJMVaRNbkRZs=,Ceg8SoaGl2VTEd2/BQbrjCcVpA8=
35,-86,Q2VbJZX31wG6gJtWJMVaRNbkRZs=,8MytjX9M1hAduuBDApz90kYCb+s=
39,-83,Q2VbJZX31wG6gJtWJMVaRNbkRZs=,8MytjX9M1hAduuBDApz90kYCb+s=
45,-87,Q2VbJZX31wG6gJtWJMVaRNbkRZs=,Ceg8SoaGl2VTEd2/BQbrjCcVpA8=
42,-83,Q2VbJZX31wG6gJtWJMVaRNbkRZs=,Ceg8SoaGl2VTEd2/BQbrjCcVpA8=
33,-85,Q2VbJZX31wG6gJtWJMVaRNbkRZs=,8MytjX9M1hAduuBDApz90kYCb+s=
36,-82,Q2VbJZX31wG6gJtWJMVaRNbkRZs=,8MytjX9M1hAduuBDApz90kYCb+s=
32,-85,Q2VbJZX31wG6gJtWJMVaRNbkRZs=,8MytjX9M1hAduuBDApz90kYCb+s=
41,-83,Q2VbJZX31wG6gJtWJMVaRNbkRZs=,Ceg8SoaGl2VTEd2/BQbrjCcVpA8=
37,-82,Q2VbJZX31wG6gJtWJMVaRNbkRZs=,8MytjX9M1hAduuBDApz90kYCb+s=
34,-85,Q2VbJZX31wG6gJtWJMVaRNbkRZs=,8MytjX9M1hAduuBDApz90kYCb+s=
43,-84,Q2VbJZX31wG6gJtWJMVaRNbkRZs=,Ceg8SoaGl2VTEd2/BQbrjCcVpA8=
32,-94,Q2VbJZX31wG6gJtWJMVaRNbkRZs=,kzwgBlkbGh8hbuk3MgJscYn4g0g=
35,-85,Q2VbJZX31wG6gJtWJMVaRNbkRZs=,8MytjX9M1hAduuBDApz90kYCb+s=
42,-84,Q2VbJZX31wG6gJtWJMVaRNbkRZs=,Ceg8SoaGl2VTEd2/BQbrjCcVpA8=
36,-81,Q2VbJZX31wG6gJtWJMVaRNbkRZs=,8MytjX9M1hAduuBDApz90kYCb+s=
41,-84,Q2VbJZX31wG6gJtWJMVaRNbkRZs=,Ceg8SoaGl2VTEd2/BQbrjCcVpA8=
33,-89,Q2VbJZX31wG6gJtWJMVaRNbkRZs=,kzwgBlkbGh8hbuk3MgJscYn4g0g=
40,-96,Q2VbJZX31wG6gJtWJMVaRNbkRZs=,A0VsQFPgW4Nmej1Yo48mAcNzSPE=
33,-96,Q2VbJZX31wG6gJtWJMVaRNbkRZs=,kzwgBlkbGh8hbuk3MgJscYn4g0g=
34,-96,Q2VbJZX31wG6gJtWJMVaRNbkRZs=,kzwgBlkbGh8hbuk3MgJscYn4g0g=
35,-96,Q2VbJZX31wG6gJtWJMVaRNbkRZs=,kzwgBlkbGh8hbuk3MgJscYn4g0g=
37,-96,Q2VbJZX31wG6gJtWJMVaRNbkRZs=,kzwgBlkbGh8hbuk3MgJscYn4g0g=
36,-96,Q2VbJZX31wG6gJtWJMVaRNbkRZs=,kzwgBlkbGh8hbuk3MgJscYn4g0g=
38,-96,Q2VbJZX31wG6gJtWJMVaRNbkRZs=,kzwgBlkbGh8hbuk3MgJscYn4g0g=
39,-96,Q2VbJZX31wG6gJtWJMVaRNbkRZs=,kzwgBlkbGh8hbuk3MgJscYn4g0g=
34,-89,Q2VbJZX31wG6gJtWJMVaRNbkRZs=,kzwgBlkbGh8hbuk3MgJscYn4g0g=
32,-96,Q2VbJZX31wG6gJtWJMVaRNbkRZs=,kzwgBlkbGh8hbuk3MgJscYn4g0g=
35,-89,Q2VbJZX31wG6gJtWJMVaRNbkRZs=,kzwgBlkbGh8hbuk3MgJscYn4g0g=
32,-88,Q2VbJZX31wG6gJtWJMVaRNbkRZs=,8MytjX9M1hAduuBDApz90kYCb+s=
45,-88,Q2VbJZX31wG6gJtWJMVaRNbkRZs=,Ceg8SoaGl2VTEd2/BQbrjCcVpA8=
39,-82,Q2VbJZX31wG6gJtWJMVaRNbkRZs=,8MytjX9M1hAduuBDApz90kYCb+s=
38,-81,Q2VbJZX31wG6gJtWJMVaRNbkRZs=,8MytjX9M1hAduuBDApz90kYCb+s=
33,-88,Q2VbJZX31wG6gJtWJMVaRNbkRZs=,8MytjX9M1hAduuBDApz90kYCb+s=
44,-87,Q2VbJZX31wG6gJtWJMVaRNbkRZs=,Ceg8SoaGl2VTEd2/BQbrjCcVpA8=
33,-92,Q2VbJZX31wG6gJtWJMVaRNbkRZs=,kzwgBlkbGh8hbuk3MgJscYn4g0g=
34,-88,Q2VbJZX31wG6gJtWJMVaRNbkRZs=,8MytjX9M1hAduuBDApz90kYCb+s=
46,-88,Q2VbJZX31wG6gJtWJMVaRNbkRZs=,Ceg8SoaGl2VTEd2/BQbrjCcVpA8=
35,-88,Q2VbJZX31wG6gJtWJMVaRNbkRZs=,8MytjX9M1hAduuBDApz90kYCb+s=
47,-96,Q2VbJZX31wG6gJtWJMVaRNbkRZs=,A0VsQFPgW4Nmej1Yo48mAcNzSPE=
47,-95,Q2VbJZX31wG6gJtWJMVaRNbkRZs=,A0VsQFPgW4Nmej1Yo48mAcNzSPE=
44,-88,Q2VbJZX31wG6gJtWJMVaRNbkRZs=,Ceg8SoaGl2VTEd2/BQbrjCcVpA8=
35,-87,Q2VbJZX31wG6gJtWJMVaRNbkRZs=,8MytjX9M1hAduuBDApz90kYCb+s=
47,-91,Q2VbJZX31wG6gJtWJMVaRNbkRZs=,A0VsQFPgW4Nmej1Yo48mAcNzSPE=
47,-85,Q2VbJZX31wG6gJtWJMVaRNbkRZs=,Ceg8SoaGl2VTEd2/BQbrjCcVpA8=
47,-89,Q2VbJZX31wG6gJtWJMVaRNbkRZs=,A0VsQFPgW4Nmej1Yo48mAcNzSPE=
34,-87,Q2VbJZX31wG6gJtWJMVaRNbkRZs=,8MytjX9M1hAduuBDApz90kYCb+s=
47,-88,Q2VbJZX31wG6gJtWJMVaRNbkRZs=,Ceg8SoaGl2VTEd2/BQbrjCcVpA8=
45,-92,Q2VbJZX31wG6gJtWJMVaRNbkRZs=,A0VsQFPgW4Nmej1Yo48mAcNzSPE=
44,-92,Q2VbJZX31wG6gJtWJMVaRNbkRZs=,A0VsQFPgW4Nmej1Yo48mAcNzSPE=
37,-81,Q2VbJZX31wG6gJtWJMVaRNbkRZs=,8MytjX9M1hAduuBDApz90kYCb+s=
33,-87,Q2VbJZX31wG6gJtWJMVaRNbkRZs=,8MytjX9M1hAduuBDApz90kYCb+s=
46,-85,Q2VbJZX31wG6gJtWJMVaRNbkRZs=,Ceg8SoaGl2VTEd2/BQbrjCcVpA8=
45,-85,Q2VbJZX31wG6gJtWJMVaRNbkRZs=,Ceg8SoaGl2VTEd2/BQbrjCcVpA8=
46,-92,Q2VbJZX31wG6gJtWJMVaRNbkRZs=,A0VsQFPgW4Nmej1Yo48mAcNzSPE=
44,-91,Q2VbJZX31wG6gJtWJMVaRNbkRZs=,A0VsQFPgW4Nmej1Yo48mAcNzSPE=
45,-91,Q2VbJZX31wG6gJtWJMVaRNbkRZs=,A0VsQFPgW4Nmej1Yo48mAcNzSPE=
32,-87,Q2VbJZX31wG6gJtWJMVaRNbkRZs=,8MytjX9M1hAduuBDApz90kYCb+s=
44,-85,Q2VbJZX31wG6gJtWJMVaRNbkRZs=,Ceg8SoaGl2VTEd2/BQbrjCcVpA8=
46,-91,Q2VbJZX31wG6gJtWJMVaRNbkRZs=,A0VsQFPgW4Nmej1Yo48mAcNzSPE=
44,-90,Q2VbJZX31wG6gJtWJMVaRNbkRZs=,A0VsQFPgW4Nmej1Yo48mAcNzSPE=
45,-90,Q2VbJZX31wG6gJtWJMVaRNbkRZs=,A0VsQFPgW4Nmej1Yo48mAcNzSPE=
46,-90,Q2VbJZX31wG6gJtWJMVaRNbkRZs=,A0VsQFPgW4Nmej1Yo48mAcNzSPE=
45,-89,Q2VbJZX31wG6gJtWJMVaRNbkRZs=,A0VsQFPgW4Nmej1Yo48mAcNzSPE=
44,-89,Q2VbJZX31wG6gJtWJMVaRNbkRZs=,A0VsQFPgW4Nmej1Yo48mAcNzSPE=
35,-90,Q2VbJZX31wG6gJtWJMVaRNbkRZs=,kzwgBlkbGh8hbuk3MgJscYn4g0g=
46,-89,Q2VbJZX31wG6gJtWJMVaRNbkRZs=,A0VsQFPgW4Nmej1Yo48mAcNzSPE=
34,-92,Q2VbJZX31wG6gJtWJMVaRNbkRZs=,kzwgBlkbGh8hbuk3MgJscYn4g0g=
33,-91,Q2VbJZX31wG6gJtWJMVaRNbkRZs=,kzwgBlkbGh8hbuk3MgJscYn4g0g=
35,-92,Q2VbJZX31wG6gJtWJMVaRNbkRZs=,kzwgBlkbGh8hbuk3MgJscYn4g0g=
34,-91,Q2VbJZX31wG6gJtWJMVaRNbkRZs=,kzwgBlkbGh8hbuk3MgJscYn4g0g=
35,-91,Q2VbJZX31wG6gJtWJMVaRNbkRZs=,kzwgBlkbGh8hbuk3MgJscYn4g0g=
47,-90,Q2VbJZX31wG6gJtWJMVaRNbkRZs=,A0VsQFPgW4Nmej1Yo48mAcNzSPE=
33,-90,Q2VbJZX31wG6gJtWJMVaRNbkRZs=,kzwgBlkbGh8hbuk3MgJscYn4g0g=
38,-82,Q2VbJZX31wG6gJtWJMVaRNbkRZs=,8MytjX9M1hAduuBDApz90kYCb+s=
46,-81,Q2VbJZX31wG6gJtWJMVaRNbkRZs=,Ceg8SoaGl2VTEd2/BQbrjCcVpA8=
34,-90,Q2VbJZX31wG6gJtWJMVaRNbkRZs=,kzwgBlkbGh8hbuk3MgJscYn4g0g=
44,-84,Q2VbJZX31wG6gJtWJMVaRNbkRZs=,Ceg8SoaGl2VTEd2/BQbrjCcVpA8=
47,-81,Q2VbJZX31wG6gJtWJMVaRNbkRZs=,Ceg8SoaGl2VTEd2/BQbrjCcVpA8=
46,-84,Q2VbJZX31wG6gJtWJMVaRNbkRZs=,Ceg8SoaGl2VTEd2/BQbrjCcVpA8=
46,-83,Q2VbJZX31wG6gJtWJMVaRNbkRZs=,Ceg8SoaGl2VTEd2/BQbrjCcVpA8=
47,-83,Q2VbJZX31wG6gJtWJMVaRNbkRZs=,Ceg8SoaGl2VTEd2/BQbrjCcVpA8=
47,-84,Q2VbJZX31wG6gJtWJMVaRNbkRZs=,Ceg8SoaGl2VTEd2/BQbrjCcVpA8=
45,-81,Q2VbJZX31wG6gJtWJMVaRNbkRZs=,Ceg8SoaGl2VTEd2/BQbrjCcVpA8=
44,-82,Q2VbJZX31wG6gJtWJMVaRNbkRZs=,Ceg8SoaGl2VTEd2/BQbrjCcVpA8=
45,-82,Q2VbJZX31wG6gJtWJMVaRNbkRZs=,Ceg8SoaGl2VTEd2/BQbrjCcVpA8=
46,-82,Q2VbJZX31wG6gJtWJMVaRNbkRZs=,Ceg8SoaGl2VTEd2/BQbrjCcVpA8=
32,-84,Q2VbJZX31wG6gJtWJMVaRNbkRZs=,8MytjX9M1hAduuBDApz90kYCb+s=
32,-81,Q2VbJZX31wG6gJtWJMVaRNbkRZs=,8MytjX9M1hAduuBDApz90kYCb+s=
44,-81,Q2VbJZX31wG6gJtWJMVaRNbkRZs=,Ceg8SoaGl2VTEd2/BQbrjCcVpA8=
33,-81,Q2VbJZX31wG6gJtWJMVaRNbkRZs=,8MytjX9M1hAduuBDApz90kYCb+s=
35,-81,Q2VbJZX31wG6gJtWJMVaRNbkRZs=,8MytjX9M1hAduuBDApz90kYCb+s=
34,-81,Q2VbJZX31wG6gJtWJMVaRNbkRZs=,8MytjX9M1hAduuBDApz90kYCb+s=
35,-82,Q2VbJZX31wG6gJtWJMVaRNbkRZs=,8MytjX9M1hAduuBDApz90kYCb+s=
34,-82,Q2VbJZX31wG6gJtWJMVaRNbkRZs=,8MytjX9M1hAduuBDApz90kYCb+s=
33,-84,Q2VbJZX31wG6gJtWJMVaRNbkRZs=,8MytjX9M1hAduuBDApz90kYCb+s=
32,-82,Q2VbJZX31wG6gJtWJMVaRNbkRZs=,8MytjX9M1hAduuBDApz90kYCb+s=
33,-82,Q2VbJZX31wG6gJtWJMVaRNbkRZs=,8MytjX9M1hAduuBDApz90kYCb+s=
45,-83,Q2VbJZX31wG6gJtWJMVaRNbkRZs=,Ceg8SoaGl2VTEd2/BQbrjCcVpA8=
35,-83,Q2VbJZX31wG6gJtWJMVaRNbkRZs=,8MytjX9M1hAduuBDApz90kYCb+s=
34,-84,Q2VbJZX31wG6gJtWJMVaRNbkRZs=,8MytjX9M1hAduuBDApz90kYCb+s=
34,-83,Q2VbJZX31wG6gJtWJMVaRNbkRZs=,8MytjX9M1hAduuBDApz90kYCb+s=
33,-83,Q2VbJZX31wG6gJtWJMVaRNbkRZs=,8MytjX9M1hAduuBDApz90kYCb+s=
47,-92,Q2VbJZX31wG6gJtWJMVaRNbkRZs=,A0VsQFPgW4Nmej1Yo48mAcNzSPE=
32,-83,Q2VbJZX31wG6gJtWJMVaRNbkRZs=,8MytjX9M1hAduuBDApz90kYCb+s=
35,-84,Q2VbJZX31wG6gJtWJMVaRNbkRZs=,8MytjX9M1hAduuBDApz90kYCb+s=
47,-82,Q2VbJZX31wG6gJtWJMVaRNbkRZs=,Ceg8SoaGl2VTEd2/BQbrjCcVpA8=
45,-84,Q2VbJZX31wG6gJtWJMVaRNbkRZs=,Ceg8SoaGl2VTEd2/BQbrjCcVpA8=
44,-83,Q2VbJZX31wG6gJtWJMVaRNbkRZs=,Ceg8SoaGl2VTEd2/BQbrjCcVpA8=
43,-73,OBOTR/2A2PukZZsO20H/GNFHdHQ=,57a+3ieJWREzyDT3ewCmOT+8EmA=
42,-73,OBOTR/2A2PukZZsO20H/GNFHdHQ=,57a+3ieJWREzyDT3ewCmOT+8EmA=
41,-73,OBOTR/2A2PukZZsO20H/GNFHdHQ=,57a+3ieJWREzyDT3ewCmOT+8EmA=
43,-74,OBOTR/2A2PukZZsO20H/GNFHdHQ=,57a+3ieJWREzyDT3ewCmOT+8EmA=
36,-76,OBOTR/2A2PukZZsO20H/GNFHdHQ=,9HhKPAGiNcM9ktLqqI5ul4zv8ao=
38,-76,OBOTR/2A2PukZZsO20H/GNFHdHQ=,9HhKPAGiNcM9ktLqqI5ul4zv8ao=
37,-76,OBOTR/2A2PukZZsO20H/GNFHdHQ=,9HhKPAGiNcM9ktLqqI5ul4zv8ao=
38,-75,OBOTR/2A2PukZZsO20H/GNFHdHQ=,9HhKPAGiNcM9ktLqqI5ul4zv8ao=
36,-75,OBOTR/2A2PukZZsO20H/GNFHdHQ=,9HhKPAGiNcM9ktLqqI5ul4zv8ao=
37,-75,OBOTR/2A2PukZZsO20H/GNFHdHQ=,9HhKPAGiNcM9ktLqqI5ul4zv8ao=
42,-74,OBOTR/2A2PukZZsO20H/GNFHdHQ=,57a+3ieJWREzyDT3ewCmOT+8EmA=
41,-74,OBOTR/2A2PukZZsO20H/GNFHdHQ=,57a+3ieJWREzyDT3ewCmOT+8EmA=
40,-74,OBOTR/2A2PukZZsO20H/GNFHdHQ=,57a+3ieJWREzyDT3ewCmOT+8EmA=
39,-74,OBOTR/2A2PukZZsO20H/GNFHdHQ=,9HhKPAGiNcM9ktLqqI5ul4zv8ao=
43,-75,OBOTR/2A2PukZZsO20H/GNFHdHQ=,57a+3ieJWREzyDT3ewCmOT+8EmA=
42,-75,OBOTR/2A2PukZZsO20H/GNFHdHQ=,57a+3ieJWREzyDT3ewCmOT+8EmA=
41,-75,OBOTR/2A2PukZZsO20H/GNFHdHQ=,57a+3ieJWREzyDT3ewCmOT+8EmA=
36,-74,OBOTR/2A2PukZZsO20H/GNFHdHQ=,9HhKPAGiNcM9ktLqqI5ul4zv8ao=
37,-74,OBOTR/2A2PukZZsO20H/GNFHdHQ=,9HhKPAGiNcM9ktLqqI5ul4zv8ao=
40,-75,OBOTR/2A2PukZZsO20H/GNFHdHQ=,57a+3ieJWREzyDT3ewCmOT+8EmA=
38,-74,OBOTR/2A2PukZZsO20H/GNFHdHQ=,9HhKPAGiNcM9ktLqqI5ul4zv8ao=
39,-75,OBOTR/2A2PukZZsO20H/GNFHdHQ=,9HhKPAGiNcM9ktLqqI5ul4zv8ao=
39,-76,OBOTR/2A2PukZZsO20H/GNFHdHQ=,9HhKPAGiNcM9ktLqqI5ul4zv8ao=
40,-73,OBOTR/2A2PukZZsO20H/GNFHdHQ=,57a+3ieJWREzyDT3ewCmOT+8EmA=
43,-76,OBOTR/2A2PukZZsO20H/GNFHdHQ=,57a+3ieJWREzyDT3ewCmOT+8EmA=
42,-76,OBOTR/2A2PukZZsO20H/GNFHdHQ=,57a+3ieJWREzyDT3ewCmOT+8EmA=
41,-76,OBOTR/2A2PukZZsO20H/GNFHdHQ=,57a+3ieJWREzyDT3ewCmOT+8EmA=
40,-76,OBOTR/2A2PukZZsO20H/GNFHdHQ=,57a+3ieJWREzyDT3ewCmOT+8EmA=
37,-73,OBOTR/2A2PukZZsO20H/GNFHdHQ=,9HhKPAGiNcM9ktLqqI5ul4zv8ao=
39,-73,OBOTR/2A2PukZZsO20H/GNFHdHQ=,9HhKPAGiNcM9ktLqqI5ul4zv8ao=
40,-72,OBOTR/2A2PukZZsO20H/GNFHdHQ=,igxbFrYBxGvAaFdgVtpszf90vaQ=
36,-73,OBOTR/2A2PukZZsO20H/GNFHdHQ=,9HhKPAGiNcM9ktLqqI5ul4zv8ao=
38,-73,OBOTR/2A2PukZZsO20H/GNFHdHQ=,9HhKPAGiNcM9ktLqqI5ul4zv8ao=
38,-70,OBOTR/2A2PukZZsO20H/GNFHdHQ=,f5gWZsjz5+uTbaJhansst8Vqgcw=
37,-69,OBOTR/2A2PukZZsO20H/GNFHdHQ=,f5gWZsjz5+uTbaJhansst8Vqgcw=
39,-70,OBOTR/2A2PukZZsO20H/GNFHdHQ=,f5gWZsjz5+uTbaJhansst8Vqgcw=
47,-74,OBOTR/2A2PukZZsO20H/GNFHdHQ=,57a+3ieJWREzyDT3ewCmOT+8EmA=
37,-70,OBOTR/2A2PukZZsO20H/GNFHdHQ=,f5gWZsjz5+uTbaJhansst8Vqgcw=
36,-69,OBOTR/2A2PukZZsO20H/GNFHdHQ=,f5gWZsjz5+uTbaJhansst8Vqgcw=
38,-69,OBOTR/2A2PukZZsO20H/GNFHdHQ=,f5gWZsjz5+uTbaJhansst8Vqgcw=
39,-69,OBOTR/2A2PukZZsO20H/GNFHdHQ=,f5gWZsjz5+uTbaJhansst8Vqgcw=
40,-71,OBOTR/2A2PukZZsO20H/GNFHdHQ=,igxbFrYBxGvAaFdgVtpszf90vaQ=
40,-70,OBOTR/2A2PukZZsO20H/GNFHdHQ=,igxbFrYBxGvAaFdgVtpszf90vaQ=
47,-75,OBOTR/2A2PukZZsO20H/GNFHdHQ=,57a+3ieJWREzyDT3ewCmOT+8EmA=
47,-76,OBOTR/2A2PukZZsO20H/GNFHdHQ=,57a+3ieJWREzyDT3ewCmOT+8EmA=
46,-73,OBOTR/2A2PukZZsO20H/GNFHdHQ=,57a+3ieJWREzyDT3ewCmOT+8EmA=
45,-73,OBOTR/2A2PukZZsO20H/GNFHdHQ=,57a+3ieJWREzyDT3ewCmOT+8EmA=
36,-70,OBOTR/2A2PukZZsO20H/GNFHdHQ=,f5gWZsjz5+uTbaJhansst8Vqgcw=
44,-73,OBOTR/2A2PukZZsO20H/GNFHdHQ=,57a+3ieJWREzyDT3ewCmOT+8EmA=
46,-74,OBOTR/2A2PukZZsO20H/GNFHdHQ=,57a+3ieJWREzyDT3ewCmOT+8EmA=
45,-74,OBOTR/2A2PukZZsO20H/GNFHdHQ=,57a+3ieJWREzyDT3ewCmOT+8EmA=
39,-71,OBOTR/2A2PukZZsO20H/GNFHdHQ=,f5gWZsjz5+uTbaJhansst8Vqgcw=
44,-74,OBOTR/2A2PukZZsO20H/GNFHdHQ=,57a+3ieJWREzyDT3ewCmOT+8EmA=
46,-75,OBOTR/2A2PukZZsO20H/GNFHdHQ=,57a+3ieJWREzyDT3ewCmOT+8EmA=
36,-72,OBOTR/2A2PukZZsO20H/GNFHdHQ=,f5gWZsjz5+uTbaJhansst8Vqgcw=
45,-75,OBOTR/2A2PukZZsO20H/GNFHdHQ=,57a+3ieJWREzyDT3ewCmOT+8EmA=
44,-75,OBOTR/2A2PukZZsO20H/GNFHdHQ=,57a+3ieJWREzyDT3ewCmOT+8EmA=
46,-76,OBOTR/2A2PukZZsO20H/GNFHdHQ=,57a+3ieJWREzyDT3ewCmOT+8EmA=
45,-76,OBOTR/2A2PukZZsO20H/GNFHdHQ=,57a+3ieJWREzyDT3ewCmOT+8EmA=
44,-76,OBOTR/2A2PukZZsO20H/GNFHdHQ=,57a+3ieJWREzyDT3ewCmOT+8EmA=
42,-72,OBOTR/2A2PukZZsO20H/GNFHdHQ=,igxbFrYBxGvAaFdgVtpszf90vaQ=
43,-72,OBOTR/2A2PukZZsO20H/GNFHdHQ=,igxbFrYBxGvAaFdgVtpszf90vaQ=
38,-71,OBOTR/2A2PukZZsO20H/GNFHdHQ=,f5gWZsjz5+uTbaJhansst8Vqgcw=
42,-70,OBOTR/2A2PukZZsO20H/GNFHdHQ=,igxbFrYBxGvAaFdgVtpszf90vaQ=
41,-70,OBOTR/2A2PukZZsO20H/GNFHdHQ=,igxbFrYBxGvAaFdgVtpszf90vaQ=
47,-71,OBOTR/2A2PukZZsO20H/GNFHdHQ=,igxbFrYBxGvAaFdgVtpszf90vaQ=
43,-69,OBOTR/2A2PukZZsO20H/GNFHdHQ=,igxbFrYBxGvAaFdgVtpszf90vaQ=
40,-69,OBOTR/2A2PukZZsO20H/GNFHdHQ=,igxbFrYBxGvAaFdgVtpszf90vaQ=
42,-69,OBOTR/2A2PukZZsO20H/GNFHdHQ=,igxbFrYBxGvAaFdgVtpszf90vaQ=
47,-73,OBOTR/2A2PukZZsO20H/GNFHdHQ=,57a+3ieJWREzyDT3ewCmOT+8EmA=
41,-71,OBOTR/2A2PukZZsO20H/GNFHdHQ=,igxbFrYBxGvAaFdgVtpszf90vaQ=
43,-71,OBOTR/2A2PukZZsO20H/GNFHdHQ=,igxbFrYBxGvAaFdgVtpszf90vaQ=
36,-71,OBOTR/2A2PukZZsO20H/GNFHdHQ=,f5gWZsjz5+uTbaJhansst8Vqgcw=
37,-71,OBOTR/2A2PukZZsO20H/GNFHdHQ=,f5gWZsjz5+uTbaJhansst8Vqgcw=
47,-70,OBOTR/2A2PukZZsO20H/GNFHdHQ=,igxbFrYBxGvAaFdgVtpszf90vaQ=
42,-71,OBOTR/2A2PukZZsO20H/GNFHdHQ=,igxbFrYBxGvAaFdgVtpszf90vaQ=
41,-72,OBOTR/2A2PukZZsO20H/GNFHdHQ=,igxbFrYBxGvAaFdgVtpszf90vaQ=
38,-72,OBOTR/2A2PukZZsO20H/GNFHdHQ=,f5gWZsjz5+uTbaJhansst8Vqgcw=
43,-70,OBOTR/2A2PukZZsO20H/GNFHdHQ=,igxbFrYBxGvAaFdgVtpszf90vaQ=
45,-71,OBOTR/2A2PukZZsO20H/GNFHdHQ=,igxbFrYBxGvAaFdgVtpszf90vaQ=
37,-72,OBOTR/2A2PukZZsO20H/GNFHdHQ=,f5gWZsjz5+uTbaJhansst8Vqgcw=
41,-69,OBOTR/2A2PukZZsO20H/GNFHdHQ=,igxbFrYBxGvAaFdgVtpszf90vaQ=
39,-72,OBOTR/2A2PukZZsO20H/GNFHdHQ=,f5gWZsjz5+uTbaJhansst8Vqgcw=
46,-70,OBOTR/2A2PukZZsO20H/GNFHdHQ=,igxbFrYBxGvAaFdgVtpszf90vaQ=
47,-69,OBOTR/2A2PukZZsO20H/GNFHdHQ=,igxbFrYBxGvAaFdgVtpszf90vaQ=
47,-72,OBOTR/2A2PukZZsO20H/GNFHdHQ=,igxbFrYBxGvAaFdgVtpszf90vaQ=
45,-70,OBOTR/2A2PukZZsO20H/GNFHdHQ=,igxbFrYBxGvAaFdgVtpszf90vaQ=
32,-73,OBOTR/2A2PukZZsO20H/GNFHdHQ=,9HhKPAGiNcM9ktLqqI5ul4zv8ao=
46,-72,OBOTR/2A2PukZZsO20H/GNFHdHQ=,igxbFrYBxGvAaFdgVtpszf90vaQ=
32,-74,OBOTR/2A2PukZZsO20H/GNFHdHQ=,9HhKPAGiNcM9ktLqqI5ul4zv8ao=
39,-65,OBOTR/2A2PukZZsO20H/GNFHdHQ=,f5gWZsjz5+uTbaJhansst8Vqgcw=
43,-65,I431mSmvhbBBXUp/3IpIFGAcxp4=,igxbFrYBxGvAaFdgVtpszf90vaQ=
46,-71,I431mSmvhbBBXUp/3IpIFGAcxp4=,igxbFrYBxGvAaFdgVtpszf90vaQ=
32,-75,I431mSmvhbBBXUp/3IpIFGAcxp4=,9HhKPAGiNcM9ktLqqI5ul4zv8ao=
43,-66,I431mSmvhbBBXUp/3IpIFGAcxp4=,igxbFrYBxGvAaFdgVtpszf90vaQ=
38,-80,I431mSmvhbBBXUp/3IpIFGAcxp4=,9HhKPAGiNcM9ktLqqI5ul4zv8ao=
41,-67,I431mSmvhbBBXUp/3IpIFGAcxp4=,igxbFrYBxGvAaFdgVtpszf90vaQ=
46,-69,I431mSmvhbBBXUp/3IpIFGAcxp4=,igxbFrYBxGvAaFdgVtpszf90vaQ=
33,-70,I431mSmvhbBBXUp/3IpIFGAcxp4=,f5gWZsjz5+uTbaJhansst8Vqgcw=
32,-76,I431mSmvhbBBXUp/3IpIFGAcxp4=,9HhKPAGiNcM9ktLqqI5ul4zv8ao=
37,-80,I431mSmvhbBBXUp/3IpIFGAcxp4=,9HhKPAGiNcM9ktLqqI5ul4zv8ao=
38,-65,I431mSmvhbBBXUp/3IpIFGAcxp4=,f5gWZsjz5+uTbaJhansst8Vqgcw=
42,-67,I431mSmvhbBBXUp/3IpIFGAcxp4=,igxbFrYBxGvAaFdgVtpszf90vaQ=
34,-70,I431mSmvhbBBXUp/3IpIFGAcxp4=,f5gWZsjz5+uTbaJhansst8Vqgcw=
35,-70,I431mSmvhbBBXUp/3IpIFGAcxp4=,f5gWZsjz5+uTbaJhansst8Vqgcw=
45,-72,I431mSmvhbBBXUp/3IpIFGAcxp4=,igxbFrYBxGvAaFdgVtpszf90vaQ=
36,-80,I431mSmvhbBBXUp/3IpIFGAcxp4=,9HhKPAGiNcM9ktLqqI5ul4zv8ao=
32,-70,I431mSmvhbBBXUp/3IpIFGAcxp4=,f5gWZsjz5+uTbaJhansst8Vqgcw=
42,-66,I431mSmvhbBBXUp/3IpIFGAcxp4=,igxbFrYBxGvAaFdgVtpszf90vaQ=
42,-65,I431mSmvhbBBXUp/3IpIFGAcxp4=,igxbFrYBxGvAaFdgVtpszf90vaQ=
32,-71,I431mSmvhbBBXUp/3IpIFGAcxp4=,f5gWZsjz5+uTbaJhansst8Vqgcw=
36,-66,I431mSmvhbBBXUp/3IpIFGAcxp4=,f5gWZsjz5+uTbaJhansst8Vqgcw=
39,-79,I431mSmvhbBBXUp/3IpIFGAcxp4=,9HhKPAGiNcM9ktLqqI5ul4zv8ao=
44,-72,I431mSmvhbBBXUp/3IpIFGAcxp4=,igxbFrYBxGvAaFdgVtpszf90vaQ=
33,-69,I431mSmvhbBBXUp/3IpIFGAcxp4=,f5gWZsjz5+uTbaJhansst8Vqgcw=
32,-69,I431mSmvhbBBXUp/3IpIFGAcxp4=,f5gWZsjz5+uTbaJhansst8Vqgcw=
35,-69,I431mSmvhbBBXUp/3IpIFGAcxp4=,f5gWZsjz5+uTbaJhansst8Vqgcw=
38,-66,I431mSmvhbBBXUp/3IpIFGAcxp4=,f5gWZsjz5+uTbaJhansst8Vqgcw=
41,-66,I431mSmvhbBBXUp/3IpIFGAcxp4=,igxbFrYBxGvAaFdgVtpszf90vaQ=
33,-73,I431mSmvhbBBXUp/3IpIFGAcxp4=,9HhKPAGiNcM9ktLqqI5ul4zv8ao=
39,-66,I431mSmvhbBBXUp/3IpIFGAcxp4=,f5gWZsjz5+uTbaJhansst8Vqgcw=
39,-77,I431mSmvhbBBXUp/3IpIFGAcxp4=,9HhKPAGiNcM9ktLqqI5ul4zv8ao=
34,-69,I431mSmvhbBBXUp/3IpIFGAcxp4=,f5gWZsjz5+uTbaJhansst8Vqgcw=
35,-73,I431mSmvhbBBXUp/3IpIFGAcxp4=,9HhKPAGiNcM9ktLqqI5ul4zv8ao=
33,-72,I431mSmvhbBBXUp/3IpIFGAcxp4=,f5gWZsjz5+uTbaJhansst8Vqgcw=
44,-70,I431mSmvhbBBXUp/3IpIFGAcxp4=,igxbFrYBxGvAaFdgVtpszf90vaQ=
34,-72,I431mSmvhbBBXUp/3IpIFGAcxp4=,f5gWZsjz5+uTbaJhansst8Vqgcw=
43,-67,I431mSmvhbBBXUp/3IpIFGAcxp4=,igxbFrYBxGvAaFdgVtpszf90vaQ=
35,-71,I431mSmvhbBBXUp/3IpIFGAcxp4=,f5gWZsjz5+uTbaJhansst8Vqgcw=
37,-65,I431mSmvhbBBXUp/3IpIFGAcxp4=,f5gWZsjz5+uTbaJhansst8Vqgcw=
35,-72,I431mSmvhbBBXUp/3IpIFGAcxp4=,f5gWZsjz5+uTbaJhansst8Vqgcw=
34,-74,I431mSmvhbBBXUp/3IpIFGAcxp4=,9HhKPAGiNcM9ktLqqI5ul4zv8ao=
34,-73,I431mSmvhbBBXUp/3IpIFGAcxp4=,9HhKPAGiNcM9ktLqqI5ul4zv8ao=
41,-68,I431mSmvhbBBXUp/3IpIFGAcxp4=,igxbFrYBxGvAaFdgVtpszf90vaQ=
35,-74,I431mSmvhbBBXUp/3IpIFGAcxp4=,9HhKPAGiNcM9ktLqqI5ul4zv8ao=
33,-75,I431mSmvhbBBXUp/3IpIFGAcxp4=,9HhKPAGiNcM9ktLqqI5ul4zv8ao=
34,-71,I431mSmvhbBBXUp/3IpIFGAcxp4=,f5gWZsjz5+uTbaJhansst8Vqgcw=
39,-78,I431mSmvhbBBXUp/3IpIFGAcxp4=,9HhKPAGiNcM9ktLqqI5ul4zv8ao=
34,-75,I431mSmvhbBBXUp/3IpIFGAcxp4=,9HhKPAGiNcM9ktLqqI5ul4zv8ao=
35,-75,I431mSmvhbBBXUp/3IpIFGAcxp4=,9HhKPAGiNcM9ktLqqI5ul4zv8ao=
34,-76,I431mSmvhbBBXUp/3IpIFGAcxp4=,9HhKPAGiNcM9ktLqqI5ul4zv8ao=
45,-69,I431mSmvhbBBXUp/3IpIFGAcxp4=,igxbFrYBxGvAaFdgVtpszf90vaQ=
33,-74,I431mSmvhbBBXUp/3IpIFGAcxp4=,9HhKPAGiNcM9ktLqqI5ul4zv8ao=
37,-66,I431mSmvhbBBXUp/3IpIFGAcxp4=,f5gWZsjz5+uTbaJhansst8Vqgcw=
33,-76,I431mSmvhbBBXUp/3IpIFGAcxp4=,9HhKPAGiNcM9ktLqqI5ul4zv8ao=
38,-79,I431mSmvhbBBXUp/3IpIFGAcxp4=,9HhKPAGiNcM9ktLqqI5ul4zv8ao=
33,-71,I431mSmvhbBBXUp/3IpIFGAcxp4=,f5gWZsjz5+uTbaJhansst8Vqgcw=
41,-65,I431mSmvhbBBXUp/3IpIFGAcxp4=,igxbFrYBxGvAaFdgVtpszf90vaQ=
35,-76,I431mSmvhbBBXUp/3IpIFGAcxp4=,9HhKPAGiNcM9ktLqqI5ul4zv8ao=
32,-72,I431mSmvhbBBXUp/3IpIFGAcxp4=,f5gWZsjz5+uTbaJhansst8Vqgcw=
44,-71,I431mSmvhbBBXUp/3IpIFGAcxp4=,igxbFrYBxGvAaFdgVtpszf90vaQ=
37,-79,I431mSmvhbBBXUp/3IpIFGAcxp4=,9HhKPAGiNcM9ktLqqI5ul4zv8ao=
39,-80,I431mSmvhbBBXUp/3IpIFGAcxp4=,9HhKPAGiNcM9ktLqqI5ul4zv8ao=
36,-65,easgXZ9q9nLf9MxvH3/N/Mh/DOM=,f5gWZsjz5+uTbaJhansst8Vqgcw=
36,-79,easgXZ9q9nLf9MxvH3/N/Mh/DOM=,9HhKPAGiNcM9ktLqqI5ul4zv8ao=
39,-67,easgXZ9q9nLf9MxvH3/N/Mh/DOM=,f5gWZsjz5+uTbaJhansst8Vqgcw=
44,-69,easgXZ9q9nLf9MxvH3/N/Mh/DOM=,igxbFrYBxGvAaFdgVtpszf90vaQ=
40,-68,easgXZ9q9nLf9MxvH3/N/Mh/DOM=,igxbFrYBxGvAaFdgVtpszf90vaQ=
40,-67,easgXZ9q9nLf9MxvH3/N/Mh/DOM=,igxbFrYBxGvAaFdgVtpszf90vaQ=
43,-68,easgXZ9q9nLf9MxvH3/N/Mh/DOM=,igxbFrYBxGvAaFdgVtpszf90vaQ=
38,-77,easgXZ9q9nLf9MxvH3/N/Mh/DOM=,9HhKPAGiNcM9ktLqqI5ul4zv8ao=
32,-79,easgXZ9q9nLf9MxvH3/N/Mh/DOM=,9HhKPAGiNcM9ktLqqI5ul4zv8ao=
37,-77,easgXZ9q9nLf9MxvH3/N/Mh/DOM=,9HhKPAGiNcM9ktLqqI5ul4zv8ao=
35,-80,easgXZ9q9nLf9MxvH3/N/Mh/DOM=,9HhKPAGiNcM9ktLqqI5ul4zv8ao=
36,-68,easgXZ9q9nLf9MxvH3/N/Mh/DOM=,f5gWZsjz5+uTbaJhansst8Vqgcw=
45,-65,LWZjpPz95HBmdWUEVi+83XmPm+g=,igxbFrYBxGvAaFdgVtpszf90vaQ=
32,-65,LWZjpPz95HBmdWUEVi+83XmPm+g=,f5gWZsjz5+uTbaJhansst8Vqgcw=
34,-80,LWZjpPz95HBmdWUEVi+83XmPm+g=,9HhKPAGiNcM9ktLqqI5ul4zv8ao=
42,-68,LWZjpPz95HBmdWUEVi+83XmPm+g=,igxbFrYBxGvAaFdgVtpszf90vaQ=
36,-67,LWZjpPz95HBmdWUEVi+83XmPm+g=,f5gWZsjz5+uTbaJhansst8Vqgcw=
38,-67,LWZjpPz95HBmdWUEVi+83XmPm+g=,f5gWZsjz5+uTbaJhansst8Vqgcw=
37,-68,LWZjpPz95HBmdWUEVi+83XmPm+g=,f5gWZsjz5+uTbaJhansst8Vqgcw=
37,-67,LWZjpPz95HBmdWUEVi+83XmPm+g=,f5gWZsjz5+uTbaJhansst8Vqgcw=
40,-65,LWZjpPz95HBmdWUEVi+83XmPm+g=,igxbFrYBxGvAaFdgVtpszf90vaQ=
47,-66,LWZjpPz95HBmdWUEVi+83XmPm+g=,igxbFrYBxGvAaFdgVtpszf90vaQ=
38,-68,LWZjpPz95HBmdWUEVi+83XmPm+g=,f5gWZsjz5+uTbaJhansst8Vqgcw=
40,-66,LWZjpPz95HBmdWUEVi+83XmPm+g=,igxbFrYBxGvAaFdgVtpszf90vaQ=
33,-80,LWZjpPz95HBmdWUEVi+83XmPm+g=,9HhKPAGiNcM9ktLqqI5ul4zv8ao=
36,-77,LWZjpPz95HBmdWUEVi+83XmPm+g=,9HhKPAGiNcM9ktLqqI5ul4zv8ao=
35,-66,LWZjpPz95HBmdWUEVi+83XmPm+g=,f5gWZsjz5+uTbaJhansst8Vqgcw=
44,-68,LWZjpPz95HBmdWUEVi+83XmPm+g=,igxbFrYBxGvAaFdgVtpszf90vaQ=
32,-78,LWZjpPz95HBmdWUEVi+83XmPm+g=,9HhKPAGiNcM9ktLqqI5ul4zv8ao=
34,-66,LWZjpPz95HBmdWUEVi+83XmPm+g=,f5gWZsjz5+uTbaJhansst8Vqgcw=
46,-67,LWZjpPz95HBmdWUEVi+83XmPm+g=,igxbFrYBxGvAaFdgVtpszf90vaQ=
33,-65,LWZjpPz95HBmdWUEVi+83XmPm+g=,f5gWZsjz5+uTbaJhansst8Vqgcw=
34,-68,LWZjpPz95HBmdWUEVi+83XmPm+g=,f5gWZsjz5+uTbaJhansst8Vqgcw=
35,-65,LWZjpPz95HBmdWUEVi+83XmPm+g=,f5gWZsjz5+uTbaJhansst8Vqgcw=
46,-68,LWZjpPz95HBmdWUEVi+83XmPm+g=,igxbFrYBxGvAaFdgVtpszf90vaQ=
32,-77,LWZjpPz95HBmdWUEVi+83XmPm+g=,9HhKPAGiNcM9ktLqqI5ul4zv8ao=
39,-68,LWZjpPz95HBmdWUEVi+83XmPm+g=,f5gWZsjz5+uTbaJhansst8Vqgcw=
34,-78,LWZjpPz95HBmdWUEVi+83XmPm+g=,9HhKPAGiNcM9ktLqqI5ul4zv8ao=
47,-65,LWZjpPz95HBmdWUEVi+83XmPm+g=,igxbFrYBxGvAaFdgVtpszf90vaQ=
35,-78,LWZjpPz95HBmdWUEVi+83XmPm+g=,9HhKPAGiNcM9ktLqqI5ul4zv8ao=
33,-78,LWZjpPz95HBmdWUEVi+83XmPm+g=,9HhKPAGiNcM9ktLqqI5ul4zv8ao=
35,-79,LWZjpPz95HBmdWUEVi+83XmPm+g=,9HhKPAGiNcM9ktLqqI5ul4zv8ao=
33,-79,LWZjpPz95HBmdWUEVi+83XmPm+g=,9HhKPAGiNcM9ktLqqI5ul4zv8ao=
32,-66,LWZjpPz95HBmdWUEVi+83XmPm+g=,f5gWZsjz5+uTbaJhansst8Vqgcw=
34,-77,LWZjpPz95HBmdWUEVi+83XmPm+g=,9HhKPAGiNcM9ktLqqI5ul4zv8ao=
33,-77,LWZjpPz95HBmdWUEVi+83XmPm+g=,9HhKPAGiNcM9ktLqqI5ul4zv8ao=
35,-67,LWZjpPz95HBmdWUEVi+83XmPm+g=,f5gWZsjz5+uTbaJhansst8Vqgcw=
32,-80,LWZjpPz95HBmdWUEVi+83XmPm+g=,9HhKPAGiNcM9ktLqqI5ul4zv8ao=
33,-66,LWZjpPz95HBmdWUEVi+83XmPm+g=,f5gWZsjz5+uTbaJhansst8Vqgcw=
35,-77,LWZjpPz95HBmdWUEVi+83XmPm+g=,9HhKPAGiNcM9ktLqqI5ul4zv8ao=
33,-67,LWZjpPz95HBmdWUEVi+83XmPm+g=,f5gWZsjz5+uTbaJhansst8Vqgcw=
35,-68,LWZjpPz95HBmdWUEVi+83XmPm+g=,f5gWZsjz5+uTbaJhansst8Vqgcw=
34,-79,LWZjpPz95HBmdWUEVi+83XmPm+g=,9HhKPAGiNcM9ktLqqI5ul4zv8ao=
45,-68,LWZjpPz95HBmdWUEVi+83XmPm+g=,igxbFrYBxGvAaFdgVtpszf90vaQ=
34,-67,LWZjpPz95HBmdWUEVi+83XmPm+g=,f5gWZsjz5+uTbaJhansst8Vqgcw=
34,-65,LWZjpPz95HBmdWUEVi+83XmPm+g=,f5gWZsjz5+uTbaJhansst8Vqgcw=
45,-80,LWZjpPz95HBmdWUEVi+83XmPm+g=,57a+3ieJWREzyDT3ewCmOT+8EmA=
33,-68,LWZjpPz95HBmdWUEVi+83XmPm+g=,f5gWZsjz5+uTbaJhansst8Vqgcw=
44,-80,LWZjpPz95HBmdWUEVi+83XmPm+g=,57a+3ieJWREzyDT3ewCmOT+8EmA=
46,-80,LWZjpPz95HBmdWUEVi+83XmPm+g=,57a+3ieJWREzyDT3ewCmOT+8EmA=
47,-80,LWZjpPz95HBmdWUEVi+83XmPm+g=,57a+3ieJWREzyDT3ewCmOT+8EmA=
43,-80,LWZjpPz95HBmdWUEVi+83XmPm+g=,57a+3ieJWREzyDT3ewCmOT+8EmA=
42,-80,LWZjpPz95HBmdWUEVi+83XmPm+g=,57a+3ieJWREzyDT3ewCmOT+8EmA=
40,-78,LWZjpPz95HBmdWUEVi+83XmPm+g=,57a+3ieJWREzyDT3ewCmOT+8EmA=
40,-79,LWZjpPz95HBmdWUEVi+83XmPm+g=,57a+3ieJWREzyDT3ewCmOT+8EmA=
41,-80,LWZjpPz95HBmdWUEVi+83XmPm+g=,57a+3ieJWREzyDT3ewCmOT+8EmA=
41,-79,LWZjpPz95HBmdWUEVi+83XmPm+g=,57a+3ieJWREzyDT3ewCmOT+8EmA=
40,-80,LWZjpPz95HBmdWUEVi+83XmPm+g=,57a+3ieJWREzyDT3ewCmOT+8EmA=
42,-79,LWZjpPz95HBmdWUEVi+83XmPm+g=,57a+3ieJWREzyDT3ewCmOT+8EmA=
47,-79,LWZjpPz95HBmdWUEVi+83XmPm+g=,57a+3ieJWREzyDT3ewCmOT+8EmA=
41,-78,LWZjpPz95HBmdWUEVi+83XmPm+g=,57a+3ieJWREzyDT3ewCmOT+8EmA=
47,-77,LWZjpPz95HBmdWUEVi+83XmPm+g=,57a+3ieJWREzyDT3ewCmOT+8EmA=
42,-78,LWZjpPz95HBmdWUEVi+83XmPm+g=,57a+3ieJWREzyDT3ewCmOT+8EmA=
47,-78,LWZjpPz95HBmdWUEVi+83XmPm+g=,57a+3ieJWREzyDT3ewCmOT+8EmA=
43,-78,LWZjpPz95HBmdWUEVi+83XmPm+g=,57a+3ieJWREzyDT3ewCmOT+8EmA=
46,-79,LWZjpPz95HBmdWUEVi+83XmPm+g=,57a+3ieJWREzyDT3ewCmOT+8EmA=
38,-78,LWZjpPz95HBmdWUEVi+83XmPm+g=,9HhKPAGiNcM9ktLqqI5ul4zv8ao=
44,-78,LWZjpPz95HBmdWUEVi+83XmPm+g=,57a+3ieJWREzyDT3ewCmOT+8EmA=
37,-78,LWZjpPz95HBmdWUEVi+83XmPm+g=,9HhKPAGiNcM9ktLqqI5ul4zv8ao=
46,-78,LWZjpPz95HBmdWUEVi+83XmPm+g=,57a+3ieJWREzyDT3ewCmOT+8EmA=
45,-78,LWZjpPz95HBmdWUEVi+83XmPm+g=,57a+3ieJWREzyDT3ewCmOT+8EmA=
40,-77,LWZjpPz95HBmdWUEVi+83XmPm+g=,57a+3ieJWREzyDT3ewCmOT+8EmA=
42,-77,LWZjpPz95HBmdWUEVi+83XmPm+g=,57a+3ieJWREzyDT3ewCmOT+8EmA=
43,-77,LWZjpPz95HBmdWUEVi+83XmPm+g=,57a+3ieJWREzyDT3ewCmOT+8EmA=
44,-77,LWZjpPz95HBmdWUEVi+83XmPm+g=,57a+3ieJWREzyDT3ewCmOT+8EmA=
45,-77,LWZjpPz95HBmdWUEVi+83XmPm+g=,57a+3ieJWREzyDT3ewCmOT+8EmA=
43,-79,LWZjpPz95HBmdWUEVi+83XmPm+g=,57a+3ieJWREzyDT3ewCmOT+8EmA=
46,-77,LWZjpPz95HBmdWUEVi+83XmPm+g=,57a+3ieJWREzyDT3ewCmOT+8EmA=
41,-77,LWZjpPz95HBmdWUEVi+83XmPm+g=,57a+3ieJWREzyDT3ewCmOT+8EmA=
44,-79,LWZjpPz95HBmdWUEVi+83XmPm+g=,57a+3ieJWREzyDT3ewCmOT+8EmA=
36,-78,LWZjpPz95HBmdWUEVi+83XmPm+g=,9HhKPAGiNcM9ktLqqI5ul4zv8ao=
45,-79,LWZjpPz95HBmdWUEVi+83XmPm+g=,57a+3ieJWREzyDT3ewCmOT+8EmA=
46,-65,LWZjpPz95HBmdWUEVi+83XmPm+g=,igxbFrYBxGvAaFdgVtpszf90vaQ=
44,-65,LWZjpPz95HBmdWUEVi+83XmPm+g=,igxbFrYBxGvAaFdgVtpszf90vaQ=
47,-68,LWZjpPz95HBmdWUEVi+83XmPm+g=,igxbFrYBxGvAaFdgVtpszf90vaQ=
47,-67,LWZjpPz95HBmdWUEVi+83XmPm+g=,igxbFrYBxGvAaFdgVtpszf90vaQ=
32,-67,LWZjpPz95HBmdWUEVi+83XmPm+g=,f5gWZsjz5+uTbaJhansst8Vqgcw=
44,-67,LWZjpPz95HBmdWUEVi+83XmPm+g=,igxbFrYBxGvAaFdgVtpszf90vaQ=
45,-66,LWZjpPz95HBmdWUEVi+83XmPm+g=,igxbFrYBxGvAaFdgVtpszf90vaQ=
45,-67,LWZjpPz95HBmdWUEVi+83XmPm+g=,igxbFrYBxGvAaFdgVtpszf90vaQ=
46,-66,LWZjpPz95HBmdWUEVi+83XmPm+g=,igxbFrYBxGvAaFdgVtpszf90vaQ=
32,-68,LWZjpPz95HBmdWUEVi+83XmPm+g=,f5gWZsjz5+uTbaJhansst8Vqgcw=
44,-66,LWZjpPz95HBmdWUEVi+83XmPm+g=,igxbFrYBxGvAaFdgVtpszf90vaQ=
