0,0,ozSJfSj1ayc38Z+dilp9bGshtdw=,4fee2anMAoL7ABU6PBNPQc9mr2E=
0,1,ozSJfSj1ayc38Z+dilp9bGshtdw=,xL0sMmyw9xMUj/lp0JOKNW7KJAk=
0,2,ozSJfSj1ayc38Z+dilp9bGshtdw=,rZ7oebP4PD9Fe5S6HHHB8GN/DDg=
0,3,ozSJfSj1ayc38Z+dilp9bGshtdw=,7OwCM4GgBD90xmXDLj5aVYZg5zg=
0,4,ozSJfSj1ayc38Z+dilp9bGshtdw=,X7tYk8oNe4k6wJl/wIgZNx5wjc8=
0,5,ozSJfSj1ayc38Z+dilp9bGshtdw=,UVNGHK9wX6PmYFCyp4vicj1tGHI=
0,6,ozSJfSj1ayc38Z+dilp9bGshtdw=,m6ADMKdpaIVeflI3IHBTdELOYcI=
0,7,ozSJfSj1ayc38Z+dilp9bGshtdw=,gkqPPVFuaj/ilv0VrvLQq//Z+ko=
0,8,ozSJfSj1ayc38Z+dilp9bGshtdw=,6LtZUYZZA3a7EpMq+jQCQgnegvs=
0,9,ozSJfSj1ayc38Z+dilp9bGshtdw=,/VkeONtkaYH9cQdEPLEFhO0xIvY=
0,10,ozSJfSj1ayc38Z+dilp9bGshtdw=,Z9Vv6nIMQspVJlMyGCy2ehraydc=
0,11,ozSJfSj1ayc38Z+dilp9bGshtdw=,iBZQAs8vUEA7kNWL6kEY+OpFDFA=
0,12,ozSJfSj1ayc38Z+dilp9bGshtdw=,so1RrcyZOTUETDEH8N1S0Kul/24=
0,13,ozSJfSj1ayc38Z+dilp9bGshtdw=,so1RrcyZOTUETDEH8N1S0Kul/24=
0,14,ozSJfSj1ayc38Z+dilp9bGshtdw=,so1RrcyZOTUETDEH8N1S0Kul/24=
0,15,MgV9vptEINVvS+5t3fD3NEA7rOM=,g4jAVP1OhmcT7ynHtd6rDatIHoM=
0,16,MgV9vptEINVvS+5t3fD3NEA7rOM=,L36iumsXBZsHKch4EPMYJJ0UlNI=
0,17,MgV9vptEINVvS+5t3fD3NEA7rOM=,L36iumsXBZsHKch4EPMYJJ0UlNI=
0,18,MgV9vptEINVvS+5t3fD3NEA7rOM=,+09eqgTq024iF6hLPniRKaLKe88=
0,19,MgV9vptEINVvS+5t3fD3NEA7rOM=,Zyxcs04qKGw8ZjaMfOQNPLgX2z0=
0,20,MgV9vptEINVvS+5t3fD3NEA7rOM=,VVNMzuySGX72fROu9K4EbeiWGtI=
0,21,MgV9vptEINVvS+5t3fD3NEA7rOM=,VVNMzuySGX72fROu9K4EbeiWGtI=
0,22,MgV9vptEINVvS+5t3fD3NEA7rOM=,VVNMzuySGX72fROu9K4EbeiWGtI=
1,1,MgV9vptEINVvS+5t3fD3NEA7rOM=,BAj3CRGUcbHK4G/wxq4JC50DhHs=
1,0,MgV9vptEINVvS+5t3fD3NEA7rOM=,21GLGEgBkEwP+4T/y7f2r7MQKas=
1,3,MgV9vptEINVvS+5t3fD3NEA7rOM=,hdWA+WpNPjdtIw49T4zTVDAWI1Y=
1,2,MgV9vptEINVvS+5t3fD3NEA7rOM=,djW49wCx6tfGtLP2EoPCyrAQ7aQ=
1,5,MgV9vptEINVvS+5t3fD3NEA7rOM=,cLjmpB3qmj3Rab478fGqOXpbIYw=
1,4,MgV9vptEINVvS+5t3fD3NEA7rOM=,fWYV8LYt+faoVkMyClbjtxLzYgk=
1,7,MgV9vptEINVvS+5t3fD3NEA7rOM=,ytkcap5ZWdxuwSyeFgkw1oT8J5g=
1,6,MgV9vptEINVvS+5t3fD3NEA7rOM=,z0/O6n3yZyVxol/4e4v4jX3lmrY=
1,9,MgV9vptEINVvS+5t3fD3NEA7rOM=,BeRUXElQ1b5g8b94KIv/A5F7QFU=
1,8,MgV9vptEINVvS+5t3fD3NEA7rOM=,f3bkOsEHFLzw7tWFcuXCx1LUylw=
1,11,MgV9vptEINVvS+5t3fD3NEA7rOM=,5+IW6ZkKZweyGxnfHyGMonDPtJk=
1,10,MgV9vptEINVvS+5t3fD3NEA7rOM=,VCLZBPBXESCbBDLLyCAf0zyw7c4=
1,13,MgV9vptEINVvS+5t3fD3NEA7rOM=,MOo1ycgglq0mJs7M7N582Q8jUpk=
1,12,MgV9vptEINVvS+5t3fD3NEA7rOM=,z8uNVdWkKJsGsWGiFWXJWUKxSdI=
1,15,MgV9vptEINVvS+5t3fD3NEA7rOM=,FxdNcCWvacthGnqXaY/IotYl24I=
1,14,MgV9vptEINVvS+5t3fD3NEA7rOM=,pw100neaDZJwF0UEGPtZxncKWcc=
1,17,MgV9vptEINVvS+5t3fD3NEA7rOM=,V2id42cg32csbJQd+le1QjttKBw=
1,16,MgV9vptEINVvS+5t3fD3NEA7rOM=,Y0Gge8hG/KZiaUsw10pZtWshXrI=
1,19,MgV9vptEINVvS+5t3fD3NEA7rOM=,7nHBIRraRGUjRCLSWaCOt6FTs8k=
1,18,MgV9vptEINVvS+5t3fD3NEA7rOM=,9itVUpSbnApqi8OFtKSO4QizPJU=
1,21,MgV9vptEINVvS+5t3fD3NEA7rOM=,/FweYG4jcbAiYjrB73rjThTOlD8=
1,20,MgV9vptEINVvS+5t3fD3NEA7rOM=,mZooHuaqASm4ongFcWVsg7CoMjg=
1,22,MgV9vptEINVvS+5t3fD3NEA7rOM=,HtekMsI0Zwy3bzhmfjti29+VT9U=
2,2,MgV9vptEINVvS+5t3fD3NEA7rOM=,7W4/0SjMobl3nDDTBnjKES1WzwY=
2,3,MgV9vptEINVvS+5t3fD3NEA7rOM=,IKXIpO7CV8DhxNRzx2NZvZMVaAo=
2,0,MgV9vptEINVvS+5t3fD3NEA7rOM=,KHUaUEd8UN31Qw4YsJIWVbW9AIc=
2,1,MgV9vptEINVvS+5t3fD3NEA7rOM=,ylTwm3+jFnefk3Tlro4+WbCQ/Kc=
2,6,MgV9vptEINVvS+5t3fD3NEA7rOM=,GyVQSp+UwzAmDqaBUaG3hYBu5u8=
2,7,MgV9vptEINVvS+5t3fD3NEA7rOM=,UWT00J5dglQrRm8EsFPorLFi4vY=
2,4,MgV9vptEINVvS+5t3fD3NEA7rOM=,2nSA2TUAmyjceAlzdtKApkqf3h8=
2,5,MgV9vptEINVvS+5t3fD3NEA7rOM=,Q3BxfDsDMTqP25gRS0+VnbUMFVQ=
2,10,MgV9vptEINVvS+5t3fD3NEA7rOM=,qgP78Gpeqnu81JILjKp6e1XUwDA=
2,11,MgV9vptEINVvS+5t3fD3NEA7rOM=,Ltd4eaWs8gBdbTGXQu/TL/hoPdI=
2,8,MgV9vptEINVvS+5t3fD3NEA7rOM=,pOzwvWsYTSx3GqL+GCOd6hZsBuo=
2,9,MgV9vptEINVvS+5t3fD3NEA7rOM=,yGGf4Yjr5coObjk7cwap9+n0yFs=
2,14,MgV9vptEINVvS+5t3fD3NEA7rOM=,kt4sXsmp1l87c3Y6n0b20R491KA=
2,15,MgV9vptEINVvS+5t3fD3NEA7rOM=,Acn/mYBKdy6g2fwUshiCm8r5ES0=
2,12,MgV9vptEINVvS+5t3fD3NEA7rOM=,UvJ8HNLKhpXQbpHHe2SX/JovY6Q=
2,13,MgV9vptEINVvS+5t3fD3NEA7rOM=,8SxU0+yojDi9Bs8qHU5j+eKeZoU=
2,18,MgV9vptEINVvS+5t3fD3NEA7rOM=,ctIJh1bnX+F0IueYQbECl8Pb4k0=
2,19,MgV9vptEINVvS+5t3fD3NEA7rOM=,29Nkyay+roYZGEi5fppJFzIQ15o=
2,16,MgV9vptEINVvS+5t3fD3NEA7rOM=,2QuP373qVdx9oG1oFQwTwoe8i78=
2,17,MgV9vptEINVvS+5t3fD3NEA7rOM=,JeAUVblhJkKYfTTTWNE2a7SHdYw=
2,22,MgV9vptEINVvS+5t3fD3NEA7rOM=,Sao8niAuR+Ns0EeNYGjnO3N444o=
2,20,MgV9vptEINVvS+5t3fD3NEA7rOM=,NOqTfjyjYjD30FXWO7B1KQRKj4w=
2,21,MgV9vptEINVvS+5t3fD3NEA7rOM=,hkIQUCoHDhCyiBkqjJL1M4/Zd/0=
3,3,MgV9vptEINVvS+5t3fD3NEA7rOM=,vT2iC/iocB9DbAm/jjl5yrbV7/c=
3,2,MgV9vptEINVvS+5t3fD3NEA7rOM=,fAbl6lPMx7zA9bBb1EMU48CK7Eg=
3,1,MgV9vptEINVvS+5t3fD3NEA7rOM=,49lA2g9r+/NjfwUF0ipy4NYwXHc=
3,0,MgV9vptEINVvS+5t3fD3NEA7rOM=,+4QtxW1oAdhVzS2QJWpkPzS9GhA=
3,7,MgV9vptEINVvS+5t3fD3NEA7rOM=,M6FkH4ZFJHz7UjBfQ7Z3MH2I1ug=
3,6,MgV9vptEINVvS+5t3fD3NEA7rOM=,0MmMvGlQ3XV+wFec0NJ6365Z5m8=
3,5,MgV9vptEINVvS+5t3fD3NEA7rOM=,OF3XVzydnD+eVU4iD3bKBUa6V/M=
3,4,MgV9vptEINVvS+5t3fD3NEA7rOM=,c0rv7JpLOj4YCVbx/W7sYPluhr4=
3,11,MgV9vptEINVvS+5t3fD3NEA7rOM=,1BaqQ69VZkgGUlVUl8EvK8nU76w=
3,10,MgV9vptEINVvS+5t3fD3NEA7rOM=,4pzs0gx8tE4337udRXWNbZwNnsE=
3,9,MgV9vptEINVvS+5t3fD3NEA7rOM=,Ya0WJ9zFiCIA9OmUoYj06Wq5n5o=
3,8,ScuDW+n8fi5QzyRP+gAy2vngu20=,sm+zs0XdtkRZcQKQQSTPqbab904=
3,15,ScuDW+n8fi5QzyRP+gAy2vngu20=,VpBretYJv/HFK3t5vnq830gHjzU=
3,14,ScuDW+n8fi5QzyRP+gAy2vngu20=,rJS7uhbv4/V6y9kww9yjmdc3xWc=
3,13,ScuDW+n8fi5QzyRP+gAy2vngu20=,PaLGYl6atlRwlzGY9isKVrZ4zPo=
3,12,ScuDW+n8fi5QzyRP+gAy2vngu20=,oiPW38NWExtARrgJfyjkP2uOVJc=
3,19,ScuDW+n8fi5QzyRP+gAy2vngu20=,18x7hrPFksA2scWu+2H4MuD06Rg=
3,18,ScuDW+n8fi5QzyRP+gAy2vngu20=,aLIp4ByQvKOig7eJ7uwYhg/domY=
3,17,ScuDW+n8fi5QzyRP+gAy2vngu20=,cDC5GZf7O4f/hCQGXOwOS2I+/Ho=
3,16,ScuDW+n8fi5QzyRP+gAy2vngu20=,7H9cit+UsQww1VcWY5e6tuEhlCA=
3,22,ScuDW+n8fi5QzyRP+gAy2vngu20=,Uu0tcGKWejQ3NzH+fsssKkJx84s=
3,21,ScuDW+n8fi5QzyRP+gAy2vngu20=,FTuDfPwdK1ndf0RpjI4PAtFNyH0=
3,20,ScuDW+n8fi5QzyRP+gAy2vngu20=,Z5qj+W4slyyWDGflJMA5AllNU60=
4,4,ScuDW+n8fi5QzyRP+gAy2vngu20=,wrfRBcEpQ3Udr81YFlhv+9TX1tc=
4,5,ScuDW+n8fi5QzyRP+gAy2vngu20=,OOjpkJyC3Vs3Nbve5d/dmJQTy2k=
4,6,ScuDW+n8fi5QzyRP+gAy2vngu20=,hKpJHXorLaGs+pqo/pLRpJxDBmc=
4,7,ScuDW+n8fi5QzyRP+gAy2vngu20=,BwOHH2aSEjwnpIPzhJI0ZQ3PIBo=
4,0,ScuDW+n8fi5QzyRP+gAy2vngu20=,5q3QwCvQMntsRIfrkuhcSDh7g4E=
4,1,ScuDW+n8fi5QzyRP+gAy2vngu20=,PNalV0gTPodCgIEVQvuE/rYHCA0=
4,2,ScuDW+n8fi5QzyRP+gAy2vngu20=,mFsfpMDAT9Cq2kFav8zUh9MppHg=
4,3,ScuDW+n8fi5QzyRP+gAy2vngu20=,nH2RM3+m2cpvJaVcPLIMQiiq4hM=
4,12,ScuDW+n8fi5QzyRP+gAy2vngu20=,mjKDaUelVqqygmALztxEncyiYu4=
4,13,ScuDW+n8fi5QzyRP+gAy2vngu20=,fqBm7MJVDx6PzHUVW1k0OTl2sSI=
4,14,ScuDW+n8fi5QzyRP+gAy2vngu20=,XSdN3f4o9GLLEhoEA11NRFLJlx8=
4,15,ScuDW+n8fi5QzyRP+gAy2vngu20=,yYkinrBfQ1K2upRvqdLEXdvs0c0=
4,8,ScuDW+n8fi5QzyRP+gAy2vngu20=,xtHCWMXV9jv4hudYIfNgdytB2p0=
4,9,ScuDW+n8fi5QzyRP+gAy2vngu20=,ODZwWJXI2GOr1vVsdk4csIzKlSU=
4,10,ScuDW+n8fi5QzyRP+gAy2vngu20=,Fq0Heholw6D6oIdY43awpxUvtCY=
4,11,ScuDW+n8fi5QzyRP+gAy2vngu20=,xCYBBukjEsYsNGjvHnRlIZ/u824=
4,20,ScuDW+n8fi5QzyRP+gAy2vngu20=,dcQSkTZnxFSIZ7YfzjUQr5dd1dw=
4,21,ScuDW+n8fi5QzyRP+gAy2vngu20=,DSaeUiJxCmtgZqNVf4qrXo3pYcc=
4,22,ScuDW+n8fi5QzyRP+gAy2vngu20=,Uu0tcGKWejQ3NzH+fsssKkJx84s=
4,16,ScuDW+n8fi5QzyRP+gAy2vngu20=,JIlpHGZ9a7GNczulWutSIRFjEMQ=
4,17,ScuDW+n8fi5QzyRP+gAy2vngu20=,balq84O59riSiCF+mFQ9WY/tM3k=
4,18,ScuDW+n8fi5QzyRP+gAy2vngu20=,saTC525f6pmYMyruzlInvFH6TTE=
4,19,ScuDW+n8fi5QzyRP+gAy2vngu20=,RVCDZuWg9VBSJN+a9OcJEzA8YJc=
5,5,ScuDW+n8fi5QzyRP+gAy2vngu20=,MXhP94U/EfkOaRzn1LeLSzhdpSE=
5,4,ScuDW+n8fi5QzyRP+gAy2vngu20=,fQgGfc6BplxsmVnwxsTTTIWdv0M=
5,7,ScuDW+n8fi5QzyRP+gAy2vngu20=,tVAWsLzQ+SayrO1Wg9cgv7MJ1T8=
5,6,ScuDW+n8fi5QzyRP+gAy2vngu20=,RQ65eG1VJM5cbEfm42dR/Yhbm8k=
5,1,ScuDW+n8fi5QzyRP+gAy2vngu20=,l7ubfnn+zzF2VQwhX/CT7384uko=
5,0,ScuDW+n8fi5QzyRP+gAy2vngu20=,VcrKKFs81NasG17I7n2caFx+SiE=
5,3,ScuDW+n8fi5QzyRP+gAy2vngu20=,L3RFG06dGf+NMNUqnwCBPF/fPYM=
5,2,ScuDW+n8fi5QzyRP+gAy2vngu20=,uLXZesbHRBXoiJtzPC2MH6IH6Ts=
5,13,ScuDW+n8fi5QzyRP+gAy2vngu20=,Zz+iY+VZ/RHYJpoI4WVeSQ/b3vU=
5,12,ScuDW+n8fi5QzyRP+gAy2vngu20=,aQEiUhPBPKCWtlNQZ/oFH1Ic2kI=
5,15,ScuDW+n8fi5QzyRP+gAy2vngu20=,ohMN2+1Qiyu03Tfsrl2t8KikELs=
5,14,ScuDW+n8fi5QzyRP+gAy2vngu20=,OxRhqO+VY7NRxnp9SIQhI0EDtOw=
5,9,ScuDW+n8fi5QzyRP+gAy2vngu20=,te5gptlpCtlNPcuYRoHQ5Tof31g=
5,8,ScuDW+n8fi5QzyRP+gAy2vngu20=,YedeQDqZKp7hr2urXp5XdMpSEtc=
5,11,ScuDW+n8fi5QzyRP+gAy2vngu20=,o/n0x2eVPdoPq6UD8refalsLdfU=
5,10,ScuDW+n8fi5QzyRP+gAy2vngu20=,oq9+0D8LKn82/6JuxSVYGxdAgI8=
5,21,ScuDW+n8fi5QzyRP+gAy2vngu20=,VZBX6xWjvnm6vYwpazBYshBbZqI=
5,20,ScuDW+n8fi5QzyRP+gAy2vngu20=,5uvnPX5co7icILUV5+wYrJlXRyE=
5,22,ScuDW+n8fi5QzyRP+gAy2vngu20=,Uu0tcGKWejQ3NzH+fsssKkJx84s=
5,17,ScuDW+n8fi5QzyRP+gAy2vngu20=,0jn9yNd71VdAnKQXX5PUCTMhnpc=
5,16,ScuDW+n8fi5QzyRP+gAy2vngu20=,Twpe3GkfCAxxD96e7aR9jifWHM8=
5,19,ScuDW+n8fi5QzyRP+gAy2vngu20=,bOimrmoGEHrD+dyc0DHGOJOorbg=
5,18,ScuDW+n8fi5QzyRP+gAy2vngu20=,5y8TgxxiBOSpAPn8hsUNrjUCwmY=
6,6,ScuDW+n8fi5QzyRP+gAy2vngu20=,+NPdQMsb01S2TOggKnTGko7Ntfk=
6,7,ScuDW+n8fi5QzyRP+gAy2vngu20=,P91UB0lTa+/2r2yFxCHrBQUTtPU=
6,4,ScuDW+n8fi5QzyRP+gAy2vngu20=,OQeaPNU5/kHSFFszawv4N++0zb0=
6,5,ScuDW+n8fi5QzyRP+gAy2vngu20=,oEY0xQ1i9JguZJpgJA/pirx4+as=
6,2,ScuDW+n8fi5QzyRP+gAy2vngu20=,WolsnM521Kl+8xhe9TJzGSVsYW8=
6,3,ScuDW+n8fi5QzyRP+gAy2vngu20=,RbRzTmWK/eoyhVt+cm6iZnmEQ+o=
6,0,ScuDW+n8fi5QzyRP+gAy2vngu20=,k4CPKh11m7AdlEp9s+HUENXRHhU=
6,1,vXMTKUPeDQCqM1Mj8gsoTV2BSSc=,hHzs7mP3DIKyjtfTKr40oV0ZQhc=
6,14,vXMTKUPeDQCqM1Mj8gsoTV2BSSc=,7pFsXuUhPEaBmZtreP5/0r0hWVw=
6,15,vXMTKUPeDQCqM1Mj8gsoTV2BSSc=,cSFeTq1crshbBWGie8PHzVizvRI=
6,12,vXMTKUPeDQCqM1Mj8gsoTV2BSSc=,KamCPU6FTKx7UtkGlFnFt2g+tI0=
6,13,vXMTKUPeDQCqM1Mj8gsoTV2BSSc=,d7aZPyl+qBpGdsIiyvV0qFSnoOg=
6,10,vXMTKUPeDQCqM1Mj8gsoTV2BSSc=,tG+Hd0llMypERDz8DvwCylsOBhQ=
6,11,vXMTKUPeDQCqM1Mj8gsoTV2BSSc=,VEti19LYMEd+nj0ssNHsmvnIDkQ=
6,8,vXMTKUPeDQCqM1Mj8gsoTV2BSSc=,MhV46GSi544ZSlHCmgv442ncPL8=
6,9,vXMTKUPeDQCqM1Mj8gsoTV2BSSc=,te5gptlpCtlNPcuYRoHQ5Tof31g=
6,22,vXMTKUPeDQCqM1Mj8gsoTV2BSSc=,jXjjStx0z/qeh5LNYG5R2qCagfc=
6,20,vXMTKUPeDQCqM1Mj8gsoTV2BSSc=,MwLLy0hbHm2PlMUjeh0JDb19GY0=
6,21,vXMTKUPeDQCqM1Mj8gsoTV2BSSc=,izKQlEIN2JHhD5e3FO2iJGLCtOU=
6,18,vXMTKUPeDQCqM1Mj8gsoTV2BSSc=,1brWU0nZut9zeMRS0/kcwqC1/lQ=
6,19,vXMTKUPeDQCqM1Mj8gsoTV2BSSc=,Nc9zMnuAhXjvJZp5elGmI1XKmLs=
6,16,vXMTKUPeDQCqM1Mj8gsoTV2BSSc=,9y52sKik7iYaSNS5ocyC45/a134=
6,17,vXMTKUPeDQCqM1Mj8gsoTV2BSSc=,nT2/Z6xl7NMwEm9D0dj6h8TiYJo=
7,7,vXMTKUPeDQCqM1Mj8gsoTV2BSSc=,U/rIUcHcBsERKixGaSRkUCFWoUg=
7,6,vXMTKUPeDQCqM1Mj8gsoTV2BSSc=,lrVL8yGkUCCca897FZpFhl3jPmA=
7,5,vXMTKUPeDQCqM1Mj8gsoTV2BSSc=,soMN8ssGZ91zgrgJG4LjFh5aaCM=
7,4,vXMTKUPeDQCqM1Mj8gsoTV2BSSc=,LncjhsYDrF8Sf9flj3yb2q4d24E=
7,3,vXMTKUPeDQCqM1Mj8gsoTV2BSSc=,OjbhYgI9G53v3R8LMLK1n19pZ9U=
7,2,vXMTKUPeDQCqM1Mj8gsoTV2BSSc=,dBnXT1QvGLxo00PBOw9m7OH7amY=
7,1,vXMTKUPeDQCqM1Mj8gsoTV2BSSc=,4Y0fsiVPbkXXlUjMGthLOQcDZf0=
7,0,vXMTKUPeDQCqM1Mj8gsoTV2BSSc=,VcrKKFs81NasG17I7n2caFx+SiE=
7,15,vXMTKUPeDQCqM1Mj8gsoTV2BSSc=,47pGgZJPSrJxiaGkRJR7d5qjOMM=
7,14,vXMTKUPeDQCqM1Mj8gsoTV2BSSc=,9o7DLr5h9CBUEyextJlvvEzxMOk=
7,13,vXMTKUPeDQCqM1Mj8gsoTV2BSSc=,Gr/r8JMAsdf0AJUTFKEDdVTT8VM=
7,12,vXMTKUPeDQCqM1Mj8gsoTV2BSSc=,9suAzzxb7MhAjvbqhxx6joP0L6E=
7,11,vXMTKUPeDQCqM1Mj8gsoTV2BSSc=,0+AYHMD6EHQicD5ErunYyG1Og+M=
7,10,vXMTKUPeDQCqM1Mj8gsoTV2BSSc=,dtdZbiKo3ycGrLa+/dZaxDUHSlY=
7,9,vXMTKUPeDQCqM1Mj8gsoTV2BSSc=,aEqfTNf+SDeRXxyf3X0FiycDL0Q=
7,8,vXMTKUPeDQCqM1Mj8gsoTV2BSSc=,JzbiCwlz1DUFYKGJJew6wmd+w0g=
7,22,vXMTKUPeDQCqM1Mj8gsoTV2BSSc=,9IrivvInAR/R428hq8lhZSDN+Sg=
7,21,vXMTKUPeDQCqM1Mj8gsoTV2BSSc=,A/Mp2tfcb6CvOoJdujMbUqHR9co=
7,20,vXMTKUPeDQCqM1Mj8gsoTV2BSSc=,r8NFBG7Dyq8ouf6zFzbJ5hQnE5M=
7,19,vXMTKUPeDQCqM1Mj8gsoTV2BSSc=,OATz4YVoOf1gHEToqEbdsqjdicE=
7,18,vXMTKUPeDQCqM1Mj8gsoTV2BSSc=,mhkMlWDFGGLZ6e7aIrbVkIKGUyo=
7,17,vXMTKUPeDQCqM1Mj8gsoTV2BSSc=,EP1bx3Yvnc6YFIfYOeRUVAabaeQ=
7,16,vXMTKUPeDQCqM1Mj8gsoTV2BSSc=,w2DxrXdcayodikL/MfIjKhjZQ7o=
8,8,vXMTKUPeDQCqM1Mj8gsoTV2BSSc=,IrqNCIJsiV/QMhb+PMKRQq4yAhs=
8,9,vXMTKUPeDQCqM1Mj8gsoTV2BSSc=,wUoXcgbPDjgaucoV3I80f3ZidcU=
8,10,vXMTKUPeDQCqM1Mj8gsoTV2BSSc=,TU0WtCokI7JruEfPLx1RP9F+mw8=
8,11,vXMTKUPeDQCqM1Mj8gsoTV2BSSc=,jWinn9WfsB6eam++qgUNaQdqWb4=
8,12,vXMTKUPeDQCqM1Mj8gsoTV2BSSc=,lZ79k8HRz783/wBVNJgz6y7btMg=
8,13,vXMTKUPeDQCqM1Mj8gsoTV2BSSc=,tXRjySWaqzqigXTpy6DTP5f3GlI=
8,14,vXMTKUPeDQCqM1Mj8gsoTV2BSSc=,dnsmKfw+EbxazlH5fTHk4NR2eKg=
8,15,vXMTKUPeDQCqM1Mj8gsoTV2BSSc=,/aXcWqR0IhQfbiVEHeJlPot09aA=
8,0,vXMTKUPeDQCqM1Mj8gsoTV2BSSc=,WxT1yeGgB5bUVkGX5fBB7zai1aI=
8,1,vXMTKUPeDQCqM1Mj8gsoTV2BSSc=,RX3u5KQrEpiFIR3b4Qp0ZOLrsR0=
8,2,vXMTKUPeDQCqM1Mj8gsoTV2BSSc=,/VV2H/KWkGAMWoEG2kXjCGdSR1E=
8,3,vXMTKUPeDQCqM1Mj8gsoTV2BSSc=,gr74hd2mczgwkbsWbVnDMNjVTLg=
8,4,vXMTKUPeDQCqM1Mj8gsoTV2BSSc=,n/XaCbpd/xFZ2jIBqyUHHxYgcZY=
8,5,vXMTKUPeDQCqM1Mj8gsoTV2BSSc=,seH2p1XanqZQ9yJEC5VH9FqbpWM=
8,6,vXMTKUPeDQCqM1Mj8gsoTV2BSSc=,VHjlxRFQNs0easGfqz7VKV3W33w=
8,7,vXMTKUPeDQCqM1Mj8gsoTV2BSSc=,MDBSHNceLdh4XXrjkgretyz/AUw=
8,16,vXMTKUPeDQCqM1Mj8gsoTV2BSSc=,4MK6NggCkuOOHaYYeyLQcW07aFk=
8,17,vXMTKUPeDQCqM1Mj8gsoTV2BSSc=,Y9PEWkt9BYjFP0AYyPpddQO4O68=
8,18,vXMTKUPeDQCqM1Mj8gsoTV2BSSc=,lKP1KEhRbcxAbQOGNVsgctAO7UA=
8,19,vXMTKUPeDQCqM1Mj8gsoTV2BSSc=,cSbWwbYRHoO0si9xcd/UCa4SENI=
8,20,vXMTKUPeDQCqM1Mj8gsoTV2BSSc=,amRDQsoFPM2KU+grIpVhFQJdYbk=
8,21,vXMTKUPeDQCqM1Mj8gsoTV2BSSc=,MvO5kY7Xvzmu0FLCs7o7xjtgmEE=
8,22,vXMTKUPeDQCqM1Mj8gsoTV2BSSc=,KWivsit3R6f9fDNcdjVNH/8fpiU=
9,9,vXMTKUPeDQCqM1Mj8gsoTV2BSSc=,lLxt16TmXcg94eEgjVgwUSV5yB0=
9,8,vXMTKUPeDQCqM1Mj8gsoTV2BSSc=,Z6gEMba8PRnHzM0b/2Niw9TeGEU=
9,11,vXMTKUPeDQCqM1Mj8gsoTV2BSSc=,Kr9g1vjQHgejBtJH22DmA+n+GjU=
9,10,vXMTKUPeDQCqM1Mj8gsoTV2BSSc=,C5dQTkYTCdJEluVgoDSad8sX6dk=
9,13,vXMTKUPeDQCqM1Mj8gsoTV2BSSc=,QYQ+TMBfo3SddnRAvIZVvuMlv0I=
9,12,vXMTKUPeDQCqM1Mj8gsoTV2BSSc=,TPDnkMEDsHmDjJa1kWvM+j8GWKg=
9,15,wE+4QO+OhBIr0EGeCaG4i9x2enA=,2x4ZU4yUI+dc980+7VZK5Bd/vU4=
9,14,wE+4QO+OhBIr0EGeCaG4i9x2enA=,qSCHl9rsgztLCnio7XurR7vDkmk=
9,1,wE+4QO+OhBIr0EGeCaG4i9x2enA=,BFaaAumQcfCB69cCnMm48uWFN0g=
9,0,wE+4QO+OhBIr0EGeCaG4i9x2enA=,q++ehdeVVoPuQe6dCCF+bzwfOUM=
9,3,wE+4QO+OhBIr0EGeCaG4i9x2enA=,vJbRWZ0Zk079U1hWFlTYnB6ZRkA=
9,2,wE+4QO+OhBIr0EGeCaG4i9x2enA=,SAXNe76qido/J3hONnZlhqciXAw=
9,5,wE+4QO+OhBIr0EGeCaG4i9x2enA=,yqVjQXcFtlCkRpsQRlWo+suXWYs=
9,4,wE+4QO+OhBIr0EGeCaG4i9x2enA=,4btuuamHdwiDOqf6tvkqK5upqFQ=
9,7,wE+4QO+OhBIr0EGeCaG4i9x2enA=,rv1udYYG/jdhfn5vpaZgZhR5lDA=
9,6,wE+4QO+OhBIr0EGeCaG4i9x2enA=,XAz1NMQL3EHfVF6leK9pg4Occco=
9,17,wE+4QO+OhBIr0EGeCaG4i9x2enA=,BmJfyxK/TsccgZww/ZATXf8Di7g=
9,16,wE+4QO+OhBIr0EGeCaG4i9x2enA=,eDj0BUlZ93hroeh36NuN7WTaC+Q=
9,19,wE+4QO+OhBIr0EGeCaG4i9x2enA=,cSbWwbYRHoO0si9xcd/UCa4SENI=
9,18,wE+4QO+OhBIr0EGeCaG4i9x2enA=,FfJk9+FXsU30No2op3qWFQZreVU=
9,21,wE+4QO+OhBIr0EGeCaG4i9x2enA=,85vViX2kAlqDO5/8VrR5vt3pzyw=
9,20,wE+4QO+OhBIr0EGeCaG4i9x2enA=,pYWkl+rSH65boNVxtWl5Q+js4ps=
9,22,wE+4QO+OhBIr0EGeCaG4i9x2enA=,Gh4wAxVC6Rg5EoxSzWT7BL3IK54=
10,10,wE+4QO+OhBIr0EGeCaG4i9x2enA=,ScFTuRzEpElDU4UNpaBY/DZ2/W0=
10,11,wE+4QO+OhBIr0EGeCaG4i9x2enA=,iZnffyVK9eqVRjl8+R0iUBQAhq0=
10,8,wE+4QO+OhBIr0EGeCaG4i9x2enA=,R+NjAvNKSMVYyPqAneKJeESnDjc=
10,9,wE+4QO+OhBIr0EGeCaG4i9x2enA=,V9WZ7YN+9JsSMSto0xz2eZeYC+0=
10,14,wE+4QO+OhBIr0EGeCaG4i9x2enA=,zwadc7Ovl2J8H+MG+4LECXEmdSI=
10,15,wE+4QO+OhBIr0EGeCaG4i9x2enA=,uI3AlVKuscJl4dXiSIyV5OUDgE8=
10,12,wE+4QO+OhBIr0EGeCaG4i9x2enA=,nl/N6ZVkDsBpub/r6AbGyeRFCOI=
10,13,wE+4QO+OhBIr0EGeCaG4i9x2enA=,kBU9PpedZw+CySBLnsF5YcO6Mec=
10,2,wE+4QO+OhBIr0EGeCaG4i9x2enA=,1ft+wdry9op8IrRpsC+aV7HVMLM=
10,3,wE+4QO+OhBIr0EGeCaG4i9x2enA=,BgfL2uABEDySLtfCvo0GiSR3SDA=
10,0,wE+4QO+OhBIr0EGeCaG4i9x2enA=,XjAiEa5hX5wMgaSzeZP1mhYKCdM=
10,1,wE+4QO+OhBIr0EGeCaG4i9x2enA=,rRrpKRJUdVvJ5WiFZOuhLMNFhms=
10,6,wE+4QO+OhBIr0EGeCaG4i9x2enA=,DXY7Dd0uowpX2boeCSo3V7hmDTg=
10,7,wE+4QO+OhBIr0EGeCaG4i9x2enA=,VS3xs0b3nHBftU23VMVlxzL4uFQ=
10,4,wE+4QO+OhBIr0EGeCaG4i9x2enA=,JRA+RWqMcp/Xc5nm8Cn36AgvLZY=
10,5,wE+4QO+OhBIr0EGeCaG4i9x2enA=,5RWTnZZVEuHJqlmg1xjC+KJsfuo=
10,18,wE+4QO+OhBIr0EGeCaG4i9x2enA=,qTRGVS7elgBvatVq+muY7QD/YEg=
10,19,wE+4QO+OhBIr0EGeCaG4i9x2enA=,cSbWwbYRHoO0si9xcd/UCa4SENI=
10,16,wE+4QO+OhBIr0EGeCaG4i9x2enA=,1NQbkTtNQTpgBN/uImFyrq0fAOk=
10,17,wE+4QO+OhBIr0EGeCaG4i9x2enA=,XWUGgZJ1IXzIrJURav71jkMrAxs=
10,22,wE+4QO+OhBIr0EGeCaG4i9x2enA=,gQChhtDZ/i8yU19yWg+7M92BHv4=
10,20,wE+4QO+OhBIr0EGeCaG4i9x2enA=,/wNnCeNdIcisIbQzkq/7P8N8WOw=
10,21,wE+4QO+OhBIr0EGeCaG4i9x2enA=,O79Irii9bgxt6+9nqFr5cggbCOM=
11,11,wE+4QO+OhBIr0EGeCaG4i9x2enA=,Czkl+KjWNRQRXTBS6vCBMMayTY0=
11,10,wE+4QO+OhBIr0EGeCaG4i9x2enA=,HqUMsVgzOu9BB82no5PfLF7sUtk=
11,9,wE+4QO+OhBIr0EGeCaG4i9x2enA=,NL1+jhFP9S4L4NI980pUrVwZ6c0=
11,8,wE+4QO+OhBIr0EGeCaG4i9x2enA=,wbSk/ld5VTBeRaue9UeKPL18Q/A=
11,15,wE+4QO+OhBIr0EGeCaG4i9x2enA=,S5QtPIe6USL5jDbP6Y3Q+IhkxIs=
11,14,wE+4QO+OhBIr0EGeCaG4i9x2enA=,OnDaXFJUKogdXU3X/FcvJq4z8CY=
11,13,wE+4QO+OhBIr0EGeCaG4i9x2enA=,i0HwwxhkB9X41C2RfFtYrrbX9GA=
11,12,wE+4QO+OhBIr0EGeCaG4i9x2enA=,AJzMMkHht8Bv4TtKJoOhoSBGn3U=
11,3,wE+4QO+OhBIr0EGeCaG4i9x2enA=,aTDp/jLrztFPSPSjsqIY7Xsm4lg=
11,2,wE+4QO+OhBIr0EGeCaG4i9x2enA=,xHj8OZTfdklHhwgqrnhPY+W7nbs=
11,1,wE+4QO+OhBIr0EGeCaG4i9x2enA=,8/GzgUhb9XN3X9rIdOIiSV9GE0c=
11,0,wE+4QO+OhBIr0EGeCaG4i9x2enA=,6yJz8OZF5rLYbAUVHnr3pBgG0Ws=
11,7,wE+4QO+OhBIr0EGeCaG4i9x2enA=,zeX8wTfpZt5FQfQEY8FWL2MTs+Q=
11,6,wE+4QO+OhBIr0EGeCaG4i9x2enA=,cMuvTqx3ArFZeqYhUtx4Keq1EfY=
11,5,wE+4QO+OhBIr0EGeCaG4i9x2enA=,XGWwp32bmnASPj7Rx22zLa/TZdc=
11,4,wE+4QO+OhBIr0EGeCaG4i9x2enA=,arZx7LJ7J4Ug4TYK5S7hJXJB3L0=
11,19,wE+4QO+OhBIr0EGeCaG4i9x2enA=,hCBMhQWE+NF9SYofxPte3jJtMv0=
11,18,wE+4QO+OhBIr0EGeCaG4i9x2enA=,DvMDNt5YoWtFZ3kcvnHKtImM9NE=
11,17,wE+4QO+OhBIr0EGeCaG4i9x2enA=,9x8pGE4BFuSWQdfbkgfjPruOIuk=
11,16,wE+4QO+OhBIr0EGeCaG4i9x2enA=,soc3f+VzsAuWgJUK6u/bal+oV0g=
11,22,wE+4QO+OhBIr0EGeCaG4i9x2enA=,gQChhtDZ/i8yU19yWg+7M92BHv4=
11,21,wE+4QO+OhBIr0EGeCaG4i9x2enA=,mLZ9NGv5icWGKAZVtuXPKt4fYGw=
11,20,wE+4QO+OhBIr0EGeCaG4i9x2enA=,hfP6cB1JuS1/3mz6pdHurZuW4sg=
12,12,wE+4QO+OhBIr0EGeCaG4i9x2enA=,20dSYFYcscK3gAOpSWX+8Yxn2Nk=
12,13,wE+4QO+OhBIr0EGeCaG4i9x2enA=,Xs8lwqY7RF6gssXp8/ldsKBqpvI=
12,14,wE+4QO+OhBIr0EGeCaG4i9x2enA=,IgI9PS5iwrCzownxFOMcK5K4zKA=
12,15,wduD4vsU1bujObdHTZhFMFIUO1I=,emr0RXc9c0/5khQJvw8UXuKur3g=
12,8,wduD4vsU1bujObdHTZhFMFIUO1I=,2GMZc59b1iUGqQB0UH26jt9Jies=
12,9,wduD4vsU1bujObdHTZhFMFIUO1I=,YoV/B4K08d/PqzmtFJN/0tJUHwA=
12,10,wduD4vsU1bujObdHTZhFMFIUO1I=,yg97elaOOZvSUkb+e2mHE05opt0=
12,11,wduD4vsU1bujObdHTZhFMFIUO1I=,39h+AZ90HOAPPeqkJMnb03blh1U=
12,4,wduD4vsU1bujObdHTZhFMFIUO1I=,IxZyFpNLR9fGfJeNgwNNu0jnvk8=
12,5,wduD4vsU1bujObdHTZhFMFIUO1I=,hAkV+hDeTEAVOnMNmhcFzw0qnes=
12,6,wduD4vsU1bujObdHTZhFMFIUO1I=,8Eso4f1/R/Ii7V0EpSs0LpjQ0Cg=
12,7,wduD4vsU1bujObdHTZhFMFIUO1I=,gko3E1g8znBrfZDDmnX6O9XOYY0=
12,0,wduD4vsU1bujObdHTZhFMFIUO1I=,poWZFRObyph7JhqpzbrrLlOV3ZY=
12,1,wduD4vsU1bujObdHTZhFMFIUO1I=,9fY3KWKrTBGmgdZxuDJGWL0to4s=
12,2,wduD4vsU1bujObdHTZhFMFIUO1I=,V+oI+h5lpAwzCIrRiVklosN0AV8=
12,3,wduD4vsU1bujObdHTZhFMFIUO1I=,YKZNaZJ4RbnTrVxPEhxw7lhzpK8=
12,20,wduD4vsU1bujObdHTZhFMFIUO1I=,KDdMUIaugm3McgIDpzEjhYPFIyw=
12,21,wduD4vsU1bujObdHTZhFMFIUO1I=,NiYODtGtM15Z7z8eHtMbufb6DSs=
12,22,wduD4vsU1bujObdHTZhFMFIUO1I=,S7aHqehAuUzrc5nQXDiY/DV0Uqo=
12,16,wduD4vsU1bujObdHTZhFMFIUO1I=,6Bu201giSdp137oDPWUoEHqK8MU=
12,17,wduD4vsU1bujObdHTZhFMFIUO1I=,BR21YVCkFU5ECWmy41UMMrD7XHk=
12,18,wduD4vsU1bujObdHTZhFMFIUO1I=,jT71tiJj5a3Ac9/bDIB3dolkH3o=
12,19,wduD4vsU1bujObdHTZhFMFIUO1I=,i/Sz+6/fi9dkCW0Qe3kcQEnvjdc=
13,13,wduD4vsU1bujObdHTZhFMFIUO1I=,WtsunpP36pYiGWMO5RaiwLq33Nk=
13,12,wduD4vsU1bujObdHTZhFMFIUO1I=,fLBXtqPMNafR4tzS20ZeYJ2AgS0=
13,15,wduD4vsU1bujObdHTZhFMFIUO1I=,JONQ8b8b20lwtc8cHtfnjsr6/c0=
13,14,wduD4vsU1bujObdHTZhFMFIUO1I=,IgI9PS5iwrCzownxFOMcK5K4zKA=
13,9,wduD4vsU1bujObdHTZhFMFIUO1I=,TceaVUlQSvVMhqm13+lzN9Kel90=
13,8,wduD4vsU1bujObdHTZhFMFIUO1I=,CCi2V+qw07rrobeKB0s97GuJPt8=
13,11,wduD4vsU1bujObdHTZhFMFIUO1I=,S1O4HZZ1eW1WTpUq6h2c2rr+0L4=
13,10,wduD4vsU1bujObdHTZhFMFIUO1I=,ZTjrqVFIyKckesNCDR3M8PLcVYk=
13,5,wduD4vsU1bujObdHTZhFMFIUO1I=,YbyCxpe1H/luCHlfPQDzievS1r0=
13,4,wduD4vsU1bujObdHTZhFMFIUO1I=,4R8x0yiQdGp02IjBKrtXsWbHtrU=
13,7,wduD4vsU1bujObdHTZhFMFIUO1I=,uywkt26PQnh94SOQlj8kpWvlMos=
13,6,wduD4vsU1bujObdHTZhFMFIUO1I=,gFxVrn2UpS2tE9U31jQrQB+2jTY=
13,1,wduD4vsU1bujObdHTZhFMFIUO1I=,/m+Ju0oh93gJbeHp2QTbwz2cvMM=
13,0,wduD4vsU1bujObdHTZhFMFIUO1I=,e484KGeZ/GwUdde6TxcQ6/KJaTw=
13,3,wduD4vsU1bujObdHTZhFMFIUO1I=,YK2bR3H/e/+XWASMEvFr+51HpTU=
13,2,wduD4vsU1bujObdHTZhFMFIUO1I=,tRMSx6cuuxfH41wH397ruY+xROQ=
13,21,wduD4vsU1bujObdHTZhFMFIUO1I=,MthIKnIJammPJjRJJPGPXyF4bqc=
13,20,wduD4vsU1bujObdHTZhFMFIUO1I=,B7bi+FjddNU3MAc2Ry2dEqPUYHk=
13,22,wduD4vsU1bujObdHTZhFMFIUO1I=,NfTtLfl+Po0BUxisTxiEBMMxAI4=
13,17,wduD4vsU1bujObdHTZhFMFIUO1I=,wuC6M63KM7nCFB5rVq7aWdX77DE=
13,16,wduD4vsU1bujObdHTZhFMFIUO1I=,1K4X2Ce9D8OEvEp6UbPewAgODGA=
13,19,wduD4vsU1bujObdHTZhFMFIUO1I=,B7bi+FjddNU3MAc2Ry2dEqPUYHk=
13,18,wduD4vsU1bujObdHTZhFMFIUO1I=,0Oy1OVIF9Gpu6aO7A2S+C+/f6cI=
14,14,wduD4vsU1bujObdHTZhFMFIUO1I=,XOkm7Nalj5JtYNCwSqN4f9m+qDo=
14,15,wduD4vsU1bujObdHTZhFMFIUO1I=,T2XxtPd1nS/mgPwSl4naExqVQxE=
14,12,wduD4vsU1bujObdHTZhFMFIUO1I=,JdO2OB8CmNfS/64phE2wsvRh1Vk=
14,13,wduD4vsU1bujObdHTZhFMFIUO1I=,1kcZ4sktkgikZZ9Yb9qiK1CCFkk=
14,10,wduD4vsU1bujObdHTZhFMFIUO1I=,4IeQd7pTK4rgT9Wl4f9wKCJbrXQ=
14,11,wduD4vsU1bujObdHTZhFMFIUO1I=,M08M9c5B/6UamLuzJOTfH9l2Mmk=
14,8,wduD4vsU1bujObdHTZhFMFIUO1I=,gGH03tnTSwnk2vAKtofa3j0OfHc=
14,9,wduD4vsU1bujObdHTZhFMFIUO1I=,gXSjwh/GpVHdnZItOd64Q4LmpKg=
14,6,wduD4vsU1bujObdHTZhFMFIUO1I=,4vpDDUNkRqUYGGC7tTAZDPwEltk=
14,7,wduD4vsU1bujObdHTZhFMFIUO1I=,uywkt26PQnh94SOQlj8kpWvlMos=
14,4,wduD4vsU1bujObdHTZhFMFIUO1I=,85RLCD0udjRiOe6Eu7ZnKk8WsFs=
14,5,wduD4vsU1bujObdHTZhFMFIUO1I=,k6ek6qaftNVDjRQGRymKvQYZ/qY=
14,2,wduD4vsU1bujObdHTZhFMFIUO1I=,4pBe0IUw4amOJ7WZjbi6oWUFi2I=
14,3,wduD4vsU1bujObdHTZhFMFIUO1I=,4QDMtpsBk4vp6mNLGbcXGr1RrBw=
14,0,wduD4vsU1bujObdHTZhFMFIUO1I=,eaT2qSRcjG81bD7VvEZHA0dpvc4=
14,1,wduD4vsU1bujObdHTZhFMFIUO1I=,aC/G0pgV/rBzA4QWD3wAyfbK+4A=
14,22,wduD4vsU1bujObdHTZhFMFIUO1I=,9ZQ0GW2ZHujPhLhr0ANr0ChzDo0=
14,20,wduD4vsU1bujObdHTZhFMFIUO1I=,yCoClNJHRTGC4don9HQUqbdyv1A=
14,21,wduD4vsU1bujObdHTZhFMFIUO1I=,iqQN58GTd6Gwdm05kV7SmIbcASY=
14,18,wduD4vsU1bujObdHTZhFMFIUO1I=,7a2kB+5jL+7N9u1rTouNR2k7fSc=
14,19,wduD4vsU1bujObdHTZhFMFIUO1I=,B7bi+FjddNU3MAc2Ry2dEqPUYHk=
14,16,wduD4vsU1bujObdHTZhFMFIUO1I=,B57qqe1yo8hoQws89N5tkuADkCs=
14,17,wduD4vsU1bujObdHTZhFMFIUO1I=,77kvf6PKHyv0L9JCcfTdbxX+fKY=
15,15,wduD4vsU1bujObdHTZhFMFIUO1I=,PXm056ZVd3GTSTJv+VET17is6rA=
15,14,wduD4vsU1bujObdHTZhFMFIUO1I=,R/rFRHR2rJNLIm60VTLSOy/Ij5I=
15,13,wduD4vsU1bujObdHTZhFMFIUO1I=,V0DVGnljSMj/QI1j/myYs8Qac18=
15,12,wduD4vsU1bujObdHTZhFMFIUO1I=,iMJaO6FpIRTmIWsMbn8KImaD+qg=
15,11,wduD4vsU1bujObdHTZhFMFIUO1I=,SC0MFNB1cx15OuTl3oL/I22n4uw=
15,10,wduD4vsU1bujObdHTZhFMFIUO1I=,MoPIRZJL5YuZncic6Xpzw9XI5n4=
15,9,wduD4vsU1bujObdHTZhFMFIUO1I=,afBU/A38J/kz+tAxBvsxPlNXDdQ=
15,8,wduD4vsU1bujObdHTZhFMFIUO1I=,voIHA9AA6y3OUZ8/ukwgNv4f1OU=
15,7,wduD4vsU1bujObdHTZhFMFIUO1I=,nSod7N3TKnmYjyu5YQL3dWOObsI=
15,6,wduD4vsU1bujObdHTZhFMFIUO1I=,108t/5o9wJaS23gXDdfwxojQw8A=
15,5,wduD4vsU1bujObdHTZhFMFIUO1I=,tZws/FWvnaev4XHvhu1Ut4bu/XE=
15,4,wduD4vsU1bujObdHTZhFMFIUO1I=,7T0QqUd4h8C1X4lugdQFbHn3xBU=
15,3,wduD4vsU1bujObdHTZhFMFIUO1I=,llyCzJBpqKy1uEiJAd7VUk1dbKY=
15,2,wduD4vsU1bujObdHTZhFMFIUO1I=,AvffvkFoshDF+37dQy+NkBTgEMw=
15,1,wduD4vsU1bujObdHTZhFMFIUO1I=,tNoRjtYKXwgOMb1UKKVOe5HMGv4=
15,0,wduD4vsU1bujObdHTZhFMFIUO1I=,DddIh+iDX17L/1pIULHjcxLAwBY=
15,22,wduD4vsU1bujObdHTZhFMFIUO1I=,enEO1Mqx3ws8WIzdxohYS3SQY2g=
15,21,wduD4vsU1bujObdHTZhFMFIUO1I=,3GKo9Bk97jJYQDElBaIJ18l99BI=
15,20,wduD4vsU1bujObdHTZhFMFIUO1I=,lByaNUp6URQr5Ltk3716IwzHTls=
15,19,wduD4vsU1bujObdHTZhFMFIUO1I=,B7bi+FjddNU3MAc2Ry2dEqPUYHk=
15,18,wduD4vsU1bujObdHTZhFMFIUO1I=,pI1ARutmlVm6h4RK5WoxEMKBVK0=
15,17,wduD4vsU1bujObdHTZhFMFIUO1I=,4XQVAXWkVC96ItEAqwmyI6Q794E=
15,16,wduD4vsU1bujObdHTZhFMFIUO1I=,5FNnSyzfGemyzlUGQEDtw6qipKA=
16,16,LSFbL0HUCAmV5MBAxI4Wvmg2N6s=,LlZbOpCSldHUgej+nG09XUe5cTg=
16,17,LSFbL0HUCAmV5MBAxI4Wvmg2N6s=,9tioxYqSmYBs925/1GmS8AO85dE=
16,18,LSFbL0HUCAmV5MBAxI4Wvmg2N6s=,v0TdOt7JEXHkemdmUovZi2zRw0k=
16,19,LSFbL0HUCAmV5MBAxI4Wvmg2N6s=,CZGo7B0w0zsfHNtVHoRpPl24+E0=
16,20,LSFbL0HUCAmV5MBAxI4Wvmg2N6s=,iby0tl5FdSUvTuvGJ6sldEZ9oNY=
16,21,LSFbL0HUCAmV5MBAxI4Wvmg2N6s=,iby0tl5FdSUvTuvGJ6sldEZ9oNY=
16,22,LSFbL0HUCAmV5MBAxI4Wvmg2N6s=,iby0tl5FdSUvTuvGJ6sldEZ9oNY=
16,0,LSFbL0HUCAmV5MBAxI4Wvmg2N6s=,VCdD2ewYaP7hiVwuROvWCDJ5wLc=
16,1,LSFbL0HUCAmV5MBAxI4Wvmg2N6s=,Cv1a68Oy5mst2gxt+d+Iaj2s8O0=
16,2,LSFbL0HUCAmV5MBAxI4Wvmg2N6s=,WdAmYhETEIuckc4YF2eK8HNwzRE=
16,3,LSFbL0HUCAmV5MBAxI4Wvmg2N6s=,TRFg4auK8Mwo8xy3wxPGEzKysTU=
16,4,LSFbL0HUCAmV5MBAxI4Wvmg2N6s=,rq+Z/Cpu8r+S77OzZ/3CxD2Fzd8=
16,5,LSFbL0HUCAmV5MBAxI4Wvmg2N6s=,rq+Z/Cpu8r+S77OzZ/3CxD2Fzd8=
16,6,LSFbL0HUCAmV5MBAxI4Wvmg2N6s=,rq+Z/Cpu8r+S77OzZ/3CxD2Fzd8=
16,7,LSFbL0HUCAmV5MBAxI4Wvmg2N6s=,2xlkopqJvvt4vIvCePAUKSLWyAI=
16,8,LSFbL0HUCAmV5MBAxI4Wvmg2N6s=,ZTEtlz6q0AWWw9OpYr4XaG4QPDM=
16,9,LSFbL0HUCAmV5MBAxI4Wvmg2N6s=,6unXEBThHYDGOiCT7jWAwunUxQ4=
16,10,LSFbL0HUCAmV5MBAxI4Wvmg2N6s=,JRNz54vWFvkfyqfF2Cun1UuD7Mg=
16,11,LSFbL0HUCAmV5MBAxI4Wvmg2N6s=,EySO2P6WQFMPT0GXZWDmkF5WjNE=
16,12,LSFbL0HUCAmV5MBAxI4Wvmg2N6s=,rLH0AvRf76hBkbJfGPTp00cOazg=
16,13,LSFbL0HUCAmV5MBAxI4Wvmg2N6s=,t8MDkn86UJHv+c+RNUN5+8KSfuw=
16,14,LSFbL0HUCAmV5MBAxI4Wvmg2N6s=,6s+SByAMyGIjsfgV0/Vir8xUy8s=
16,15,LSFbL0HUCAmV5MBAxI4Wvmg2N6s=,3dIcLMSjU/S/xE1/IpWZnWbL4Mk=
17,17,LSFbL0HUCAmV5MBAxI4Wvmg2N6s=,XCzO1v7wC6JhwBwHS/uaCdkbCag=
17,16,LSFbL0HUCAmV5MBAxI4Wvmg2N6s=,7e/PHRjI/VNmVzmhN/gFtPyq0FE=
17,19,LSFbL0HUCAmV5MBAxI4Wvmg2N6s=,cc5kroCV3sotJVB6F7yU0yRMaEc=
17,18,LSFbL0HUCAmV5MBAxI4Wvmg2N6s=,OIeOZGKdlUkXUkB8lrY+V9U0DDM=
17,21,LSFbL0HUCAmV5MBAxI4Wvmg2N6s=,iby0tl5FdSUvTuvGJ6sldEZ9oNY=
17,20,LSFbL0HUCAmV5MBAxI4Wvmg2N6s=,CZGo7B0w0zsfHNtVHoRpPl24+E0=
17,22,LSFbL0HUCAmV5MBAxI4Wvmg2N6s=,iby0tl5FdSUvTuvGJ6sldEZ9oNY=
17,1,LSFbL0HUCAmV5MBAxI4Wvmg2N6s=,OjIa5aET1j9PxSwI2irvDvcvewQ=
17,0,LSFbL0HUCAmV5MBAxI4Wvmg2N6s=,FT4bWDdIP7dSw8b8UsEYACHAqhs=
17,3,LSFbL0HUCAmV5MBAxI4Wvmg2N6s=,v1SYFBvaN4Rhqmcb88wwKwuQ4hM=
17,2,LSFbL0HUCAmV5MBAxI4Wvmg2N6s=,MTTh2Gurd6gnT4kw0wSYc0WiA6c=
17,5,LSFbL0HUCAmV5MBAxI4Wvmg2N6s=,zaOFcCvySOQoO4ycI/JpdG2KB6E=
17,4,LSFbL0HUCAmV5MBAxI4Wvmg2N6s=,BcesETAFt914mD5GQqNhviUMj0A=
17,7,LSFbL0HUCAmV5MBAxI4Wvmg2N6s=,6u1v29iEdXYUY6+ab60v21u6eKE=
17,6,LSFbL0HUCAmV5MBAxI4Wvmg2N6s=,zaOFcCvySOQoO4ycI/JpdG2KB6E=
17,9,LSFbL0HUCAmV5MBAxI4Wvmg2N6s=,A+XOHlnjHdBstUHo/PI2wu9i1IM=
17,8,LSFbL0HUCAmV5MBAxI4Wvmg2N6s=,l5jiiYxov92vkz51X6px2G7bBPE=
17,11,LSFbL0HUCAmV5MBAxI4Wvmg2N6s=,+kbqqpgjQklk/LcukzuqxWFUtnA=
17,10,LSFbL0HUCAmV5MBAxI4Wvmg2N6s=,LXLw2tl2jgKkNsRC4WnO+S1ekog=
17,13,LSFbL0HUCAmV5MBAxI4Wvmg2N6s=,y5qpF6jQW4RSnbw2jUkbhUk6ssI=
17,12,LSFbL0HUCAmV5MBAxI4Wvmg2N6s=,CkU6lcUb5cqDYdED5BfdcuHkpX8=
17,15,LSFbL0HUCAmV5MBAxI4Wvmg2N6s=,JKulHtiHsLYDYyyd5MHVKa/PWr8=
17,14,LSFbL0HUCAmV5MBAxI4Wvmg2N6s=,kVSJyMBFIQ+BJb6prsf6XQ4KTmA=
18,18,LSFbL0HUCAmV5MBAxI4Wvmg2N6s=,yzwqmqiekKZyDRGNbMtqHvu2Cmc=
18,19,LSFbL0HUCAmV5MBAxI4Wvmg2N6s=,wEcr1Yti8PQZrtl6TPjUzohCrwc=
18,16,LSFbL0HUCAmV5MBAxI4Wvmg2N6s=,sEO5H8OJXsyfcQdBpC8eBcegv7I=
18,17,LSFbL0HUCAmV5MBAxI4Wvmg2N6s=,TFMsF4438/tlxcDkWVeIELF99iA=
18,22,LSFbL0HUCAmV5MBAxI4Wvmg2N6s=,uGIYoJiyTdnCCb2XpSIIVOOL26k=
18,20,LSFbL0HUCAmV5MBAxI4Wvmg2N6s=,Dbkcu0DHBeCtoUZWf1Xp/10imTs=
18,21,LSFbL0HUCAmV5MBAxI4Wvmg2N6s=,NFVuGpxwy5xUgeQ/qxo/KtXXl6k=
18,2,LSFbL0HUCAmV5MBAxI4Wvmg2N6s=,aQAsXbH2KA3DeHJUvsZRAkcPG1Y=
18,3,LSFbL0HUCAmV5MBAxI4Wvmg2N6s=,7o8udbcQAq6IzGWRw6Hx/EryykA=
18,0,LSFbL0HUCAmV5MBAxI4Wvmg2N6s=,o0azxInsqjzWUX3or0kLk/k449s=
18,1,LSFbL0HUCAmV5MBAxI4Wvmg2N6s=,QH19CafGudfgka9smQf0ODloQqs=
18,6,LSFbL0HUCAmV5MBAxI4Wvmg2N6s=,S2DX4ZLl74J1T5vSMyO6ZFljcho=
18,7,LSFbL0HUCAmV5MBAxI4Wvmg2N6s=,Eh6/Pa8vgqbZwAR2lItwb8aYCUM=
18,4,LSFbL0HUCAmV5MBAxI4Wvmg2N6s=,bfYFRdrMaODcFXqlhugxglWfum0=
18,5,LSFbL0HUCAmV5MBAxI4Wvmg2N6s=,LiuXDlnW0yrH+bVZDzOvsyFe4/8=
18,10,LSFbL0HUCAmV5MBAxI4Wvmg2N6s=,O/oJBrEW+7FUlZLr2ucOzqdIcL4=
18,11,LSFbL0HUCAmV5MBAxI4Wvmg2N6s=,WwiEFASLSvF7sEOEFC8tEybVkhY=
18,8,LSFbL0HUCAmV5MBAxI4Wvmg2N6s=,QTw3wUmYgbGw9Tbc+KR+NPX2hZ4=
18,9,LSFbL0HUCAmV5MBAxI4Wvmg2N6s=,SZ9KdCj0AYMymVwpf74qYcax3JE=
18,14,LSFbL0HUCAmV5MBAxI4Wvmg2N6s=,v1zYkBNReMGsfNekC9JyKsxJcpw=
18,15,LSFbL0HUCAmV5MBAxI4Wvmg2N6s=,gWFMDeBWgnsbddvwuG/iRhR/YTs=
18,12,LSFbL0HUCAmV5MBAxI4Wvmg2N6s=,HRMBhjytvOhA4t4GyF+ypItssTU=
18,13,LSFbL0HUCAmV5MBAxI4Wvmg2N6s=,G9Veae6nuGkCfStLgwzpPgCzEb0=
19,19,LSFbL0HUCAmV5MBAxI4Wvmg2N6s=,5fVqxdKxx7mbJEZHM5G78TTFs6E=
19,18,LSFbL0HUCAmV5MBAxI4Wvmg2N6s=,aRER9iQu6zCST3nECCdsk94utvM=
19,17,LSFbL0HUCAmV5MBAxI4Wvmg2N6s=,ZW82GwTgv2XxYBJb4OVgPJr/Saw=
19,16,LSFbL0HUCAmV5MBAxI4Wvmg2N6s=,jsKT81ltIL4p4M16adRPABmnBIo=
19,22,LSFbL0HUCAmV5MBAxI4Wvmg2N6s=,+SnghKbG8lk7a3zdqKDR2R8n/ws=
19,21,LSFbL0HUCAmV5MBAxI4Wvmg2N6s=,YBoWp0BYGjBvSE18nGDEIncQqYo=
19,20,LSFbL0HUCAmV5MBAxI4Wvmg2N6s=,p3wITkB1zAJV7uylWiAfx1m00JA=
19,3,LSFbL0HUCAmV5MBAxI4Wvmg2N6s=,HBo9uKOC+9wB1SeRrqGik1OLC7o=
19,2,LSFbL0HUCAmV5MBAxI4Wvmg2N6s=,fV9mUro8mYtLmvDtUPTMohzPCEI=
19,1,LSFbL0HUCAmV5MBAxI4Wvmg2N6s=,LbiMZXBFoCSdEmGf3Mct9EpjpG8=
19,0,LSFbL0HUCAmV5MBAxI4Wvmg2N6s=,dMCfCU0sZZcdgFOHRW+6t3Lvpfk=
19,7,LSFbL0HUCAmV5MBAxI4Wvmg2N6s=,Zj+ngXIA1FwwrI1z+O+O+7ehTj4=
19,6,LSFbL0HUCAmV5MBAxI4Wvmg2N6s=,gV7PvyTkxrSd240lJwVXME1hkQ4=
19,5,LSFbL0HUCAmV5MBAxI4Wvmg2N6s=,XGOitNrOsV4scySE1z4bNtBwYTs=
19,4,LSFbL0HUCAmV5MBAxI4Wvmg2N6s=,0hxJCvrcmzbmUkDBZP6T9QB8olU=
19,11,LSFbL0HUCAmV5MBAxI4Wvmg2N6s=,pK+ipB+8M6y06VzyUIM7Ym0ePn0=
19,10,LSFbL0HUCAmV5MBAxI4Wvmg2N6s=,pE01SDo+DG6VBQHq2Fk9wtHMcdM=
19,9,LSFbL0HUCAmV5MBAxI4Wvmg2N6s=,ZvYQk4ekiFYajbwHYgPte/Fe8eY=
19,8,LSFbL0HUCAmV5MBAxI4Wvmg2N6s=,/2kyCrtxKi8Ef13Szpbx4/M5SPs=
19,15,LSFbL0HUCAmV5MBAxI4Wvmg2N6s=,yn+w+t1HJdn7g/TKFQVaA76N1qw=
19,14,LSFbL0HUCAmV5MBAxI4Wvmg2N6s=,XTbsyhnJ6+iIsq3inXdDH/7jF0I=
19,13,LSFbL0HUCAmV5MBAxI4Wvmg2N6s=,qk1M1rYi737mr0WQjsrCBRVvIwo=
19,12,LSFbL0HUCAmV5MBAxI4Wvmg2N6s=,yfovaHMNG8B7BbSAffanfG0EEWM=
20,20,LSFbL0HUCAmV5MBAxI4Wvmg2N6s=,UVKbi8yE5QeMo6b7K1LxVZocmHs=
20,21,LSFbL0HUCAmV5MBAxI4Wvmg2N6s=,hJYAhRbe+EY5q59hAV03DwaLfwo=
20,22,LSFbL0HUCAmV5MBAxI4Wvmg2N6s=,YPI3OJ6EpL5QsYLqXjvG+LyBvGg=
20,16,LSFbL0HUCAmV5MBAxI4Wvmg2N6s=,Uj32118WOMZETblQzBb0ySQseng=
20,17,LSFbL0HUCAmV5MBAxI4Wvmg2N6s=,tGOBoi+Znn9NneE4XvGud2lNWlg=
20,18,LSFbL0HUCAmV5MBAxI4Wvmg2N6s=,eQpGAAe17U0xCR08aDzQArSZghs=
20,19,LSFbL0HUCAmV5MBAxI4Wvmg2N6s=,jN09s7WaRz0X16UiiaIW5ChEbNM=
20,4,LSFbL0HUCAmV5MBAxI4Wvmg2N6s=,x/9AIU827Ki+ouToQnhOcRT2WsQ=
20,5,rrVbu5c1xB9qX9zYF1cLlPCD1cM=,3ryq7f9fjWTqn3796LvbfSXSOvM=
20,6,rrVbu5c1xB9qX9zYF1cLlPCD1cM=,sEXny2jxP2MERaYaSxRpe88GS+0=
20,7,rrVbu5c1xB9qX9zYF1cLlPCD1cM=,Zj+ngXIA1FwwrI1z+O+O+7ehTj4=
20,0,rrVbu5c1xB9qX9zYF1cLlPCD1cM=,9jIgF2Z/y3fR5dqYARR3zCeOxn8=
20,1,rrVbu5c1xB9qX9zYF1cLlPCD1cM=,8pRv2y+q2FOk9QlGqmwd+/3lWAM=
20,2,rrVbu5c1xB9qX9zYF1cLlPCD1cM=,N58rJS1i9Y8EsYJQvPHHoPB/aDg=
20,3,rrVbu5c1xB9qX9zYF1cLlPCD1cM=,iSn8Z2T3OcuyU2/cvLBv/ax1jok=
20,12,rrVbu5c1xB9qX9zYF1cLlPCD1cM=,yfovaHMNG8B7BbSAffanfG0EEWM=
20,13,rrVbu5c1xB9qX9zYF1cLlPCD1cM=,oPaskP5ibz/+EApYdXlLpp+RyzY=
20,14,rrVbu5c1xB9qX9zYF1cLlPCD1cM=,re9XyVrm0MEjPTIdZvo+5i4JgoY=
20,15,rrVbu5c1xB9qX9zYF1cLlPCD1cM=,yn+w+t1HJdn7g/TKFQVaA76N1qw=
20,8,rrVbu5c1xB9qX9zYF1cLlPCD1cM=,1oGiHh0sL7ssBmw92MeRCBCyY+w=
20,9,rrVbu5c1xB9qX9zYF1cLlPCD1cM=,xL6tZML0iJb+JWo7ZfeJAGtg4wA=
20,10,rrVbu5c1xB9qX9zYF1cLlPCD1cM=,eLG7exTNOwFkZUpjai35Jv7xPag=
20,11,rrVbu5c1xB9qX9zYF1cLlPCD1cM=,g26HgTPf+TD9AV5kGin+alK0MKk=
21,21,rrVbu5c1xB9qX9zYF1cLlPCD1cM=,kOhFqc+RgUju7CdS+wJvrqvWH1Y=
21,20,rrVbu5c1xB9qX9zYF1cLlPCD1cM=,/2+qZ3+/KqZdktVHu5R80zy6l50=
21,22,rrVbu5c1xB9qX9zYF1cLlPCD1cM=,YPI3OJ6EpL5QsYLqXjvG+LyBvGg=
21,17,rrVbu5c1xB9qX9zYF1cLlPCD1cM=,3rlaV7LW8AbN+ZPjDVrAHwybmi4=
21,16,rrVbu5c1xB9qX9zYF1cLlPCD1cM=,zL5SuJ9Pji+BtV64IdKKkgMkBMs=
21,19,rrVbu5c1xB9qX9zYF1cLlPCD1cM=,fDUu0z+Qtrf6pNh7wnTdV/Fk33s=
21,18,rrVbu5c1xB9qX9zYF1cLlPCD1cM=,Kk+eR1hntH/tvVUw36pw3bViOUU=
21,5,rrVbu5c1xB9qX9zYF1cLlPCD1cM=,BlEgWaXD6ObL5o+50GrbpzbkNuA=
21,4,rrVbu5c1xB9qX9zYF1cLlPCD1cM=,QXrM7Vb1X4WNKQB1cZwh0whSURY=
21,7,rrVbu5c1xB9qX9zYF1cLlPCD1cM=,tDhmj24+OpmVg/nnBHXosJEqDK4=
21,6,rrVbu5c1xB9qX9zYF1cLlPCD1cM=,3e9asFjE/9NNLYXxQDZQV7EAoF0=
21,1,rrVbu5c1xB9qX9zYF1cLlPCD1cM=,aSMY+KZK4HSi32uBM/0o+6GZkE4=
21,0,rrVbu5c1xB9qX9zYF1cLlPCD1cM=,0B5WXo1bNzjd3P7MrqzlPFQrCck=
21,3,rrVbu5c1xB9qX9zYF1cLlPCD1cM=,kDVOHQg3YqoQdQjyaVtvAhD4IIE=
21,2,rrVbu5c1xB9qX9zYF1cLlPCD1cM=,PfbJ/bfG9pm12YWJrNEwWjA9yuI=
21,13,rrVbu5c1xB9qX9zYF1cLlPCD1cM=,Lh/n3q61deynHdDM0KPB5uV1Y1E=
21,12,rrVbu5c1xB9qX9zYF1cLlPCD1cM=,q7u/5gJb1ySb0kRopBNhORRJrGc=
21,15,rrVbu5c1xB9qX9zYF1cLlPCD1cM=,gxNDuqbJPUu2hMVr9OG+tyH9tlg=
21,14,rrVbu5c1xB9qX9zYF1cLlPCD1cM=,4sIE8bdF9HTPuTR2YJA12u7WHKY=
21,9,rrVbu5c1xB9qX9zYF1cLlPCD1cM=,ch3g5F1mEuaOIw/5UrrWCe3MqaA=
21,8,rrVbu5c1xB9qX9zYF1cLlPCD1cM=,RSGcJoRszcNGtv+LKrQY6oHwMps=
21,11,rrVbu5c1xB9qX9zYF1cLlPCD1cM=,5p8lRk6rUF6vKYVa3ycEcgATPvo=
21,10,rrVbu5c1xB9qX9zYF1cLlPCD1cM=,pBuAMdT6BpffZEQX8FCdQxZl0N8=
22,22,rrVbu5c1xB9qX9zYF1cLlPCD1cM=,OrK7GJN1mMhC64DSl8hdSpgJEiI=
22,20,rrVbu5c1xB9qX9zYF1cLlPCD1cM=,WTzovCAOL/vWt2CA2aYfhSjD8Zo=
22,21,rrVbu5c1xB9qX9zYF1cLlPCD1cM=,21gPofJX409jEcIwarm5CSmGyTM=
22,18,rrVbu5c1xB9qX9zYF1cLlPCD1cM=,Cg1WS/9gFOs/3Biojrx0gtVpdWg=
22,19,rrVbu5c1xB9qX9zYF1cLlPCD1cM=,mLd637TGRdLi4/6+dY98E3wdUZM=
22,16,rrVbu5c1xB9qX9zYF1cLlPCD1cM=,twbyeuR8R5tTmemMkXNGrVnQJmE=
22,17,rrVbu5c1xB9qX9zYF1cLlPCD1cM=,53kPNvkX+6GCKXT6jco35Jr/tf0=
22,6,rrVbu5c1xB9qX9zYF1cLlPCD1cM=,9GE4NsLpnQaupFGXvhdCFs/l7ng=
22,7,rrVbu5c1xB9qX9zYF1cLlPCD1cM=,YbB0YVj0lxck6Qcmk+An1Ot6Lr8=
22,4,rrVbu5c1xB9qX9zYF1cLlPCD1cM=,Xq4EkbYg3MaFvLOw3K9lSoavJao=
22,5,rrVbu5c1xB9qX9zYF1cLlPCD1cM=,wtuBCkY6YTaa9H/cuuVFdEh1vs4=
22,2,rrVbu5c1xB9qX9zYF1cLlPCD1cM=,s52lFvoJ/Vavb9CnOKqNb9MvBiI=
22,3,rrVbu5c1xB9qX9zYF1cLlPCD1cM=,CUryrZPN9byuvgeI7p2C3OV7v/A=
22,0,rrVbu5c1xB9qX9zYF1cLlPCD1cM=,IY5LvpXfhC3GrZKShin6IkjapFQ=
22,1,rrVbu5c1xB9qX9zYF1cLlPCD1cM=,lMoqJ53baUWB3BgSO/OynhLX660=
22,14,rrVbu5c1xB9qX9zYF1cLlPCD1cM=,BPvTCsnq2YLSI0rZf3SuPLDbTuU=
22,15,rrVbu5c1xB9qX9zYF1cLlPCD1cM=,cQJoFD8Jh/nDCePxwsZVyqjijWc=
22,12,rrVbu5c1xB9qX9zYF1cLlPCD1cM=,Ir1l/bKo/spuC1yqYtWeu8I5qfE=
22,13,rrVbu5c1xB9qX9zYF1cLlPCD1cM=,LgZHT3JJEQuOdm3kxtQB288ZHS0=
22,10,rrVbu5c1xB9qX9zYF1cLlPCD1cM=,jMD1qXNRn/JnMiOh8tojUoR0cbs=
22,11,rrVbu5c1xB9qX9zYF1cLlPCD1cM=,OzeaYOTpT8/6sAwQsmqczum8xNo=
22,8,rrVbu5c1xB9qX9zYF1cLlPCD1cM=,8cJ4apm19BdYJ7tAuOQwXLQGLeg=
22,9,rrVbu5c1xB9qX9zYF1cLlPCD1cM=,L5Nt+M07lzpCrWV2PnxZbTA/k4Q=
23,22,rrVbu5c1xB9qX9zYF1cLlPCD1cM=,JjVIPDnYdVQyR+ikacrw0sYuN0k=
23,21,rrVbu5c1xB9qX9zYF1cLlPCD1cM=,wi6whxdj6LplXWJTwe6S/9K7rp4=
23,20,rrVbu5c1xB9qX9zYF1cLlPCD1cM=,XB0uRn7lyj/14Pgij2+nVbNaQFw=
23,19,rrVbu5c1xB9qX9zYF1cLlPCD1cM=,HszeNm7rvKJNX13dv5LWUMfQylA=
23,18,rrVbu5c1xB9qX9zYF1cLlPCD1cM=,JjVIPDnYdVQyR+ikacrw0sYuN0k=
23,17,rrVbu5c1xB9qX9zYF1cLlPCD1cM=,WWP4Aw2iqZVzfZxOfNKF6xrgMKA=
23,16,rrVbu5c1xB9qX9zYF1cLlPCD1cM=,e3ozGq3CPrUOd6DitTlK8RiOrds=
23,7,rrVbu5c1xB9qX9zYF1cLlPCD1cM=,hViHqihFPtqqe3BsMT4O8p0sroY=
23,6,rrVbu5c1xB9qX9zYF1cLlPCD1cM=,HqZbdlwL0EYRxPJSX6eRVkLNpEs=
23,5,rrVbu5c1xB9qX9zYF1cLlPCD1cM=,2boZq2/TcfjxxApTBJXEmMamPXA=
23,4,rrVbu5c1xB9qX9zYF1cLlPCD1cM=,fpWK2hxwyMx2F3LQMacPEh2tgh8=
23,3,rrVbu5c1xB9qX9zYF1cLlPCD1cM=,SdgRup4ldCz0HzdpXmbaxNU3gS0=
23,2,rrVbu5c1xB9qX9zYF1cLlPCD1cM=,5JiTB4EQq8GCes3qmbhdQ/sqox8=
23,1,rrVbu5c1xB9qX9zYF1cLlPCD1cM=,6bWylvBFzKTa3wpIUZgguigfcis=
23,0,rrVbu5c1xB9qX9zYF1cLlPCD1cM=,SU7NFtUtd2GWmoBxe7JO6As0nPM=
23,15,rrVbu5c1xB9qX9zYF1cLlPCD1cM=,UrPNGX6slnsbOdlAGFTHZLyAv4U=
23,14,rrVbu5c1xB9qX9zYF1cLlPCD1cM=,4zGgsRpVz7ppowrHgD8U5LLo6L0=
23,13,rrVbu5c1xB9qX9zYF1cLlPCD1cM=,s7Nnbrgw9zBx3kLh8LaPpqlpd7M=
23,12,rrVbu5c1xB9qX9zYF1cLlPCD1cM=,Ph6f8O5hXO8FkwTNIF7GzgvJ8ho=
23,11,rrVbu5c1xB9qX9zYF1cLlPCD1cM=,Btd0BZBqq0FpEtROSnvKyUS8zYQ=
23,10,rrVbu5c1xB9qX9zYF1cLlPCD1cM=,ZuANGa+Yq6N3N31mVpC+PV0hRDs=
23,9,rrVbu5c1xB9qX9zYF1cLlPCD1cM=,sFEeKi7kmKMKNnLofVj0GFYp4k4=
23,8,rrVbu5c1xB9qX9zYF1cLlPCD1cM=,HJGcLZg2oUKKNv1hA6pwzNgczlQ=
24,16,rrVbu5c1xB9qX9zYF1cLlPCD1cM=,+rXTABw5cN0xJld2k5NxzNuIGeU=
24,17,rrVbu5c1xB9qX9zYF1cLlPCD1cM=,jHPj20lqa4g7pdmRvtN35AiB8+E=
24,18,rrVbu5c1xB9qX9zYF1cLlPCD1cM=,jHPj20lqa4g7pdmRvtN35AiB8+E=
24,19,rrVbu5c1xB9qX9zYF1cLlPCD1cM=,GbxLpFHU4Zh6rNHqAz00/UGWfxQ=
24,20,rrVbu5c1xB9qX9zYF1cLlPCD1cM=,/FZU6HsUJZT4yASxpaAAO/69z3s=
24,21,rrVbu5c1xB9qX9zYF1cLlPCD1cM=,LOSu7PmA8rdLw3PIsMB3uDiXfvc=
24,22,rrVbu5c1xB9qX9zYF1cLlPCD1cM=,8vBpp359d2cZGBWLKUGpry3edLQ=
24,8,rrVbu5c1xB9qX9zYF1cLlPCD1cM=,urlbCQrVsfTOItvbrezz+ULbhfc=
24,9,rrVbu5c1xB9qX9zYF1cLlPCD1cM=,urlbCQrVsfTOItvbrezz+ULbhfc=
24,10,rrVbu5c1xB9qX9zYF1cLlPCD1cM=,/lYhWIM/dyP3zM+kWgCfeMWeDgA=
24,11,rrVbu5c1xB9qX9zYF1cLlPCD1cM=,/EXOKk5h6W1G31QXujurHWAb0rs=
24,12,oVYla7nJB0I9gz/VGKAk2WC112k=,1OR+tHXc10k33OUOyrLTpNb1kXI=
24,13,oVYla7nJB0I9gz/VGKAk2WC112k=,dXHsmkqmxLMKCvS3ZgAXockyEhE=
24,14,oVYla7nJB0I9gz/VGKAk2WC112k=,5sXq6MwJ5TutT8vI5TREgXDMgSY=
24,15,oVYla7nJB0I9gz/VGKAk2WC112k=,iEwtCuD4y9q5OpjHgSHWqtMcIy4=
24,0,oVYla7nJB0I9gz/VGKAk2WC112k=,8TDWse8Swkv88UvI2Io5H8yZLdQ=
24,1,oVYla7nJB0I9gz/VGKAk2WC112k=,RcJaywLfGRv8qnq8KjA0iUb8bXA=
24,2,oVYla7nJB0I9gz/VGKAk2WC112k=,RcJaywLfGRv8qnq8KjA0iUb8bXA=
24,3,oVYla7nJB0I9gz/VGKAk2WC112k=,pX5PLsARFqlLXMDIWo2HSWXx01g=
24,4,oVYla7nJB0I9gz/VGKAk2WC112k=,Zqt88kNvoqaEa39ZmXU9ODtj78g=
24,5,oVYla7nJB0I9gz/VGKAk2WC112k=,SxszDbVMRWoZW5spZe1Z8tZExO4=
24,6,oVYla7nJB0I9gz/VGKAk2WC112k=,pX5PLsARFqlLXMDIWo2HSWXx01g=
24,7,oVYla7nJB0I9gz/VGKAk2WC112k=,E60kTAS8ZYV0B+GuX3e1uu3XB8w=
25,17,oVYla7nJB0I9gz/VGKAk2WC112k=,f/6tEG/sBc8n+r4IW5fFuZw51l8=
25,16,oVYla7nJB0I9gz/VGKAk2WC112k=,By24PYDwoMQlWjWxBuRQjaU0eME=
25,19,oVYla7nJB0I9gz/VGKAk2WC112k=,rx5duxbsCCdJKVqqgb4IkusrWkw=
25,18,oVYla7nJB0I9gz/VGKAk2WC112k=,H/2UYNMa9luxEeaOYGMb/otKNqc=
25,21,oVYla7nJB0I9gz/VGKAk2WC112k=,v8D1XAdD8hn4V5vxX5KncGWCgjM=
25,20,oVYla7nJB0I9gz/VGKAk2WC112k=,xZwB7+jjZZITZxx4ng42scPGPWM=
25,22,oVYla7nJB0I9gz/VGKAk2WC112k=,CjCczouGzb/cotzAp5wFlnE4xko=
25,9,oVYla7nJB0I9gz/VGKAk2WC112k=,9bko5huVDzOV1s3SZ2uByhLI6RU=
25,8,oVYla7nJB0I9gz/VGKAk2WC112k=,vwsG4DPwP4j3BlpwXxkpDdnl0pM=
25,11,oVYla7nJB0I9gz/VGKAk2WC112k=,cbiwTuuGAoMMra4tAW0HmHp+V7U=
25,10,oVYla7nJB0I9gz/VGKAk2WC112k=,zQp8b6W35JqfsSit/Wm107I+a2s=
25,13,oVYla7nJB0I9gz/VGKAk2WC112k=,u6+uS38PsoojFq9Xrmot8l91EvI=
25,12,oVYla7nJB0I9gz/VGKAk2WC112k=,ER9tfkA5IQrkxfKabndFCf+7iHU=
25,15,oVYla7nJB0I9gz/VGKAk2WC112k=,jVAj0/wbltre+L7Uc04BfqAEBYg=
25,14,oVYla7nJB0I9gz/VGKAk2WC112k=,8LnORrxiHcEwSGNdMtADue0TIVk=
25,1,oVYla7nJB0I9gz/VGKAk2WC112k=,Wh3Vj10BrB+C9KnMfYdaDNHrnYQ=
25,0,oVYla7nJB0I9gz/VGKAk2WC112k=,ZJwybEV0gcCYoNYDFIu6+ndmsLE=
25,3,oVYla7nJB0I9gz/VGKAk2WC112k=,rrUug4PNqIuUE0e3JTtSgRPnYKQ=
25,2,oVYla7nJB0I9gz/VGKAk2WC112k=,qQDNC6+0Tq2f512D8qAJIj1nG/M=
25,5,oVYla7nJB0I9gz/VGKAk2WC112k=,8Fl4e4jRY9kgmvPQqzSoGcrS81Q=
25,4,oVYla7nJB0I9gz/VGKAk2WC112k=,ok+JemRvXr92fObMGWTMNFiKy/o=
25,7,oVYla7nJB0I9gz/VGKAk2WC112k=,i9P0FOhd+sF6PlkubiJOAk7ExsQ=
25,6,oVYla7nJB0I9gz/VGKAk2WC112k=,RlkVb8Y01+LP4zCWMVASvpg6XpI=
26,18,oVYla7nJB0I9gz/VGKAk2WC112k=,6IAIQ635JKC0HvI5I5tW2I0bl18=
26,19,oVYla7nJB0I9gz/VGKAk2WC112k=,kx2b4IkQ0l/p3dOtUTpplopPsAc=
26,16,oVYla7nJB0I9gz/VGKAk2WC112k=,g6jFm5spdgsIyR4NGR85EDBhlNA=
26,17,oVYla7nJB0I9gz/VGKAk2WC112k=,ik4PPmJEL4PNxxA5/No5Q6NVKf8=
26,22,oVYla7nJB0I9gz/VGKAk2WC112k=,CjCczouGzb/cotzAp5wFlnE4xko=
26,20,oVYla7nJB0I9gz/VGKAk2WC112k=,1V5a2lwoZZOqVEisQqdbIMZZW5M=
26,21,oVYla7nJB0I9gz/VGKAk2WC112k=,woKM0PB7spEG1DRpqgzupWbs6Uo=
26,10,oVYla7nJB0I9gz/VGKAk2WC112k=,AD1rdISkJWuGCfGKn1/+noW/47o=
26,11,oVYla7nJB0I9gz/VGKAk2WC112k=,kia1Ta8prUD0l010TPpD361DWRM=
26,8,oVYla7nJB0I9gz/VGKAk2WC112k=,8W7drurwgXJc8Qh84zoCE5+R33w=
26,9,oVYla7nJB0I9gz/VGKAk2WC112k=,HcYs7XbQzSnoGVO8L3bYRqDID4E=
26,14,oVYla7nJB0I9gz/VGKAk2WC112k=,XGp+7JYIK5NezYGpaF6QwCe0sZQ=
26,15,oVYla7nJB0I9gz/VGKAk2WC112k=,EKwBS18NqM7JPuXVNMy2de7XE5s=
26,12,oVYla7nJB0I9gz/VGKAk2WC112k=,VFxEJp5NaKRbaOBqtS73I89qyFE=
26,13,oVYla7nJB0I9gz/VGKAk2WC112k=,hPDJOYwwezAwQSalgRj64Mrw7TA=
26,2,oVYla7nJB0I9gz/VGKAk2WC112k=,V9/0eiguF9VIg0Gp3lU0zQzfN9c=
26,3,oVYla7nJB0I9gz/VGKAk2WC112k=,jQl4whA9W5E26yl9BNkLs5lGuAU=
26,0,oVYla7nJB0I9gz/VGKAk2WC112k=,Wh3Vj10BrB+C9KnMfYdaDNHrnYQ=
26,1,oVYla7nJB0I9gz/VGKAk2WC112k=,Wh3Vj10BrB+C9KnMfYdaDNHrnYQ=
26,6,oVYla7nJB0I9gz/VGKAk2WC112k=,WJJuefaiug19AmxOiXPIHglBvnA=
26,7,oVYla7nJB0I9gz/VGKAk2WC112k=,d9oEj6sGho+ALhBvMRFQYL+eRbw=
26,4,oVYla7nJB0I9gz/VGKAk2WC112k=,N/YNpUxPUY7AnJrv5zGcefSdrhw=
26,5,oVYla7nJB0I9gz/VGKAk2WC112k=,j+UbzBgcUxyhd1sv+dXmUWnAGyU=
27,19,oVYla7nJB0I9gz/VGKAk2WC112k=,dTU0siQ1fdZq99mIZa9u1uxPcDo=
27,18,oVYla7nJB0I9gz/VGKAk2WC112k=,63Popejq9bDg5KNwNLZSX/totDM=
27,17,oVYla7nJB0I9gz/VGKAk2WC112k=,W4VxNo9Vf3tjjzsT/gib7ReY3R8=
27,16,oVYla7nJB0I9gz/VGKAk2WC112k=,lTBS+u33y3+BlrIGYXwqO+0SBnc=
27,22,oVYla7nJB0I9gz/VGKAk2WC112k=,62sNES1vInPbjH6AFyUNFgDu7gM=
27,21,oVYla7nJB0I9gz/VGKAk2WC112k=,F5oj6gogW8V5Fn9IE5MSAGpZOhQ=
27,20,oVYla7nJB0I9gz/VGKAk2WC112k=,rzpA2qU+nOR+YJJ2RRljhmGdnlM=
27,11,oVYla7nJB0I9gz/VGKAk2WC112k=,/CG22W+oJyZKbDW6JMAO/b0DHiI=
27,10,oVYla7nJB0I9gz/VGKAk2WC112k=,JVugohsY1YiP92Q+6ohHxWOFtCI=
27,9,oVYla7nJB0I9gz/VGKAk2WC112k=,+MZ24AxVDR020afTGGAORSp7pL8=
27,8,oVYla7nJB0I9gz/VGKAk2WC112k=,lOhKMJOwxH371BOA7Msb5H5+y7Q=
27,15,oVYla7nJB0I9gz/VGKAk2WC112k=,6m7LHBb3Tdtli804j8Mh6lAsLiE=
27,14,oVYla7nJB0I9gz/VGKAk2WC112k=,Zmqfgc0QcqtY8cRzha/tkwJwIKM=
27,13,oVYla7nJB0I9gz/VGKAk2WC112k=,y13ExFerl6f5hJ8uMMaktSxR0j4=
27,12,oVYla7nJB0I9gz/VGKAk2WC112k=,NqNroa1h2YXniHlnFKT0Ez3ZNO0=
27,3,oVYla7nJB0I9gz/VGKAk2WC112k=,J25m+akMdDIHbsyE1L50K3GvwAE=
27,2,oVYla7nJB0I9gz/VGKAk2WC112k=,2HCQYsfc1q+TCNSPLNWOgtQbpxY=
27,1,oVYla7nJB0I9gz/VGKAk2WC112k=,smJXAmJXGkwPwR5B/Y5rIb4WZso=
27,0,oVYla7nJB0I9gz/VGKAk2WC112k=,ocNRvz8SJ66Ee9HWYxywuyA9/hU=
27,7,oVYla7nJB0I9gz/VGKAk2WC112k=,UwqgxuezE8jiwZ2/cHdyAJ7Q5Ls=
27,6,oVYla7nJB0I9gz/VGKAk2WC112k=,tzyNPB0M1okUKXyN4H5tvvgDIqg=
27,5,oVYla7nJB0I9gz/VGKAk2WC112k=,ukWEOCJFiAucQ0ZLX9MA53w65GU=
27,4,oVYla7nJB0I9gz/VGKAk2WC112k=,/JUPN37kT+wj6uJW6IP6KxOAgcQ=
28,20,oVYla7nJB0I9gz/VGKAk2WC112k=,FwKqIm+Wvfcr53fnk4ABnpMG7rE=
28,21,oVYla7nJB0I9gz/VGKAk2WC112k=,yakkpoZ2ov0dZ/FwBHPqoICWPOU=
28,22,oVYla7nJB0I9gz/VGKAk2WC112k=,xRwYHVvIG4B7p0pFrhyWmnGERDg=
28,16,oVYla7nJB0I9gz/VGKAk2WC112k=,9oVbRajw6JAkeXyx7eZrsMtq2ys=
28,17,oVYla7nJB0I9gz/VGKAk2WC112k=,1Kxcu4m7MRLKV+vFJjXkHKYoEgw=
28,18,oVYla7nJB0I9gz/VGKAk2WC112k=,capWg2LhCdHZ27dyEe9k6M1A9WM=
28,19,oVYla7nJB0I9gz/VGKAk2WC112k=,E5v5/CHR2y8HHArxTDQILigxjtA=
28,12,oVYla7nJB0I9gz/VGKAk2WC112k=,AHV8hYWhzIYP7+D6W+bnyAkJywM=
28,13,oVYla7nJB0I9gz/VGKAk2WC112k=,3r6nqqOgV2RBA6YQya/7V6LObq0=
28,14,oVYla7nJB0I9gz/VGKAk2WC112k=,3uBxG6dwUnF0FTdbS8/3zmQW820=
28,15,oVYla7nJB0I9gz/VGKAk2WC112k=,eZMV3vRRQq814UnpCFdri1M5e4U=
28,8,oVYla7nJB0I9gz/VGKAk2WC112k=,zdzD+XcHCTelTxIKpcKZ/OT2Ct4=
28,9,oVYla7nJB0I9gz/VGKAk2WC112k=,fFD926LOvn3LxIyLnDIBPMudyi8=
28,10,oVYla7nJB0I9gz/VGKAk2WC112k=,8chV7qTC8FQJFhKdT26lN7GAqoo=
28,11,oVYla7nJB0I9gz/VGKAk2WC112k=,t3loWz5AlMKWsn/Ej4Fe9z8J7q4=
28,4,oVYla7nJB0I9gz/VGKAk2WC112k=,appFtZLBCLdkgSUfQBCxHTKvnxY=
28,5,oVYla7nJB0I9gz/VGKAk2WC112k=,KyGyKpYnZmvNPdL/ILQwJo8L2QI=
28,6,oVYla7nJB0I9gz/VGKAk2WC112k=,GcvzIEH/DIBUEN7oRX4CgksCs4A=
28,7,oVYla7nJB0I9gz/VGKAk2WC112k=,Zp6L6XRXe2olNZoQ4qLIocehSK0=
28,0,oVYla7nJB0I9gz/VGKAk2WC112k=,HMBn8FDI1fsrHiWo5GoOa3wkbNk=
28,1,pfR6xsFbFOvMSxaMYLelivF5nhQ=,+6vUMccNjzZ2Ab/cdAbTewCbJlI=
28,2,pfR6xsFbFOvMSxaMYLelivF5nhQ=,7gQ9sL6FF9tqRcPS+sX8NO37TAg=
28,3,pfR6xsFbFOvMSxaMYLelivF5nhQ=,yLy4h4dK7SbK9uMCy/3esrG04OM=
29,21,pfR6xsFbFOvMSxaMYLelivF5nhQ=,TvyP3R08u/K5+GHzUpTZ9ysbbuA=
29,20,pfR6xsFbFOvMSxaMYLelivF5nhQ=,0AC4IS9lx9PAqYaZPOOOAA1THi4=
29,22,pfR6xsFbFOvMSxaMYLelivF5nhQ=,/9CAohwjMJgkMxxObb2iOGGR3J8=
29,17,pfR6xsFbFOvMSxaMYLelivF5nhQ=,Kguiw8R92xD/SRMKbXz7h3bkuR0=
29,16,pfR6xsFbFOvMSxaMYLelivF5nhQ=,oUFGw7e1M/+0h2LKSMaKjrZAdWQ=
29,19,pfR6xsFbFOvMSxaMYLelivF5nhQ=,dYXHtfucyx7YMuwpX4P3F9FnESY=
29,18,pfR6xsFbFOvMSxaMYLelivF5nhQ=,fOgKeqVkNnGiR6k2sKtM7L4tdFU=
29,13,pfR6xsFbFOvMSxaMYLelivF5nhQ=,ifdwXZfYlXyDvOPFi8CWZGpUvkM=
29,12,pfR6xsFbFOvMSxaMYLelivF5nhQ=,OMuJP3fAhamCH4+JUWEaHSzIHyw=
29,15,pfR6xsFbFOvMSxaMYLelivF5nhQ=,+z/yVif2RMF1Vf8n8pyuq2pIxNM=
29,14,pfR6xsFbFOvMSxaMYLelivF5nhQ=,bXGS7SHd5Z/EMpsZRcHSIlRtd0c=
29,9,pfR6xsFbFOvMSxaMYLelivF5nhQ=,8Etv5NsgwdqXfofe6OCUUqxxo0o=
29,8,pfR6xsFbFOvMSxaMYLelivF5nhQ=,q4KlsStFqhb49sltR0aC2hA20rU=
29,11,pfR6xsFbFOvMSxaMYLelivF5nhQ=,TvZHWMiCjLt4kDSQZuA6T0nAaQM=
29,10,pfR6xsFbFOvMSxaMYLelivF5nhQ=,4uDTbVyQTrA68+8bi4Q3E4z5dN8=
29,5,pfR6xsFbFOvMSxaMYLelivF5nhQ=,/rsFkFcLnJqkXEDEi0KuZh2mftw=
29,4,pfR6xsFbFOvMSxaMYLelivF5nhQ=,EqabrL7MEKnzygAytsZS7ZjvwVE=
29,7,pfR6xsFbFOvMSxaMYLelivF5nhQ=,ExOurbppLFjcVFglUQzZ78dapy8=
29,6,pfR6xsFbFOvMSxaMYLelivF5nhQ=,GcvzIEH/DIBUEN7oRX4CgksCs4A=
29,1,pfR6xsFbFOvMSxaMYLelivF5nhQ=,6seTlxuGpOfiFXYZuhJufuvxzZM=
29,0,pfR6xsFbFOvMSxaMYLelivF5nhQ=,p5iM+LrBYOTi2V7159X7TzY90R4=
29,3,pfR6xsFbFOvMSxaMYLelivF5nhQ=,kT6p+etAJUNqGU3niSKa/t1Jw/A=
29,2,pfR6xsFbFOvMSxaMYLelivF5nhQ=,IL7NV9oOnlgAldtMFJd0kZGVpVs=
30,22,pfR6xsFbFOvMSxaMYLelivF5nhQ=,aKFwaXCLUbzQVdzepQ86v1uQKWM=
30,20,pfR6xsFbFOvMSxaMYLelivF5nhQ=,mPr1erwy6y7Xo8tyYo8U57ZXmGc=
30,21,pfR6xsFbFOvMSxaMYLelivF5nhQ=,imNskVJ9Jb0hbaCQGxQt0cCIACI=
30,18,pfR6xsFbFOvMSxaMYLelivF5nhQ=,cOlWp/fsS62L4c0AjMyTJPJOVU0=
30,19,pfR6xsFbFOvMSxaMYLelivF5nhQ=,htvv56Y61cFRKEDsdgrdo68jkvU=
30,16,pfR6xsFbFOvMSxaMYLelivF5nhQ=,37V3xMymDziAXQ/gCl9joPZOrxs=
30,17,pfR6xsFbFOvMSxaMYLelivF5nhQ=,iZmTsdNlxcJiDs2SZPehCcbUIUA=
30,14,pfR6xsFbFOvMSxaMYLelivF5nhQ=,VzFsDRiatZLq0APoH9xjV8pyGw0=
30,15,pfR6xsFbFOvMSxaMYLelivF5nhQ=,oaRKnXZhBJXZNVlivLOWl6TPyMY=
30,12,pfR6xsFbFOvMSxaMYLelivF5nhQ=,PPq2fJtODRtm31Vwhi8bLtbrUmI=
30,13,pfR6xsFbFOvMSxaMYLelivF5nhQ=,e9ySrF5gjnSuYljNFxFm34SOaqQ=
30,10,pfR6xsFbFOvMSxaMYLelivF5nhQ=,9u9GavyX4NSWujdA2FRHog7lQN0=
30,11,pfR6xsFbFOvMSxaMYLelivF5nhQ=,ex6fbo+TXquNCUcbeMGL5M9K5g0=
30,8,pfR6xsFbFOvMSxaMYLelivF5nhQ=,eP4dSnyDlyhBv2YbCfBG5tBWvVQ=
30,9,pfR6xsFbFOvMSxaMYLelivF5nhQ=,+vSLlo7V0E8IUCvT5hzBlAn5vHg=
30,6,pfR6xsFbFOvMSxaMYLelivF5nhQ=,47DOM2bYCfftBgrzG0XpjhlAj+k=
30,7,pfR6xsFbFOvMSxaMYLelivF5nhQ=,OQotlepnhk8gMY3fQ928QFCggUY=
30,4,pfR6xsFbFOvMSxaMYLelivF5nhQ=,GAecbJ37zN3YvYGWTP0Fqyj1HoI=
30,5,pfR6xsFbFOvMSxaMYLelivF5nhQ=,eVosgJApGa05UyWdif3DtB0EPeo=
30,2,pfR6xsFbFOvMSxaMYLelivF5nhQ=,z7WHYS1A6hSpsAxPXtuWrEecL68=
30,3,pfR6xsFbFOvMSxaMYLelivF5nhQ=,6Aw5D4Za7eMef1YB4xZ7z6KkzbA=
30,0,pfR6xsFbFOvMSxaMYLelivF5nhQ=,POIe8Wz1kr7WX0tMb0KbW+08oq0=
30,1,pfR6xsFbFOvMSxaMYLelivF5nhQ=,tTyL6UEBBMebszRRSbG6ILRKUOY=
31,22,pfR6xsFbFOvMSxaMYLelivF5nhQ=,jYUoYbYRnJgHn96aZqUbCO+VOe4=
31,21,pfR6xsFbFOvMSxaMYLelivF5nhQ=,ekQ6oeWOFV9udGSim7AZnCtKySc=
31,20,pfR6xsFbFOvMSxaMYLelivF5nhQ=,woEcCVlFrs+lcydP48Bc65e/YbA=
31,19,pfR6xsFbFOvMSxaMYLelivF5nhQ=,wsrGXUsCges5TmT7jO1BDB6+WuA=
31,18,pfR6xsFbFOvMSxaMYLelivF5nhQ=,OIWEJiv6IJ36JxYDgLXb1BcXxfU=
31,17,pfR6xsFbFOvMSxaMYLelivF5nhQ=,CAVZZcZIy2JMrOOyjouwooJ4BXQ=
31,16,pfR6xsFbFOvMSxaMYLelivF5nhQ=,cNj2vCR36gs0mnpJtPq8hZMw/nQ=
31,15,pfR6xsFbFOvMSxaMYLelivF5nhQ=,01SETyebQigbkiy1iVun3cbLDAE=
31,14,pfR6xsFbFOvMSxaMYLelivF5nhQ=,UzTHRNhV9iy9kazREJdCw0GyBp0=
31,13,pfR6xsFbFOvMSxaMYLelivF5nhQ=,IXrnspZfu/iFKc9Jqh1oKPIwFZU=
31,12,pfR6xsFbFOvMSxaMYLelivF5nhQ=,iuS5SJxxlrJQTxUPy8FywI3lO1Y=
31,11,pfR6xsFbFOvMSxaMYLelivF5nhQ=,c/0CgCjo28Or5GUrMD1WzccbfWc=
31,10,pfR6xsFbFOvMSxaMYLelivF5nhQ=,a1Vbj7pwurUt+dLWbOLAMkspC68=
31,9,pfR6xsFbFOvMSxaMYLelivF5nhQ=,63ybNsGQWmkIWqYrJWCCIJdtOs0=
31,8,pfR6xsFbFOvMSxaMYLelivF5nhQ=,n7omZ2ZeX8Nas5FtUT1gFRAiDvk=
31,7,pfR6xsFbFOvMSxaMYLelivF5nhQ=,OQotlepnhk8gMY3fQ928QFCggUY=
31,6,pfR6xsFbFOvMSxaMYLelivF5nhQ=,/uVJ+bkTbI0oUNd4wNdxdTcslW0=
31,5,pfR6xsFbFOvMSxaMYLelivF5nhQ=,EBY5tPcmwZoYoRnFN6X/fjpNrOo=
31,4,pfR6xsFbFOvMSxaMYLelivF5nhQ=,jf4l+bLYTptKyvqcMpUbZslYOoo=
31,3,pfR6xsFbFOvMSxaMYLelivF5nhQ=,MFbITYCYis+JNGer252+Xt2AzTo=
31,2,pfR6xsFbFOvMSxaMYLelivF5nhQ=,z7WHYS1A6hSpsAxPXtuWrEecL68=
31,1,pfR6xsFbFOvMSxaMYLelivF5nhQ=,6Dnlzk0rzXXeFTA143BepFK3UQE=
31,0,pfR6xsFbFOvMSxaMYLelivF5nhQ=,Wd1sEdzg47S8mtNvu8RdA7Vx9og=
